Machine ID,Timestamp,Temperature,Vibration,Pressure,Humidity,Voltage,Current,RPM,Operating Hours,Maintenance History,Error Code,Failure,Hour,DayOfWeek,ElapsedDays
M003,2024-01-01 00:00:00,69.7433748566425,0.36477775205347907,93.98699698682879,,220.58575162455818,59.18579762084026,1489.8289532922415,1108.1769408599848,None,E00,0,0,0,0
M020,2024-01-01 01:00:00,,0.43731984357765763,,57.32384219306345,214.46103344111637,44.70962954061274,1626.5071512761047,814.3335053244618,None,E00,1,1,0,0
M017,2024-01-01 02:00:00,76.61379522944247,0.42935216506041984,101.80754155271242,45.28800735558576,226.41908123944404,50.42207629810737,1660.87189747524,1188.082497866621,Critical,E02,1,2,0,0
M011,2024-01-01 03:00:00,,0.35054168340951336,89.82642756560246,45.707937487838514,217.83835583669983,41.59311918131678,,1146.5126609467463,None,E00,1,3,0,0
M011,2024-01-01 04:00:00,68.78947707973973,0.18642810365498277,93.01794033242427,40.66805913881668,207.7961588325884,41.97656436170786,1435.529307698693,1174.8870177462188,None,,0,4,0,0
M022,2024-01-01 05:00:00,69.5810239384197,0.2725959393349285,93.50814010415984,38.9706995765054,218.43929422190936,39.11387980089996,1495.7473970426859,1040.7899474365843,Minor,E01,0,5,0,0
M003,2024-01-01 06:00:00,75.24678502930824,,98.55402553508085,33.96512364141237,221.5319183549457,,1541.4924222690386,780.2415359801341,,E00,0,6,0,0
M018,2024-01-01 07:00:00,67.03449455559203,0.24148240058002987,115.8775636583286,26.320206549132585,213.4519544187785,50.664804489243885,1443.6300316242296,1213.9558047125154,Minor,E01,1,7,0,0
M006,2024-01-01 08:00:00,69.5367960719099,0.3271315187989135,92.53450347501241,36.57063991072156,219.05455755912212,47.58012656606458,1439.6272706448524,1059.6541134444685,None,E03,1,8,0,0
M003,2024-01-01 09:00:00,72.53755660421061,0.37369364295823226,92.18433733491369,55.84863440808616,219.42813730680717,47.84102967674734,1432.4023981001133,1095.225859079357,Minor,,1,9,0,0
M014,2024-01-01 10:00:00,77.97563210893355,0.4528699487033057,90.93487763884924,39.90699668763388,219.55273684579345,47.60669505446507,1805.227272125622,1237.5844589366145,Minor,E00,0,10,0,0
M025,2024-01-01 11:00:00,68.37240830292275,0.30974862124819097,105.08435656993785,40.847775795671495,229.87713495772363,64.18194100046995,1467.4691136983683,1172.2566370263253,,E00,1,11,0,0
M019,2024-01-01 12:00:00,60.945693227815966,0.30495586036418093,99.66926722915919,40.61417760342423,209.50753711052232,40.90255880962297,1628.241073055415,1228.8879811069626,Minor,E03,0,12,0,0
M020,2024-01-01 13:00:00,60.500415194890735,0.34632879634531494,,59.93649198999281,236.27041967348453,40.04725344214077,1395.6717261859633,1041.1265479629596,Critical,E01,1,13,0,0
M018,2024-01-01 14:00:00,64.4435215997632,0.3745639078867071,97.09763532977334,33.85940915362395,219.73731743847034,43.23661925941252,1704.2130044939452,,None,E01,1,14,0,0
M020,2024-01-01 15:00:00,64.12099369080038,0.33920272208227337,93.66791759233838,48.324640060679926,224.6416898716197,49.42484132284008,1454.5719041525556,912.8803268939276,Critical,E00,0,15,0,0
M013,2024-01-01 16:00:00,71.07233544828054,0.42344878442200673,102.36713024951396,44.178406397158035,221.02269013230284,,1506.3572288642906,764.8233704102697,Critical,E03,1,16,0,0
M004,2024-01-01 17:00:00,,0.2940599316880069,121.47501285437069,,206.19181142587848,54.94870091108375,1280.0732674016883,844.0083752103316,None,E00,0,17,0,0
M021,2024-01-01 18:00:00,67.78347024107278,0.358411265336533,104.40691524553789,,211.547378760113,57.55710653095831,1633.9921175655793,929.3241984163927,Minor,E04,1,18,0,0
M012,2024-01-01 19:00:00,67.3554846901077,0.3811648897172913,99.2560918791411,45.68597928321684,215.8057929628977,49.134089071662466,1659.9863793521722,,Major,E00,0,19,0,0
M013,2024-01-01 20:00:00,69.35695283491204,0.32198370330659,94.68019610009638,54.51626263981103,227.94975854493572,46.82943104074557,,522.9173105404406,,E00,0,20,0,0
M010,2024-01-01 21:00:00,79.93502598913874,0.40877969555919763,,44.64891206444485,208.92543091400228,63.06768555961843,1640.9765066494822,1401.384362294422,Major,E00,0,21,0,0
M005,2024-01-01 22:00:00,75.9716855365831,0.3604270978869644,105.86951785122429,65.93251672110837,,27.726332984427817,1339.5254868675256,,None,E00,0,22,0,0
M024,2024-01-01 23:00:00,72.09677649165603,0.40521919992065913,105.43483342693057,,221.31880672222604,50.50207217955318,1575.848061540867,1423.081633116022,Critical,E04,1,23,0,0
M020,2024-01-02 00:00:00,69.23384231651497,0.36358728756341824,96.27119202647356,24.558397408796765,223.7828515822635,53.44005555595154,,1006.7612405265403,None,E00,1,0,1,1
M017,2024-01-02 01:00:00,69.40060406026187,0.37634832000410595,109.70667186354095,52.65972429772478,223.541767014652,64.98947201901532,1660.3504651657775,513.4255618379143,Minor,E02,1,1,1,1
M011,2024-01-02 02:00:00,73.9664788197117,,100.16885551108068,49.70516166311738,212.12795909021028,36.715470625158034,1529.9029761298148,1276.7775814137842,Major,,0,2,1,1
M021,2024-01-02 03:00:00,75.50501444011374,0.30584598063661433,106.19808588316108,45.39054038114309,207.21606911846928,46.638898892565145,1611.7761886091357,557.0772721849142,None,E00,1,3,1,1
M014,2024-01-02 04:00:00,66.5542949633964,,102.36957601626409,41.885144212546265,224.31247714570426,39.139118391106194,1648.5308003393257,1165.3362621706815,Minor,E01,0,4,1,1
M012,2024-01-02 05:00:00,72.21888453368538,0.39448573111642327,98.58291296097889,20.0,231.46499153231784,35.61378905938983,1465.0762179193491,880.1681692128496,Minor,E02,1,5,1,1
M012,2024-01-02 06:00:00,59.810282588021835,0.27839243836443184,92.36092310954011,21.637871252811898,217.23758707699452,48.36379445898861,1496.5316082186807,287.7621344940639,Critical,E01,1,6,1,1
M006,2024-01-02 07:00:00,73.27028270502358,,98.83570726109863,64.77023064596978,210.84250812412773,56.66475006089926,1366.6581898577242,1792.2136413411706,Minor,,1,7,1,1
M003,2024-01-02 08:00:00,76.57289545175212,0.18383567625252015,106.73640535115878,37.97396876280736,216.56095742028126,59.647756706648806,,697.678440905925,Minor,E02,1,8,1,1
M014,2024-01-02 09:00:00,70.31958823871474,0.3098241885410408,95.93491910480458,56.5874451306265,223.15250058707784,45.74501753908608,1731.2487548345823,1057.6835820476585,None,E01,0,9,1,1
M023,2024-01-02 10:00:00,,0.4172719373633934,103.51793116482543,25.763600721114457,218.13485474578692,55.33220992425271,,1148.4117515085902,None,E04,1,10,1,1
M002,2024-01-02 11:00:00,66.7125693153837,0.3412398087902188,91.33811294380797,32.43770045558081,231.2575491321185,48.41825041334419,1374.6480551630355,1011.8197324050909,None,,1,11,1,1
M022,2024-01-02 12:00:00,73.30464249181956,0.3582538868766222,,53.14369136258059,227.3997657552343,54.45259023298014,,1385.8320702320277,Minor,E00,0,12,1,1
M021,2024-01-02 13:00:00,71.78505152000427,,102.50353069191969,43.769987571616404,221.474704529634,59.235801981273795,1546.680381416711,903.6118419321976,Minor,E00,1,13,1,1
M007,2024-01-02 14:00:00,71.39821399533955,0.32254224673046933,90.383113929308,51.452006063872545,204.36541680296511,48.44615648520598,1599.6509377090997,1352.7632969686274,None,E02,1,14,1,1
M016,2024-01-02 15:00:00,71.31406699197152,0.3736790556679049,98.2078838118271,44.836409208842305,214.46189096927102,58.61579505940006,1558.863457827531,1327.401971839639,None,E04,1,15,1,1
M005,2024-01-02 16:00:00,72.64263018005683,0.3825702912778838,107.45152727454696,42.5079364319207,215.61582138923467,40.295781697165225,1550.371011689784,648.8993197860921,None,E00,0,16,1,1
M019,2024-01-02 17:00:00,77.0877524607822,0.41736489979340546,89.9277396747742,36.83947406190131,214.02707214681604,55.252084135752284,1260.274338902388,1294.3362113983583,Major,E00,1,17,1,1
M018,2024-01-02 18:00:00,80.26641741764847,0.33528195737586,91.43239809100052,30.671968128839993,221.5265701749194,58.26938618230787,1632.8351256993878,778.4110598763957,None,E00,0,18,1,1
M009,2024-01-02 19:00:00,71.98649853297506,,99.44402436170806,61.83241547678998,221.69153664828184,57.44167365298496,1229.4797459744436,733.7436932814636,Minor,E00,0,19,1,1
M002,2024-01-02 20:00:00,76.8918964330298,0.2567517799413096,117.06664584345755,63.80770927355857,206.60740105475824,40.519829501404026,1621.9185864822039,1316.2250342808845,Major,E00,0,20,1,1
M025,2024-01-02 21:00:00,67.78939832239931,0.33568349225787614,94.61937532768401,32.535564543069796,226.4367844964892,48.353512004490526,,1036.6584988324178,Major,E00,1,21,1,1
M012,2024-01-02 22:00:00,76.5957327163574,0.2616897456321541,103.96219199668397,,220.12898965061066,52.41740104178411,,,Minor,E00,0,22,1,1
M023,2024-01-02 23:00:00,67.42805085703806,0.22064909161362078,102.08108326081081,,222.86113130806888,53.54441952321115,1519.0081049708092,,None,E00,0,23,1,1
M017,2024-01-03 00:00:00,78.5439596165288,0.2740374440922595,95.28384079787565,49.08522017835782,225.9586106789482,50.927007594943156,1625.2502316010698,628.7978524654918,None,E03,0,0,2,2
M020,2024-01-03 01:00:00,85.26384526435943,0.455607943546278,101.289066814279,42.81818150451997,213.86424224527866,61.43349025667878,1501.9377663235061,1496.2471558416803,None,,1,1,2,2
M019,2024-01-03 02:00:00,71.26749667217165,0.3310607158940706,96.41732270324036,50.99424078297265,230.07124551452657,,1533.7112015723567,1314.0065571680493,Major,E01,1,2,2,2
M005,2024-01-03 03:00:00,58.84473905515555,0.36539141541163556,97.1375616790679,44.40901262866361,,48.077993328134646,1548.571211660755,965.3448915546013,None,E00,1,3,2,2
M010,2024-01-03 04:00:00,68.71156240053107,0.31405526241613607,86.70982477781493,43.6244263026092,232.10037781253547,36.497823199688824,1725.4370735085804,,None,E01,1,4,2,2
M012,2024-01-03 05:00:00,79.39125080573582,0.22466142863836713,99.80451012106943,73.95694484123842,212.8485405177506,54.96999048163116,1572.0330092004278,1507.6570677528603,None,E03,1,5,2,2
M013,2024-01-03 06:00:00,,0.4155279187450795,107.1927480529804,38.697560980856316,231.5059728554471,54.43695557952228,1341.9776588570753,1072.1555740250844,Minor,E00,1,6,2,2
M002,2024-01-03 07:00:00,73.49348159205017,0.19794613021010876,100.45940619823749,64.67936271389456,212.76812780505955,76.78882692573006,,2046.103791512595,None,E02,0,7,2,2
M014,2024-01-03 08:00:00,,0.3111645126245839,108.72406208657944,62.36235681217037,240.3902502928447,58.21087726708666,1571.7604813971693,1796.2771985883494,None,E00,1,8,2,2
M004,2024-01-03 09:00:00,74.90672063549053,0.3461769583404957,104.64261956756013,51.04912207901579,212.38532989292722,52.65092112922684,1651.16951323209,,None,E00,1,9,2,2
M019,2024-01-03 10:00:00,79.30635112470682,0.36613427504008983,99.52366954935825,,228.45269376364314,52.03916060539069,1413.3388684449335,1108.80500383196,Minor,E00,1,10,2,2
M018,2024-01-03 11:00:00,77.51654205988191,0.2991471276829791,,45.372689884355545,217.10084621046,47.46711271498843,1768.7853139596048,1126.1306082599087,None,E00,1,11,2,2
M024,2024-01-03 12:00:00,81.13020271642175,0.22134269618615177,96.10989027710876,38.823662911253436,225.72017906933237,,1521.0724565878024,959.7386431073095,Minor,E00,1,12,2,2
M019,2024-01-03 13:00:00,74.15277650343752,0.2939234695365193,88.23591620850303,45.241088297285685,219.67579946299466,52.20999169275104,1550.4680883091876,1250.0886789099072,Minor,E01,1,13,2,2
M010,2024-01-03 14:00:00,77.43155640896373,0.29758694086662363,97.8633688792134,,211.2701569970983,34.28192529617956,1349.5111807127832,,Minor,E00,1,14,2,2
M025,2024-01-03 15:00:00,70.15723756148529,0.29588345533914434,,,197.62535874150063,51.575308724055986,1633.8571898163539,660.2087586601501,None,E02,0,15,2,2
M011,2024-01-03 16:00:00,68.39123513064597,0.4179041013145322,113.72336878239386,56.81982032533279,240.06066636954316,50.80807654699793,,1457.1116325958005,Minor,E00,1,16,2,2
M009,2024-01-03 17:00:00,82.24060584251384,0.26504780553026003,104.22656258623101,59.040291624803295,220.5841938049201,64.03210621380921,1410.4940602350332,1573.4204292753925,Minor,E00,0,17,2,2
M023,2024-01-03 18:00:00,73.29722805793612,0.3710685492106711,93.08116815889619,40.41385540338559,196.45175937653553,48.94662592158012,1461.9368496943987,1428.8707447806191,None,E00,1,18,2,2
M010,2024-01-03 19:00:00,76.82928339517427,0.3610807926052541,,32.28689877543872,,43.875637169363806,1665.9333013974326,1148.0220758210755,None,E01,1,19,2,2
M002,2024-01-03 20:00:00,,0.4172318554230169,98.34758330236342,49.22017699764942,225.5166932522386,52.148256656639724,1555.889126843943,1412.252210215192,Critical,E02,1,20,2,2
M012,2024-01-03 21:00:00,68.48090609448022,0.3406807689784148,106.49411557462199,66.0728918657849,214.27935373188802,50.59478457505043,1393.3097716351094,1719.7123960624367,None,E02,0,21,2,2
M020,2024-01-03 22:00:00,72.06589735549441,0.4053791677038291,98.2350693064449,45.832675615362405,214.33316369677115,48.95519501501317,1436.3545234143564,1176.7223231069233,Minor,E00,1,22,2,2
M005,2024-01-03 23:00:00,80.61596410660628,0.3379445903334131,104.33587340004476,50.4275650333452,219.84126522368013,39.76808951362713,1669.1479889978557,1209.4440738985782,None,E04,1,23,2,2
M012,2024-01-04 00:00:00,75.33144044567655,0.380407476860936,98.55099640598249,42.18091864941603,,48.75184400952523,1471.6342781745423,2053.017961266247,Minor,E00,1,0,3,3
M004,2024-01-04 01:00:00,61.73116104161725,0.24479412389269312,105.7360034777248,38.95835752925085,220.79968095858422,45.36646502212788,,1322.8975139346148,None,E04,1,1,3,3
M018,2024-01-04 02:00:00,70.70853326054308,,87.22193581835471,52.899311263253985,231.7058024347399,48.26814800870135,1596.6178842798608,797.0824115322446,Major,E00,1,2,3,3
M012,2024-01-04 03:00:00,82.69376275622827,0.37642827974960974,112.8334569611688,43.72719879193361,229.04975338024192,55.8572257855288,1089.7454807265667,1549.1884998738778,None,E00,1,3,3,3
M009,2024-01-04 04:00:00,70.71721882890026,0.38018281882274607,91.10013241421032,49.84227493835196,218.16972180589192,44.60388528603313,1651.7269137699725,1360.7767605488,None,E00,0,4,3,3
M006,2024-01-04 05:00:00,61.197127849594914,0.3832851633206318,106.34985863783822,51.09008228732433,207.43580992645462,48.23014013600366,1397.7178214949927,937.8331894215356,Major,E01,1,5,3,3
M015,2024-01-04 06:00:00,83.35829331253527,,97.82252804264836,,218.18663328962919,54.32963973553191,1456.7294220026647,758.4191223426338,None,E00,1,6,3,3
M017,2024-01-04 07:00:00,76.09435505887676,0.4542805576547261,99.0733767970648,,224.21185920316017,47.84478172702052,1684.7183174338288,,None,E00,0,7,3,3
M024,2024-01-04 08:00:00,71.5799228471232,0.3178085528984084,98.0711847522388,34.7639312068789,220.47914781103574,70.87348789759592,1673.6309635501839,1175.9596122062392,Major,,1,8,3,3
M011,2024-01-04 09:00:00,69.77149358350759,0.37946153137706584,102.04483668041195,34.03164772383802,225.07539865353036,51.99093200730444,1559.1335884249854,702.3000831091767,Critical,E00,0,9,3,3
M005,2024-01-04 10:00:00,78.4941115787504,0.3916245357502855,103.66019634624716,44.488540720712926,226.90735980919777,40.064823741793305,1587.4126737737736,1164.610496111869,None,E01,1,10,3,3
M021,2024-01-04 11:00:00,68.74809959864284,0.4703118111824377,108.46689209458455,44.77726415686503,224.2468684273271,43.28557805538855,1617.3554067332007,1139.424594779596,Minor,E03,1,11,3,3
M016,2024-01-04 12:00:00,78.88953854709592,0.32780792661471164,111.26359106077902,38.732126079364456,,42.48052169130132,1671.6129533347766,1175.034207161366,None,E03,1,12,3,3
M018,2024-01-04 13:00:00,75.25317171434554,0.3042764965639593,102.65457237421361,47.89200355697611,224.1590677999361,,1686.8902328553324,1396.6358706394954,Minor,E00,0,13,3,3
M003,2024-01-04 14:00:00,73.4680915529241,0.24512982309092735,113.70939391334643,55.89860917000848,237.88387385223152,,1512.9242677944155,495.242581483296,Major,E01,0,14,3,3
M008,2024-01-04 15:00:00,72.87308883201358,0.4586656904663731,100.74378034257983,59.250142489841835,208.08096351463192,41.14792434959389,,755.1485484041319,Minor,E01,1,15,3,3
M020,2024-01-04 16:00:00,70.95019177971493,0.3794987634933978,108.61952289802339,61.94714247176587,,47.350353949318176,1469.3816742715635,1005.2218670296564,None,E02,1,16,3,3
M021,2024-01-04 17:00:00,78.2738407212556,0.3817142774126011,103.42975738324918,29.22238004331378,234.65602628044587,59.14197526608547,1515.2640078895809,1730.471634568488,None,E01,1,17,3,3
M011,2024-01-04 18:00:00,66.807943007389,0.5681692968926744,95.60636294859708,31.044017115498896,210.6032800313245,45.84182276358193,1493.6319154103105,2147.1127343393596,Minor,E01,0,18,3,3
M021,2024-01-04 19:00:00,62.26844923901874,0.37275313188304093,101.44987323503875,41.524255278700245,228.00880073476733,55.37189250247706,1378.533368934595,1201.9371823256672,Minor,E00,1,19,3,3
M022,2024-01-04 20:00:00,75.68664073735485,0.25883750164299774,104.025375020073,45.963438492088514,229.077737956533,,1552.415300886135,1218.217992775929,Minor,E02,0,20,3,3
M010,2024-01-04 21:00:00,75.78742996840289,0.33628674975049166,99.74241494877914,42.138983953716135,208.1852307607291,47.03507956700806,1311.8654792684451,222.65389824287604,None,,0,21,3,3
M023,2024-01-04 22:00:00,74.8814469150706,0.2817652313805942,103.30285214398045,38.368328037809405,225.69889371534552,42.91243690047364,1510.2464970619449,1561.7849454240736,,E00,1,22,3,3
M008,2024-01-04 23:00:00,,0.3222892123792059,106.92290367461516,41.346981117631536,217.82947279071095,52.39816765273839,,1379.8575813482162,Major,E01,0,23,3,3
M006,2024-01-05 00:00:00,70.07675772997472,0.32181872780717746,99.81301486403285,50.79976586919004,219.51643362792117,41.721774978330416,1513.828888224354,1313.254331554405,None,E00,1,0,4,4
M018,2024-01-05 01:00:00,76.72489622631315,0.3089082926253065,76.44889865054014,,217.40036219824242,,1602.145775925139,701.5147056545557,Major,E00,0,1,4,4
M016,2024-01-05 02:00:00,71.72665123947276,0.2524702246251222,113.42616121194696,73.12028607104523,230.50151273147705,36.88492084732126,1586.232727173497,1991.955185127656,Minor,E01,1,2,4,4
M004,2024-01-05 03:00:00,69.07731863510894,0.46147511435706073,97.61926855823737,45.25192252061159,219.10303183680458,59.08624915102993,1766.7214007386688,1808.2171756134244,Major,E01,1,3,4,4
M021,2024-01-05 04:00:00,70.1286521264676,0.37091936311068757,93.41375823334161,57.610168730744704,,57.02621668483399,1437.8745859414862,1317.7414605999663,None,E03,1,4,4,4
M005,2024-01-05 05:00:00,84.12383819265499,0.3342169575709833,91.00711763477746,38.039941260425906,216.4289958932623,,1533.5199797341504,1596.7979024762037,None,E04,1,5,4,4
M021,2024-01-05 06:00:00,61.590143507727404,,97.30843278133084,51.89219511029722,217.2720803528873,50.43546602809593,1525.8284127483112,1220.4439827833523,Critical,E00,1,6,4,4
M001,2024-01-05 07:00:00,74.99872862577479,0.38297470923945737,95.49801734946415,46.20109287394291,211.3637158405557,64.8396693652526,1520.1823637628988,,Minor,E00,0,7,4,4
M020,2024-01-05 08:00:00,61.9253374342577,,94.10392428892247,55.281700726659516,216.22292753944419,69.76771111528976,1348.217491853452,677.0992768909753,None,E00,0,8,4,4
M020,2024-01-05 09:00:00,71.35059997006216,,,42.61623698611498,220.94135699762737,48.34186649381774,1357.9828908833433,290.516298152172,Critical,E04,1,9,4,4
M020,2024-01-05 10:00:00,69.39823508907487,0.35937543206310596,104.23794259247857,63.61876280507614,223.23505135986008,,1500.7759763969577,692.2033913379139,None,E00,1,10,4,4
M017,2024-01-05 11:00:00,59.489830219920734,0.3969155019894114,116.24290752802482,27.09532983015547,229.63231246274245,45.5807982579764,1310.892729826536,877.4069634495916,Major,E00,1,11,4,4
M012,2024-01-05 12:00:00,74.33422554260258,0.40271786106144425,106.5645727841192,56.39248596237628,221.92783119633407,40.64570081660248,1459.8953573951203,942.5749864916326,None,E01,1,12,4,4
M018,2024-01-05 13:00:00,69.71977162684682,0.3613903114522962,108.98078547803657,46.42463706639658,216.20424216322505,53.7049020341166,1422.295247940846,1379.2451135140482,Major,E00,1,13,4,4
M007,2024-01-05 14:00:00,59.40476194463254,0.3345723854552719,96.98071974842608,32.78007961952468,211.91168004948034,51.99697922388301,1464.2427072409657,1097.0646804338287,Critical,E01,1,14,4,4
M020,2024-01-05 15:00:00,77.03740854464552,0.4571278461017736,100.83732292440462,68.42479044056532,,37.11822970891965,1635.8792346720413,,None,E02,1,15,4,4
M014,2024-01-05 16:00:00,,0.31654689221585963,103.41185923384229,67.18437271881095,219.0610337539373,53.6480158815173,1370.5997264309049,726.1560853276212,None,E01,0,16,4,4
M012,2024-01-05 17:00:00,80.94074605377943,0.3773919520299142,94.72353685085784,20.11355106211854,,52.265118824448,1604.3758980671898,691.533580521297,Minor,E00,1,17,4,4
M013,2024-01-05 18:00:00,74.15373864390882,0.37897358875173465,96.59415943560707,47.1214126481499,222.1002361371848,45.190042499667264,1431.4454771089434,1216.4413494537257,None,E00,0,18,4,4
M015,2024-01-05 19:00:00,72.2763488314627,0.3073309503415455,106.8364156666646,53.46795065676884,224.15511264995783,,1446.389672553489,983.1579845952016,Minor,,1,19,4,4
M001,2024-01-05 20:00:00,79.96893972537478,0.29345243302819546,,50.30045769981378,,53.39023813928165,1555.8654787186433,1201.8261512281124,Minor,E00,1,20,4,4
M004,2024-01-05 21:00:00,82.09430151204059,0.3252303585391104,100.53928215612207,63.186355299341194,218.63585517404238,62.87105324144516,1467.102179985291,1417.75974607421,None,E00,0,21,4,4
M007,2024-01-05 22:00:00,78.80141221725376,,90.4387425537702,60.691592490175374,213.58894556765256,53.187165037243226,1392.90386784227,1855.7944487022064,Critical,E00,0,22,4,4
M003,2024-01-05 23:00:00,66.3507743866212,0.2479308606852794,97.63526413425873,48.18224827580618,215.0977218489917,56.24387401002208,1455.566723473932,1191.819129765906,Major,E01,1,23,4,4
M011,2024-01-06 00:00:00,73.20806911928953,,88.46935092395303,72.32524334893964,226.78607860100342,43.34242885088113,1286.803959387195,1925.3375601065422,None,E00,0,0,5,5
M017,2024-01-06 01:00:00,74.63709686574857,0.3686356089244193,100.60161927867782,56.242158272490926,216.61131009282624,46.6858208833906,1545.7421423760395,1362.5099296843907,Minor,E00,1,1,5,5
M017,2024-01-06 02:00:00,,0.4386160508904019,102.04322489017135,40.78302605786493,209.2316576605003,54.8641341830884,1127.7779963552262,,Major,E00,0,2,5,5
M012,2024-01-06 03:00:00,74.81616395772464,0.3888073934621543,97.83431663169779,38.37182886205978,229.27659745209786,39.13324092280748,1606.5623499604142,1621.234040773948,Minor,E00,1,3,5,5
M022,2024-01-06 04:00:00,85.63795095587633,0.16803258511408328,101.93368977906563,59.920098035683296,212.46097206215344,51.65761358642808,1573.8314341326318,1487.8986316578694,Critical,E01,0,4,5,5
M015,2024-01-06 05:00:00,,0.3948912600330129,103.3352099126707,35.4845492816347,220.2819768304562,53.94738426557965,1692.1721752994458,879.3172712564966,None,E00,1,5,5,5
M002,2024-01-06 06:00:00,80.84047848865053,0.3109293749872997,102.05489634325698,40.08314064649827,223.9293046816756,49.6917272003074,,1633.2220164410423,None,E00,0,6,5,5
M020,2024-01-06 07:00:00,,0.3817156052281434,90.38775766162456,42.12513730254182,220.02574700430222,52.55497625950614,1612.292515159104,1050.366963117731,Minor,E01,1,7,5,5
M015,2024-01-06 08:00:00,71.56069005609707,0.349010531855256,97.97388539589845,49.26784071931381,200.17489683430773,50.46255878227018,1424.711395995378,1320.6754878689746,None,E01,1,8,5,5
M016,2024-01-06 09:00:00,74.28762834048585,0.33651186617392204,103.27874382613014,42.67849964446102,223.1239039728538,45.022707178177356,1760.7146862474506,1253.140483453801,None,E03,0,9,5,5
M015,2024-01-06 10:00:00,67.1050401120934,0.3428434990426501,112.629694170448,29.196349242238337,230.6117060010033,40.57514587003579,1356.7280088186662,1657.6385462643032,Minor,E02,1,10,5,5
M014,2024-01-06 11:00:00,66.21734887659368,0.3484302984211154,97.82459399809042,58.94495685588916,226.29225782399885,49.2774932056167,1271.6755640589543,1357.2267534117036,None,E01,1,11,5,5
M003,2024-01-06 12:00:00,79.59782734301619,0.44410834804631705,104.40672160358488,40.14721621457862,203.00804814403625,60.436048027148814,,645.5357978032653,None,,1,12,5,5
M014,2024-01-06 13:00:00,80.2340540571991,0.34862378690404383,107.0252152953906,69.2392232255939,237.0179545840216,58.195045847417006,1572.1869819928845,2036.6627032255667,None,E03,1,13,5,5
M020,2024-01-06 14:00:00,66.0533621064759,0.425987529322684,98.42697841301953,48.647880087118075,209.39318758452552,47.23734163597783,1274.901893206423,1533.9735407464686,None,E02,1,14,5,5
M008,2024-01-06 15:00:00,77.80799282732319,0.415793410609196,109.18726197989872,60.20648981282591,211.37264432284363,,1337.356895766603,,None,E01,1,15,5,5
M016,2024-01-06 16:00:00,71.47824014636387,0.3966931883308557,109.61739065144717,52.570338170169514,226.25502074829834,46.48230088450416,1566.154203732104,745.0803228320907,None,,1,16,5,5
M001,2024-01-06 17:00:00,,0.22493668259092253,111.04307787248952,60.780675257479515,223.62273160713855,46.483329046486844,1395.6042193763192,1579.7077790200672,Critical,E00,1,17,5,5
M009,2024-01-06 18:00:00,74.76131183661037,0.42816428593131245,103.66745735188425,51.84406795517319,220.64268084191846,52.30199538481752,1412.8621324917392,792.3734747676583,None,E03,1,18,5,5
M011,2024-01-06 19:00:00,77.96610280874592,0.3179469094105088,118.88109799726028,47.82202600790168,215.44475006242845,58.45985116293123,1735.9706920584076,1520.2867490063306,None,E00,0,19,5,5
M025,2024-01-06 20:00:00,72.49630921117914,0.40010090967523404,,58.1188091022782,,68.10247387972193,1757.783293827644,1627.6331432107763,Critical,E00,1,20,5,5
M006,2024-01-06 21:00:00,80.46097197181162,0.281922701673171,116.99262068943152,74.83166537510463,,43.36121983584531,,940.092937436082,Major,E00,1,21,5,5
M007,2024-01-06 22:00:00,73.85647703855955,0.2670448169687721,106.14639590926747,41.7624367367415,207.47346392300358,55.209442775312866,1481.9407814688734,904.4052810188949,None,E02,0,22,5,5
M011,2024-01-06 23:00:00,75.7451056348172,0.48834721157818395,110.72309866421375,54.53912385270017,229.8583995998277,54.33867522404843,1608.2946214395959,1011.9130456871328,Major,E00,1,23,5,5
M025,2024-01-07 00:00:00,67.00042445077652,0.28301118532133196,97.4396979636663,44.937060929878214,221.7542799437374,,1432.607205403026,804.4479499765047,Major,E01,1,0,6,6
M022,2024-01-07 01:00:00,84.951954064229,0.4302274647336223,106.7557976237101,51.07270824591642,,41.79192600757712,1232.3369799147765,1291.8274228771959,Major,,0,1,6,6
M001,2024-01-07 02:00:00,74.81894953922979,0.35828942250055645,111.4157933093149,45.505902690918404,224.5803889876466,52.20298477475745,1168.6164548049674,1348.911716600687,Minor,E00,0,2,6,6
M006,2024-01-07 03:00:00,76.27798455207059,0.320591595914788,91.30113085020902,20.0,239.1329819696455,,1491.1681995149543,1490.996854389399,Minor,E02,0,3,6,6
M021,2024-01-07 04:00:00,62.35088513273075,0.3468619780968855,98.69338974547665,42.59775938714188,217.52023782566218,52.15237683614903,1605.8254309039235,866.6703629215737,Critical,E00,1,4,6,6
M002,2024-01-07 05:00:00,,0.25892338524280817,,56.99466087370241,220.12874593056975,43.702147143060905,1501.919994550402,1535.9837474966066,Minor,E01,0,5,6,6
M022,2024-01-07 06:00:00,79.42730212751238,0.34903719342735384,98.57333618520674,35.81752052077715,225.75864515167834,48.741869530801274,1597.195292214558,804.9295803242038,Major,E02,0,6,6,6
M008,2024-01-07 07:00:00,73.72134670975562,0.2742081780272828,93.47193445231932,,217.56966171354634,40.878607783132296,1609.1800301608396,1535.7569312861071,None,E00,0,7,6,6
M023,2024-01-07 08:00:00,60.517321591026445,0.322318934398021,98.25785849626612,47.20330997268414,226.42110167064232,50.14808228714612,1666.324880124946,605.3362601687807,Major,E00,1,8,6,6
M008,2024-01-07 09:00:00,78.22973957390292,0.4147709694778703,123.38914686083727,42.70211362974949,196.4206954720986,,1522.3517460906442,1827.0959656094008,Critical,E00,1,9,6,6
M011,2024-01-07 10:00:00,68.73730317388366,0.367793347359036,113.74242805437758,55.86978462340041,219.4177339533946,44.45919932332804,1533.1050375566795,991.3934239544502,None,E00,1,10,6,6
M017,2024-01-07 11:00:00,80.46790191526027,,88.48441970639495,53.17237852277114,219.17606025066834,23.955119723235494,1495.5840569669024,1439.635544088689,None,E02,0,11,6,6
M004,2024-01-07 12:00:00,71.4729859283778,0.4096041688839709,104.44590641279524,50.04656485437642,218.8862782920949,52.215048582097936,1468.9916551620959,1471.3846000586109,Major,E00,1,12,6,6
M014,2024-01-07 13:00:00,73.22824011612317,0.34950301666636,106.3914486964739,57.190802433364965,212.98458441193242,45.98757951765617,1311.3564046634679,692.186273057195,Major,E00,0,13,6,6
M013,2024-01-07 14:00:00,79.07372747154989,0.31204703121134625,97.29682330636328,47.43717983506297,227.2489827083704,43.994641321724295,1640.6380907833022,1534.053265703946,Major,E01,0,14,6,6
M020,2024-01-07 15:00:00,66.61504217487203,0.4022673412736252,101.42646082526839,25.264007604131713,215.9644414098245,43.92558717308277,1453.9487714612355,979.70082830756,Critical,E01,0,15,6,6
M025,2024-01-07 16:00:00,66.04291915299636,0.3382955214116098,102.20785765931998,40.46254952241217,221.6021952005759,53.20201540557477,1447.0742009533576,1077.570551859606,None,E00,0,16,6,6
M017,2024-01-07 17:00:00,70.82100947761136,0.2684037062066001,89.22710901710512,23.34717092664161,,46.736752701388426,1435.0058466880805,931.911095789548,Minor,E00,0,17,6,6
M011,2024-01-07 18:00:00,76.96303679772733,0.4793466798014723,91.74936516731081,52.88837791450361,224.00291366283037,57.44356505936327,1339.1534602882339,1845.5174292460945,Minor,E00,0,18,6,6
M011,2024-01-07 19:00:00,64.01473648431906,0.3487898789976308,101.37837374752792,55.75439807151561,231.4476863912311,57.619613336863644,1489.734815274927,732.0100996833474,None,E00,0,19,6,6
M011,2024-01-07 20:00:00,61.99179240066542,0.34430303568624476,100.79522022385413,56.3004269055965,221.56083084170695,,,1372.1151122388494,None,E00,1,20,6,6
M021,2024-01-07 21:00:00,76.94232556226275,0.32164263797885867,94.33149827666185,50.869136390757646,226.73117621105195,45.83307219992184,1415.3654983966571,950.5355110081512,Minor,E01,1,21,6,6
M009,2024-01-07 22:00:00,68.38213012459798,0.4325976017620312,93.64499088116925,56.61510155267158,221.1589613747167,51.02166804295915,1624.5121328084258,1636.428858406284,Minor,E02,1,22,6,6
M005,2024-01-07 23:00:00,69.6466439224783,0.31325850443005715,99.28176600263035,26.080759940790468,215.95193444858808,48.83685454558245,1455.790637084135,2128.5417825083405,Minor,E00,0,23,6,6
M009,2024-01-08 00:00:00,60.859137588359005,0.24185140988318765,107.08920762386619,43.70919693846855,218.86753970752048,35.979890469018976,1316.0814982219658,947.861895639525,,E00,1,0,0,7
M001,2024-01-08 01:00:00,67.92612411388811,0.3024925636672815,99.38811383242503,,217.7316609486175,65.31283001647267,1664.8438050893606,1256.0235231650229,,E00,1,1,0,7
M003,2024-01-08 02:00:00,71.95459622021309,,112.9818466450852,40.70004464632933,224.5452970553563,55.71468597928483,1523.8155210314899,1045.9190976383088,None,E02,0,2,0,7
M003,2024-01-08 03:00:00,,0.4082492513019982,94.43343561869952,64.3950208311931,220.85321633815346,46.29211966777664,1603.593985476523,1615.2284750031442,None,E01,1,3,0,7
M020,2024-01-08 04:00:00,67.37261900259217,0.3321489043138097,,58.11884618825633,,,1606.4231584812367,1100.5192899233898,Minor,E02,1,4,0,7
M019,2024-01-08 05:00:00,81.94425672139498,0.44612785991483317,97.16563656716795,52.94742487769306,218.22430188709438,48.556545103449224,1386.4668229018093,1562.2089545576532,Minor,E00,0,5,0,7
M018,2024-01-08 06:00:00,67.8926638549212,0.40235595601753177,,42.820557256792284,207.79266640739132,45.29618543971713,1437.370347512872,1040.9076288655635,Major,E00,0,6,0,7
M012,2024-01-08 07:00:00,67.90144919048895,0.3313387445455775,93.74729694219843,33.07686258665302,,49.5154143753852,1624.1143290308232,2097.4949995054308,Minor,E02,0,7,0,7
M018,2024-01-08 08:00:00,,0.3383863101429244,115.41918203195004,47.24433220541315,220.010446943234,32.68903612576254,1720.2261018264628,,Major,E00,1,8,0,7
M005,2024-01-08 09:00:00,73.2687609141835,0.37305224123618036,86.47510077539195,58.328109981867684,234.4675856030875,46.222026864903576,1507.5943798415553,1350.7462405884019,Critical,E00,1,9,0,7
M023,2024-01-08 10:00:00,68.68785162593053,0.2917679135235329,113.72384191744197,49.91845787111081,,46.70942478047197,1424.7372147057972,1195.7834599530922,Minor,E01,0,10,0,7
M013,2024-01-08 11:00:00,71.06920121291644,,100.71990775287067,25.971710529785256,211.72740321882893,48.461797792689325,1701.8803377772767,1181.3060925444404,Minor,E01,1,11,0,7
M024,2024-01-08 12:00:00,80.11844146525236,0.3715959355229303,104.4193966539753,46.25533076539002,221.61415535465423,48.110338551401654,1424.8047755244115,1314.1576902142153,Critical,E00,1,12,0,7
M004,2024-01-08 13:00:00,80.79721691775408,,110.67619922473565,,221.75448251297664,50.418006662981874,1539.4764629297865,1223.373571031946,None,E01,1,13,0,7
M013,2024-01-08 14:00:00,67.09924092437846,0.33674757742024714,106.86129196132856,54.65020599727209,218.1565011778817,62.16941902783246,1448.6660560816326,1287.6153874500037,Major,E00,0,14,0,7
M018,2024-01-08 15:00:00,71.74539713952535,0.3287860670244018,94.15978489765551,36.68390702319942,218.66649180095027,45.87988650202375,,,Minor,E02,1,15,0,7
M013,2024-01-08 16:00:00,72.54094096600544,0.42196476139722255,104.80071644210082,30.322543201764805,217.16840205366242,42.71073635308059,1386.5457463265004,1899.592408591323,Minor,E02,1,16,0,7
M012,2024-01-08 17:00:00,66.08255933690042,0.2208852104332276,114.93979178107693,54.81516795278644,234.98166789506644,36.18135582941077,1455.0406826402493,100.0,Major,E01,1,17,0,7
M005,2024-01-08 18:00:00,71.66588968410004,0.32329457862074024,92.90166630271342,51.712534046207836,216.67052597252845,45.911110742663766,1424.7243315645837,1938.8318337608246,None,E00,1,18,0,7
M010,2024-01-08 19:00:00,72.03193716271021,0.3162771746844789,116.94742808955182,,,38.78999260827051,1579.468583074503,2223.9192073406475,None,E00,0,19,0,7
M006,2024-01-08 20:00:00,78.84125687362041,0.417204967474512,103.0856198877485,71.30049536581261,199.76775893016665,57.68077035686663,1519.5857340888126,499.5682463413475,None,E02,1,20,0,7
M008,2024-01-08 21:00:00,79.24455016986721,0.3469517401444575,96.53417782463794,52.61999803507147,226.58854706719885,49.231153354921766,1605.6240901382578,1219.1425590796102,Major,E00,1,21,0,7
M018,2024-01-08 22:00:00,70.02474360984596,0.47572662519566583,92.85368492313397,37.260516840871595,229.4740384580195,57.51571988005219,1400.9088055676846,1748.5170411173865,None,E00,0,22,0,7
M016,2024-01-08 23:00:00,70.71628113683514,0.396354936733447,98.2137034047338,51.2304464098193,211.58375976719503,61.72557645160076,1474.9858816143121,1567.413295077482,Minor,E03,1,23,0,7
M016,2024-01-09 00:00:00,75.98575381233381,0.3212843904067336,84.35777335143604,41.56707187924268,,43.07953706154005,1575.003785746241,1870.4838082701788,None,E02,1,0,1,8
M010,2024-01-09 01:00:00,68.48886930643793,,96.6780442475297,60.201105862764024,223.61202816101104,47.22112191882552,1603.0440180380665,1348.777322444746,Minor,E04,1,1,1,8
M024,2024-01-09 02:00:00,75.53184091042442,0.3252151833441379,97.8965820491551,48.37172648196514,220.15568555529958,60.65349441229715,1326.5059013309576,386.8826608034535,Minor,E00,1,2,1,8
M003,2024-01-09 03:00:00,71.47256107578471,0.4101577263343294,91.40469080710065,49.559079441605384,223.7309567241538,51.5137406350168,1538.1355208757193,1721.8517915012708,None,E00,1,3,1,8
M009,2024-01-09 04:00:00,66.18360853356828,0.25674616006962914,105.98276155923487,27.69157907765647,217.70207148340185,54.172079495983155,1402.4099769594707,1454.1902807929994,None,E00,1,4,1,8
M003,2024-01-09 05:00:00,66.25897972272212,0.2923412816400066,98.2498696976849,45.736219434035426,234.90612309641216,58.26382057175801,1609.1161153764856,1786.537414822537,None,E01,1,5,1,8
M009,2024-01-09 06:00:00,80.68235217618661,0.3818982942988445,94.91364364308458,44.32480974881689,214.64207894288793,57.17211722931229,1723.2605982669006,586.4040007403155,None,E02,1,6,1,8
M025,2024-01-09 07:00:00,71.0614711251402,0.43580295141065345,97.39732851945165,32.70943853747339,241.53259770438572,53.28287642632831,1186.5698225258993,713.6041282060247,Minor,E00,1,7,1,8
M010,2024-01-09 08:00:00,81.84212456338986,0.19586219827025605,102.84085978652678,42.34198216333386,229.9353913387931,61.17089188142395,1421.2862216928256,,Minor,E00,1,8,1,8
M023,2024-01-09 09:00:00,68.91818243571053,0.4462129851193291,100.58576968373595,50.22902932300894,226.65692229907458,49.45396553129507,1531.6524894719018,1733.2375896901092,None,E02,0,9,1,8
M013,2024-01-09 10:00:00,73.74723120678897,0.34019054101003954,94.39219929529938,44.94780480787184,211.67617892514158,54.15531518606281,1499.5386896416423,1844.6356615664492,,E00,0,10,1,8
M018,2024-01-09 11:00:00,86.35606033810944,0.21812875266439855,101.00522779232355,28.0548037009916,227.27745906955977,,1612.7581101801202,909.7016090347299,Minor,E00,1,11,1,8
M012,2024-01-09 12:00:00,65.65567953202033,0.13987905106774626,99.59459233946994,41.72139800163668,224.8315074454449,58.1644133525928,1509.487730254083,1037.4245200049677,Critical,E03,1,12,1,8
M007,2024-01-09 13:00:00,60.61311300060134,,90.88428621480949,39.38370253152151,,44.39388289663428,1436.4310796201805,,Minor,E00,0,13,1,8
M020,2024-01-09 14:00:00,79.7195407877234,0.3486206600908219,97.69196245194192,47.32216227637419,208.76319754223022,36.5371492953634,,978.8882810414403,Critical,E02,1,14,1,8
M025,2024-01-09 15:00:00,67.03914536764155,0.34538713735337806,,,222.86102341132397,55.2393982993612,1357.3758992279027,1470.1390331124692,Minor,E03,1,15,1,8
M007,2024-01-09 16:00:00,71.8757618153626,,104.57710607917207,40.06064325465784,218.93360222667351,41.838891739754295,1410.8700239810996,1019.2626008663593,Major,E02,1,16,1,8
M020,2024-01-09 17:00:00,68.48449073729049,0.3115358975707325,98.16028534077284,39.592038678919785,215.86817432359337,41.04605871213565,1432.1882416732494,,None,E00,1,17,1,8
M007,2024-01-09 18:00:00,73.6089766857319,0.27243716174876803,,45.806671055814,228.6315935556437,60.11943947584324,1546.0502861449338,853.4667437130796,Minor,E01,1,18,1,8
M018,2024-01-09 19:00:00,66.29678275688555,0.3210839528637375,92.16035602412303,56.55572105983875,212.9297656926454,57.7302364095294,1481.1927690929115,864.8656731830013,None,E01,1,19,1,8
M020,2024-01-09 20:00:00,70.92035947270017,,92.4080972944534,48.34368627249823,216.35807245587154,47.25999415323763,1421.8927195078877,1051.686813613585,Major,E03,1,20,1,8
M012,2024-01-09 21:00:00,74.6988919593392,0.3661540956468694,97.98996029365055,62.07683190348857,214.82376169586436,25.636294981753714,1378.8820436548492,,Major,E00,1,21,1,8
M019,2024-01-09 22:00:00,65.95014668235443,0.29475847105093156,111.98052908869708,58.59829174610269,224.08135406303782,54.26592111392898,1415.6845954884443,1078.3533245130773,Major,E01,1,22,1,8
M007,2024-01-09 23:00:00,67.79949582212467,0.41310126902347516,,62.96018995450982,206.24433440143193,55.3000389805082,1432.3160623370136,1410.3405705348234,None,E02,1,23,1,8
M002,2024-01-10 00:00:00,69.9157029984088,0.30650222597931764,97.79707352267383,61.42353182163667,216.01862518519675,54.13449067890909,1410.2249158115053,1956.1513866868504,Minor,E00,1,0,2,9
M003,2024-01-10 01:00:00,63.427107394642334,0.2891197846372567,112.35310400965318,63.755394200888674,206.2178782346985,53.7668279271777,1580.7735340528632,963.7979834168003,,E01,1,1,2,9
M012,2024-01-10 02:00:00,69.46463410320752,0.3120325943372197,97.7044925183717,31.162286274345192,217.49699619806483,48.548886622832214,1664.1653260610212,804.6136581327457,,E00,0,2,2,9
M023,2024-01-10 03:00:00,,0.4252388122991825,117.87786589828795,52.76911533492562,225.78439207806016,,1358.8724843785676,1203.803707139557,None,E00,0,3,2,9
M004,2024-01-10 04:00:00,,0.3407042482941538,95.90973501103403,59.61984663436676,225.92717196197688,41.1507050430961,,859.4614157792508,Minor,E00,1,4,2,9
M012,2024-01-10 05:00:00,,0.30138405478511593,91.9061701659896,61.788327862279424,214.17921333786023,44.420826594505634,1583.1884085754643,545.946684312553,None,E00,0,5,2,9
M018,2024-01-10 06:00:00,71.8805899745605,0.41482754253139803,98.669104201185,35.75137424383257,,52.57187727953471,1521.5842348940412,1625.7064116082322,None,E00,0,6,2,9
M006,2024-01-10 07:00:00,68.06553922540611,0.49999239779641225,98.00732591330386,52.888566299177256,218.51869262204048,52.7034156071601,,1232.2025354160423,Major,E01,1,7,2,9
M019,2024-01-10 08:00:00,76.14637539520126,0.3646777844016263,93.53824018920574,45.90243677940503,230.88867978462727,56.318596392695866,1479.5678127181982,,Critical,,0,8,2,9
M008,2024-01-10 09:00:00,80.61586874881066,0.43636897226058036,120.81579262526749,67.16472279609134,218.9602971082084,38.74854995703903,1548.2276488837526,429.13431224915587,None,E00,0,9,2,9
M021,2024-01-10 10:00:00,69.2137176468273,0.42252545654023527,102.549012542442,,196.21562110173423,36.726194842426075,1514.846857434859,966.0951062962246,Critical,E00,1,10,2,9
M015,2024-01-10 11:00:00,74.91118938886625,0.30760521738391666,103.71399658937267,35.768525022925616,227.15744806968777,46.96235910068171,1505.9222048672711,,Major,E01,0,11,2,9
M014,2024-01-10 12:00:00,,0.35186439263333624,96.30496586290462,23.27239410045186,216.3272064060873,41.84041883643728,1555.0798377358742,1191.8120411389502,Minor,E00,1,12,2,9
M005,2024-01-10 13:00:00,74.19292407023103,0.2602218759207209,95.37864492203896,46.735395444396985,217.80640038280453,51.48789965190289,1505.570617303299,1253.7299675572658,Major,E01,1,13,2,9
M012,2024-01-10 14:00:00,81.39467718721953,0.3356540413546855,108.2044668457416,72.16608323123582,222.68738777792402,39.520987059680806,1555.9341042143192,1253.4397130940283,Critical,,1,14,2,9
M022,2024-01-10 15:00:00,75.05195725810859,0.3061666741611993,86.59326581928191,44.467900577600496,208.6023366954021,59.44185714072051,1419.6215880688587,933.221622115904,,E02,1,15,2,9
M001,2024-01-10 16:00:00,61.359512767141915,0.3217979829977055,90.85708421767706,46.21239987029105,220.5972285990292,43.42351713248328,1423.3704178228757,858.8117279007964,None,E01,0,16,2,9
M019,2024-01-10 17:00:00,74.72397378868175,0.2975073478033764,98.02153195513957,51.602865247478455,224.27597595908412,62.74139393039594,1419.076936028081,1122.7134476694691,None,E01,0,17,2,9
M013,2024-01-10 18:00:00,79.39718245985405,0.3299032234263103,110.8083784450745,43.60451417991251,222.91251351570455,54.1944148040949,1456.2242938608194,1342.804966460795,Minor,E01,1,18,2,9
M018,2024-01-10 19:00:00,70.67042298001138,0.387256288038544,,49.392312229728965,215.20854999173264,41.55814359991332,1621.594146452109,,None,E00,1,19,2,9
M017,2024-01-10 20:00:00,77.973808836707,0.3416355662692003,103.32921245819357,49.70654003193377,227.93545570816997,66.75796012283058,1444.5354222931396,825.0374150284425,None,E00,1,20,2,9
M011,2024-01-10 21:00:00,67.85930675308832,0.21949387615712296,100.22182943510474,34.85332017487768,212.02003240603244,52.123618516940105,1578.2953044662925,842.1149118440505,Minor,E04,0,21,2,9
M008,2024-01-10 22:00:00,63.08676504286636,0.29777156045710595,110.37006730349447,43.87143946140398,214.99582694097333,51.32895524935005,1531.853551555826,936.6282797675407,None,E02,1,22,2,9
M016,2024-01-10 23:00:00,72.84701411299584,,87.32221585429663,,218.91198851578284,49.478303581015304,1447.0294040159763,1018.9402343855667,None,E01,0,23,2,9
M004,2024-01-11 00:00:00,61.46113967552211,0.36708421581872375,,56.142913398757145,222.36374687417478,53.732426575495566,1657.1019043465235,760.7274655748998,Major,E01,1,0,3,10
M015,2024-01-11 01:00:00,70.56137392263845,0.3852322154837931,98.40880856205922,,217.40365345315206,54.20336489178106,1588.3333414182368,1021.7955787565645,None,E01,0,1,3,10
M003,2024-01-11 02:00:00,79.72105357587301,,107.39907355135526,49.02523280139353,229.82869519201276,43.080208385079196,1500.2138507170214,1694.453694458352,Minor,E00,1,2,3,10
M017,2024-01-11 03:00:00,,0.29488169246904283,93.44574315119748,49.26942853493329,222.36228970880921,48.29158839575772,1490.263369278262,1082.1975026280786,Minor,E00,0,3,3,10
M016,2024-01-11 04:00:00,64.32301922451661,0.36727977503918513,100.19514455890271,54.0022183825755,220.60526370959894,50.92560766200382,1511.2471872784897,,Critical,E00,0,4,3,10
M003,2024-01-11 05:00:00,65.80780652903053,0.3170920020961787,99.17994631269853,37.8627574371443,222.08108927298537,54.6619237172317,1316.455482721474,296.6026457848006,None,E02,1,5,3,10
M019,2024-01-11 06:00:00,71.62008084173424,0.2703242185174823,,37.370651376130056,225.8632474476936,54.79751421651179,1401.0046583622016,,None,E01,1,6,3,10
M011,2024-01-11 07:00:00,69.80569928612275,0.4019350943796251,89.75669589642429,43.502425708147214,221.92619914512812,51.31633435339171,1555.501860442646,,Minor,E00,0,7,3,10
M020,2024-01-11 08:00:00,,0.407261942760664,95.35670910509486,29.699787605350757,205.52386533480734,45.597416355020044,1310.048963183615,1313.8418625546237,Minor,E00,1,8,3,10
M002,2024-01-11 09:00:00,77.72608997455018,0.4164226836758454,101.03944903195999,49.88280926039891,228.71607091223098,45.18726471611011,,1665.0812918212857,Major,E02,1,9,3,10
M005,2024-01-11 10:00:00,74.97163767641159,0.30741559799772805,,57.58898443401917,220.9574016646088,,1452.8946830257396,1411.0382892204382,None,E02,1,10,3,10
M013,2024-01-11 11:00:00,72.87378188606331,0.4325553618885155,97.35941149577745,36.47947626193975,225.47882245777396,54.74080931504348,1848.438556975252,1169.7319286770366,None,E02,1,11,3,10
M005,2024-01-11 12:00:00,,0.31544924240703526,84.91362116413143,50.22179027862325,216.75245179173473,45.07218324708821,1580.8484699077974,703.9246450453605,None,E00,1,12,3,10
M009,2024-01-11 13:00:00,66.82810586811975,0.3957450925076959,97.03480063613016,37.45042738869608,205.38626763130475,48.465964019728595,1631.6810190698786,,Major,E00,1,13,3,10
M017,2024-01-11 14:00:00,77.14326212133967,0.3142361136763327,108.18869317300005,32.80109397606088,201.7687230410053,51.90195125581987,1403.3823334875908,1025.183576226846,None,E01,1,14,3,10
M004,2024-01-11 15:00:00,65.3277344738448,0.334321248537796,105.64144260776067,69.666732525116,212.44505768513784,50.03147334582153,1543.4467113049154,1047.0439445917236,None,E00,0,15,3,10
M017,2024-01-11 16:00:00,77.01226196341338,0.18051754998275668,99.30462450378285,32.97320236779309,224.13835389486042,49.95510946616983,1288.7790589793906,1214.9827137662394,Minor,,0,16,3,10
M003,2024-01-11 17:00:00,79.11685501271299,0.3288660749908159,101.9492218001133,29.64816818294586,230.38312763971422,,1460.3262376882617,1221.8485414376444,None,E00,0,17,3,10
M005,2024-01-11 18:00:00,73.26518761252852,0.3563762976749519,93.37391683524675,47.57658476466376,222.41576980220734,,1560.6439113505276,1429.8828058325325,None,E01,0,18,3,10
M015,2024-01-11 19:00:00,70.94272164622815,0.32129652678453124,112.9955094663312,,,47.497370740576756,1329.8906546487262,,None,E00,0,19,3,10
M020,2024-01-11 20:00:00,74.40185944985804,0.47293316476595976,116.54210005211124,53.00678569427929,213.7270068508508,49.30879642034525,1547.176432785845,969.2545402041384,Major,E00,0,20,3,10
M005,2024-01-11 21:00:00,54.83088977939596,0.26862737402723064,101.31858904564778,69.01473664211889,230.8862647892094,59.263747928527955,1557.1285720866908,1210.3546707035161,Minor,E00,0,21,3,10
M008,2024-01-11 22:00:00,73.81354931091276,0.3105493134027252,120.72548668849194,35.674442217664435,209.5137530356676,54.04254555146514,1427.6996119216997,1417.2313764054584,,E00,0,22,3,10
M024,2024-01-11 23:00:00,71.31987601296116,0.28665891730099025,94.55854102771727,38.05875794431319,236.8141830521149,45.43355515645043,,935.2036705806843,,,1,23,3,10
M025,2024-01-12 00:00:00,,0.310535611470317,89.99136607944837,64.30566596768229,235.00830020659703,48.80868859528158,1414.1709854282276,,Critical,E02,1,0,4,11
M015,2024-01-12 01:00:00,76.23919507738697,0.42219891440584933,94.32300996724706,,,62.795495236108046,1458.3661256771418,1191.8992274070854,None,,1,1,4,11
M012,2024-01-12 02:00:00,71.55138647061163,0.45346222560288746,98.24407787940008,54.60097605314078,223.04561189987555,47.54094038430715,1461.9871176996328,1839.3903210645929,None,E01,1,2,4,11
M009,2024-01-12 03:00:00,65.15875886009306,0.30094451723567406,118.49653240962371,37.92157565391217,217.26780145921205,50.31904994541334,1561.153050031416,643.1457679702264,Major,E00,1,3,4,11
M016,2024-01-12 04:00:00,71.15158397504773,0.2993894720093757,97.75072698075232,58.51065864494702,222.8507701292123,55.31316454925969,1435.8716963618435,,Minor,E01,1,4,4,11
M015,2024-01-12 05:00:00,72.40533290448495,0.2690009945984259,93.12275349756783,54.63819384217243,227.26867960841554,51.7215319032274,1692.2551373355573,843.8521344215618,Critical,E02,1,5,4,11
M008,2024-01-12 06:00:00,72.68960346948607,0.44143997705635124,92.81232912338051,47.27444721743239,214.79379275367745,47.01745505082392,1691.3849129049859,946.2113561363151,Minor,E00,0,6,4,11
M001,2024-01-12 07:00:00,,0.42847030848414114,109.12017689634624,37.98086627719809,211.1903740973907,44.052635501935,1528.344154414088,,Major,E02,1,7,4,11
M004,2024-01-12 08:00:00,78.23621426951132,,107.97841398647229,46.28034665266134,217.7285080477547,49.919208466134265,1458.6439073945724,,Minor,E00,1,8,4,11
M024,2024-01-12 09:00:00,65.48379268179511,0.25227305625851837,96.11617450917112,,213.82153777974108,55.26415475491102,1436.0062441622636,2238.9647365730425,None,E03,1,9,4,11
M011,2024-01-12 10:00:00,73.0542027369891,0.2585336204180623,84.99372707138275,31.872386968755833,229.92709182920288,60.56720165313429,1538.01103366575,1407.211154259159,,E02,1,10,4,11
M013,2024-01-12 11:00:00,79.73957819170944,0.3619440615269215,90.97125164232573,35.40241118323836,215.06856389016548,38.27716730403967,1559.0057789002863,921.6897272271855,Minor,E00,1,11,4,11
M012,2024-01-12 12:00:00,,0.3884536542912549,113.76995069999634,37.466370779152015,220.76513173277874,64.10227461997258,1475.8794759130085,,None,E01,1,12,4,11
M020,2024-01-12 13:00:00,73.07788008468032,0.20536986364851958,105.51046307639577,,227.86432416486275,47.692727578208405,1452.8244587163906,1105.1200069200643,None,E00,0,13,4,11
M002,2024-01-12 14:00:00,68.48772898816173,0.32750830626234817,100.52369100446644,,230.2387384827667,57.3986133460449,1542.329196132016,1532.820468870999,None,E04,1,14,4,11
M003,2024-01-12 15:00:00,69.77573769316137,0.46328071226901685,114.95066538520847,56.502852338422876,221.66847425483778,,1508.2849795559287,1081.5253273381907,,E00,1,15,4,11
M007,2024-01-12 16:00:00,66.57115498071347,0.33477435553588,115.66661018249214,50.536969373009555,223.07436989290602,37.113284601396415,1431.345302336591,,None,E01,0,16,4,11
M013,2024-01-12 17:00:00,70.98269570579734,0.45427466635534364,99.7124831843096,45.73009260604115,211.8640749799722,39.49643063932368,1513.5647427153272,1279.3729772273782,None,E00,0,17,4,11
M017,2024-01-12 18:00:00,83.04753368656142,0.3954332290268978,99.85942591574667,48.32392170096414,228.18445317539124,47.352346002359475,1427.367689804119,1231.3715324155914,,E00,1,18,4,11
M013,2024-01-12 19:00:00,64.41341783293672,0.27410042794152495,95.34362654310338,52.487891524358155,230.10818593837814,54.19274522056959,1409.8009608872906,1616.7193037123402,Minor,E02,1,19,4,11
M012,2024-01-12 20:00:00,64.98233998512704,0.32951300946537004,97.72317370011892,24.819528645244866,205.03717542064703,50.249539655815326,,478.6989824328016,None,E01,0,20,4,11
M024,2024-01-12 21:00:00,64.18839257901897,0.3409914033018708,88.10940019359903,57.85901030105521,234.10356656428496,47.99812295473089,1431.039677459345,1239.0042196534034,None,E00,1,21,4,11
M005,2024-01-12 22:00:00,82.3645097197686,,88.07690899052753,35.08304468536317,214.39472426503747,58.94418654825243,1412.040165273997,919.5303366961647,Major,E03,0,22,4,11
M015,2024-01-12 23:00:00,,0.2821092384032341,86.21872904875279,,224.7570471050822,50.01588656848926,1625.48568259228,660.5396345229161,Major,E03,1,23,4,11
M014,2024-01-13 00:00:00,71.84616563791396,0.45547380144829924,108.67469605535555,49.08522386044304,,52.23827736235124,1452.9353674846561,864.8770003806413,,E02,1,0,5,12
M012,2024-01-13 01:00:00,69.58330235336255,0.28158475662149335,87.5087822166995,44.09513006395299,219.51699323111538,74.8882185746979,1721.2033998409904,952.0984354011028,Critical,E00,1,1,5,12
M021,2024-01-13 02:00:00,66.33346272958146,0.4254905253486076,,50.84316529312007,218.3478561737851,49.93569194667166,1575.1966754634793,1105.8650739457266,None,,1,2,5,12
M007,2024-01-13 03:00:00,,0.31944608651444883,94.15697687040476,46.701935021476864,212.05949334381157,44.43323909707014,1401.5155932191046,1334.9317398343087,,E00,0,3,5,12
M024,2024-01-13 04:00:00,86.74946163441936,0.3482052469081779,113.8987992542603,41.528012555260545,224.19062408518383,53.84767813946802,1639.1711532595139,1416.9173053156976,None,E01,1,4,5,12
M009,2024-01-13 05:00:00,80.35242552584553,0.38932910927670006,97.0795652570762,63.34509803251538,217.71164264995454,55.87271159908195,1414.0056600035925,1036.3726977475146,Critical,E04,1,5,5,12
M014,2024-01-13 06:00:00,,0.3081008928966725,,53.49678638412162,209.52462142940487,52.407867666247185,1736.8017011104787,1833.8493219820527,Major,,1,6,5,12
M014,2024-01-13 07:00:00,75.88544461837012,0.3897533019446173,,48.62540790162743,211.71996249240772,51.25529969815512,1527.143168341607,1051.467990293665,Minor,E00,1,7,5,12
M022,2024-01-13 08:00:00,67.01086336400174,0.20674992103161322,111.2149250210658,53.310238090312396,209.66042989046892,61.85784770126309,1565.1080883964403,421.4173625272954,Minor,E02,0,8,5,12
M011,2024-01-13 09:00:00,61.341794166922675,0.3807795171890246,92.75159199786391,36.53604608751005,215.80327559758385,60.85797769820503,1503.7143368137492,1062.1634539231554,None,E00,1,9,5,12
M008,2024-01-13 10:00:00,78.11706550598778,0.17720289127998545,97.3467818672204,71.09726090180021,223.88079446745888,49.06319078310423,1531.9059101518753,1218.8641371208585,None,E00,1,10,5,12
M001,2024-01-13 11:00:00,78.9605570798613,0.33412072913110796,92.75363250751217,31.94835358700234,214.31105559520896,44.85204350488111,1472.506838820526,100.0,None,E00,1,11,5,12
M010,2024-01-13 12:00:00,78.2763135062874,0.4097970089722944,99.03578644433824,46.358023899520816,227.80353245389298,53.43362274516989,1388.9029968370123,1682.9343660519414,Major,E01,1,12,5,12
M021,2024-01-13 13:00:00,69.18080850468256,0.3935606714240863,,41.562884656587116,219.0462841646611,44.80613313614573,1540.761010046488,1160.3693337935265,Minor,E00,0,13,5,12
M001,2024-01-13 14:00:00,70.99934559598809,0.2591112664726641,97.18893552707657,41.10702749487542,217.68476062526904,57.08129334487755,1622.9759239023085,739.041665229873,Minor,E00,0,14,5,12
M023,2024-01-13 15:00:00,76.49859332194875,0.2681234922734538,85.44886883687317,39.54891892422289,220.13412344236855,53.392450209815244,,815.9481973521346,Critical,E03,1,15,5,12
M014,2024-01-13 16:00:00,74.34897622408864,0.30179295717741556,95.35296547927982,35.73947998801798,231.1612394540506,71.36024830779576,1684.8568588411028,1504.6899997556159,None,E02,1,16,5,12
M004,2024-01-13 17:00:00,69.63817517221773,0.3630351103650694,,59.26010645769743,209.02929046446155,61.786375164433636,1572.1364629424008,1553.5684713832034,None,E01,1,17,5,12
M008,2024-01-13 18:00:00,62.285569079291015,0.20776467669694074,98.32880365923268,30.54356646500539,233.25093577135314,41.370076016213,1447.5710184197007,940.4936133503883,None,E00,1,18,5,12
M014,2024-01-13 19:00:00,72.68325116485207,0.3490743496906009,97.38047497950636,56.802766784205836,227.6812808713971,45.84969054712493,1445.4266836657578,657.8833529073914,Critical,E02,1,19,5,12
M008,2024-01-13 20:00:00,78.47405783541667,0.3718000561660045,92.55378763975388,52.782452816651784,219.82674803970082,34.68839732476938,1723.6994925177767,,,E00,0,20,5,12
M003,2024-01-13 21:00:00,64.81447026579505,0.33018739733903113,95.11958904641907,40.42930641984785,229.46420547816092,32.89802554682079,1612.6469642020381,1325.7639053226624,None,E03,1,21,5,12
M017,2024-01-13 22:00:00,75.83255629005586,0.3867724677637136,111.27158485265568,51.391287405526235,217.4202171834055,50.910614938518044,1636.8061423105858,1426.1077317429956,None,E00,1,22,5,12
M017,2024-01-13 23:00:00,73.98925017080215,0.3656606910828343,90.88178194558314,43.1052117876411,222.2854270026158,,1469.872593555122,974.749057219034,,E02,1,23,5,12
M003,2024-01-14 00:00:00,76.500889579394,0.3120842018420773,105.76658477348184,31.78792393788778,215.66868393966612,63.129485853033614,1566.6619057937744,1151.160457019801,None,E03,1,0,6,13
M008,2024-01-14 01:00:00,77.23185299831404,0.21446674478183564,100.3764417672282,31.914796143949125,227.73180131108234,59.263323650816936,1541.925433510885,1208.057113949003,Minor,E00,0,1,6,13
M007,2024-01-14 02:00:00,67.83320854844789,0.3593389157099576,101.95848530497122,52.86529819763629,214.34195515811467,47.8280445314749,1479.0419704560707,1586.7247211540296,,E00,1,2,6,13
M017,2024-01-14 03:00:00,62.29824359901032,0.2832847244339015,94.14114975188306,52.24284388422027,,47.37350047726094,1513.1108534125167,1731.7214465578793,Minor,E00,1,3,6,13
M019,2024-01-14 04:00:00,68.79888284590272,,97.18578107161666,47.90413697183064,225.43311054660157,61.88298365429877,1633.2061409785988,1840.2761986735782,None,E00,1,4,6,13
M019,2024-01-14 05:00:00,77.33476390516205,0.383538695257416,99.95423855862434,40.30180152791392,228.38551713190546,63.716858338573005,1691.9509851978498,1720.9922061784944,None,E00,0,5,6,13
M024,2024-01-14 06:00:00,68.74797657884417,0.44921333684040454,95.83466428312643,42.71482159642774,213.43075966584894,42.53921673631571,1469.8203942222176,1925.3844697078337,,E00,1,6,6,13
M020,2024-01-14 07:00:00,67.83574005685415,0.34733579135905934,102.6514568322924,41.093362114031684,226.02510588096294,41.51053488397058,1342.433249469821,1605.2644292462378,Major,E00,1,7,6,13
M009,2024-01-14 08:00:00,61.07189794845217,0.3887845385512109,103.65951212898457,24.03667037787759,212.14411935099056,47.591270823521945,1697.2311517682056,964.2588472852998,Major,E00,1,8,6,13
M003,2024-01-14 09:00:00,82.51588532730564,0.2488864461192976,,,202.79735339512857,53.44953364298299,1698.7389507495627,1813.403433778665,None,E00,0,9,6,13
M016,2024-01-14 10:00:00,,0.3671866506696524,102.22552023489897,51.26945833451401,214.0154908221537,45.89062674931267,1548.0464977858476,649.4318207737928,None,E02,1,10,6,13
M023,2024-01-14 11:00:00,76.61937588764859,0.3458065843625986,84.7020587558493,45.81130558533847,226.67727980861054,53.61771331329591,1715.1157154969817,2145.7859309903133,None,E00,0,11,6,13
M025,2024-01-14 12:00:00,77.80635232067684,0.43604593064383274,109.30415264670944,66.22979006423043,219.90226496817724,65.60238911022685,1539.3138390188558,809.9058659148183,Minor,E00,1,12,6,13
M006,2024-01-14 13:00:00,75.4602501692604,0.312167906677987,98.36903486691045,32.94525426204024,215.72001622595045,,1390.912932274768,1555.05923950542,None,E00,1,13,6,13
M006,2024-01-14 14:00:00,70.53402686892282,0.33308536679863404,116.09540290349483,37.06675539727536,220.44382658792807,46.43459295949949,,1777.7015163350502,Critical,E00,1,14,6,13
M001,2024-01-14 15:00:00,,0.42411701269929564,111.76739562004246,46.59622794820404,220.17919738413403,38.90406467604325,1341.397409597449,1383.7159768631013,,E00,1,15,6,13
M004,2024-01-14 16:00:00,69.43461381244725,0.34355763453237453,95.95786093030748,47.92520172230918,224.9751883909146,43.3073215045716,1500.546818993472,379.8593903376105,None,E00,0,16,6,13
M014,2024-01-14 17:00:00,87.80844452649,,105.77522227096941,22.18549649968473,207.10632060459483,47.64258806294037,1444.0505218386793,820.8224275097919,Minor,E00,1,17,6,13
M014,2024-01-14 18:00:00,75.33547218779665,0.5286143291303086,95.2483588180169,52.23237599850723,219.18117634532385,44.18231068191305,1430.5373256253865,1342.7254307733353,Critical,E00,0,18,6,13
M010,2024-01-14 19:00:00,69.21719735189139,0.27449850656642866,100.02152661131755,47.979802074667184,220.99421817233218,54.15982053078403,1487.1712049507112,1454.2483446945178,None,E00,1,19,6,13
M008,2024-01-14 20:00:00,74.79298064499768,0.34547099429153333,105.40787851483164,20.0,209.07703868916596,51.207650264991415,1602.9565615835106,1128.483355765059,Major,E01,0,20,6,13
M021,2024-01-14 21:00:00,65.93478649286209,0.37426817092179293,108.90400164837209,43.59948877338094,,52.39215264505414,1434.3590068070862,1229.7341388080188,Minor,,0,21,6,13
M012,2024-01-14 22:00:00,81.02704031153536,0.368733225632178,107.16164663108992,35.29750173673599,,47.546417762938745,1414.1527853131356,612.439244409067,Minor,,1,22,6,13
M021,2024-01-14 23:00:00,68.03358542515716,0.3367179407195521,100.59991705530263,39.56012082823452,220.06819426616102,,1442.278720991678,1909.7409203661155,Minor,E00,0,23,6,13
M025,2024-01-15 00:00:00,75.00651259573479,0.33706677406315844,,,220.09636820044423,47.19447561919922,1610.5110575337765,,Major,E00,1,0,0,14
M008,2024-01-15 01:00:00,78.39586577845881,0.3335547693598431,97.07983674778329,49.99426414408287,,48.01073816036036,1491.5978534239064,1515.503490585728,Minor,E01,1,1,0,14
M006,2024-01-15 02:00:00,74.30861126522996,0.2718846298986039,87.14239494640562,66.14131656684272,215.22132325626302,,1533.5889269219178,1761.424832304705,None,E01,0,2,0,14
M024,2024-01-15 03:00:00,72.56681995091783,0.500515345009591,88.6824056383254,48.180282890043394,216.83858942816585,34.61207451553147,1686.362825019728,737.9826687205888,Major,E00,1,3,0,14
M016,2024-01-15 04:00:00,72.06481250913609,0.3346006357600636,111.79206184097875,20.0,222.38817409078996,52.303530612251826,1841.192789453747,1251.2061387314009,None,E02,1,4,0,14
M008,2024-01-15 05:00:00,71.66135341867735,0.39178516949761666,,48.427152447993585,229.95696805434653,43.0501554913546,1576.846489874694,1311.1966921214675,None,E00,1,5,0,14
M016,2024-01-15 06:00:00,68.53980906643498,,101.27245998443274,42.66433449361158,202.23682490844703,,1564.9627992784424,1096.7797488727622,None,E00,0,6,0,14
M013,2024-01-15 07:00:00,69.30309942138177,0.32516654293511615,95.6598089606053,31.787849582950763,224.98401697041461,37.50773681197201,1357.8567548858034,1570.9420690256445,Minor,E01,1,7,0,14
M023,2024-01-15 08:00:00,80.87754224190562,0.3181189436131244,96.37838016560649,49.24348597669233,219.11078671045217,47.13062636170718,1544.2218653478938,933.1022872075253,Major,E03,1,8,0,14
M007,2024-01-15 09:00:00,71.34878020388906,0.2415107948407524,93.70323311240564,55.557176737528266,224.2057782487907,52.223072264946964,1507.4394350233556,1221.991031838964,Minor,E02,1,9,0,14
M025,2024-01-15 10:00:00,67.28522238370336,0.3387565201915461,103.76920650664071,36.978078217282345,229.4843466980879,53.656674855746076,,1051.6420451119927,Minor,E03,1,10,0,14
M024,2024-01-15 11:00:00,,0.32150946419763987,99.2209606597032,25.275206270257307,213.95899139346741,40.5093478595135,1452.978376679637,2130.217183631533,None,E00,1,11,0,14
M005,2024-01-15 12:00:00,78.60222408418333,0.43200671564293436,103.48004302242721,20.85993312548557,227.55443742317797,53.27070894352629,1524.0860476617686,934.8801306212614,Critical,E00,0,12,0,14
M005,2024-01-15 13:00:00,76.05363979898686,0.2662309917690839,102.71550708253987,37.01177887697614,,59.11820887170856,1572.6278791717864,1497.9783672324024,None,E00,1,13,0,14
M014,2024-01-15 14:00:00,,0.3095996975711601,96.59297013093683,43.13395836888228,,46.05047968357757,1727.8251089788002,1918.6562228249343,None,E00,0,14,0,14
M002,2024-01-15 15:00:00,70.45487280654125,0.2871091673272142,88.3301549975777,38.80793323635025,,,1687.652615113401,832.6538959872404,Major,E02,1,15,0,14
M008,2024-01-15 16:00:00,75.44017482103767,0.4509771275808266,87.63360323200514,36.80061488805141,,33.4516274705944,1651.9286827975297,1238.1331796682814,Major,E00,1,16,0,14
M011,2024-01-15 17:00:00,68.13863325029611,0.289141408860173,124.21321273356052,51.81479432553786,212.087725721204,42.823727554875894,1587.2543124406038,805.4348283772914,None,E00,1,17,0,14
M025,2024-01-15 18:00:00,70.44231581192535,0.38936098913082956,111.82538755538648,50.55391255375109,223.4950676484016,52.164161737585104,1448.240815992412,394.8319525947012,Minor,E03,1,18,0,14
M025,2024-01-15 19:00:00,77.81882692435047,0.41791130313841857,110.72146053512971,47.395120833122306,232.69029812411824,57.64373923364744,1587.184644253931,885.9930204582442,Major,E00,1,19,0,14
M004,2024-01-15 20:00:00,77.24566607351439,,94.60314554410483,54.79785341212927,212.22514503346898,45.20577767379232,1407.327848555456,971.8546690948881,None,E00,1,20,0,14
M023,2024-01-15 21:00:00,66.10854092429518,,100.07607787010497,37.12431176645618,221.5171641733058,71.35508857405416,1475.253735793003,995.6286739009831,Critical,E03,1,21,0,14
M003,2024-01-15 22:00:00,66.86684128254855,0.2545092298865416,93.47709766093463,31.865289179297186,226.8469849686321,52.511117121612,1713.4042596123998,1080.142732637895,None,E00,1,22,0,14
M019,2024-01-15 23:00:00,72.65221291688046,0.41018348453572556,89.50334323867287,38.73199590927154,,39.81314499396669,1564.5578069409191,,Minor,E02,1,23,0,14
M022,2024-01-16 00:00:00,82.35679424801705,0.26175841868400995,95.28981183699439,37.90436673981875,230.88314337245325,,1527.2415685782191,721.2793556009989,None,E00,0,0,1,15
M023,2024-01-16 01:00:00,,0.37744186277419384,110.60947970743663,20.384526527435682,216.5624932686503,39.976454952154064,1542.6853035004963,1340.6480863319362,None,E00,0,1,1,15
M006,2024-01-16 02:00:00,73.66999763742302,,106.72596293539176,38.45317632543635,219.06964237440965,52.62741620318295,1488.7406555515927,1685.3328420718792,None,E00,0,2,1,15
M023,2024-01-16 03:00:00,63.74374001056111,0.37639927390177186,92.23961598702383,58.2582066621867,212.05476642858744,42.56607149844094,1241.3017920321315,1732.2580885141228,None,E00,1,3,1,15
M003,2024-01-16 04:00:00,68.19401403884673,0.3830109365492121,97.4814715987402,54.61024116741435,221.0127228565583,,1348.2735421683792,1095.9302893730946,Critical,E00,1,4,1,15
M013,2024-01-16 05:00:00,69.81342949161456,0.28464304509074684,105.99298537549265,51.30220628347296,220.02418356399176,57.69721751634981,1574.0686019596544,1557.5551608591525,Minor,E01,1,5,1,15
M012,2024-01-16 06:00:00,69.47694993937866,0.2817130274689681,95.4322288385013,46.57941651884375,225.08720995875893,47.921784292431525,1389.5345819409913,927.5999306023522,None,E00,0,6,1,15
M008,2024-01-16 07:00:00,68.79722436204474,0.40004489938702814,100.63668995866185,62.38678231370437,214.91035167662164,63.80537643648203,1487.0897111256827,1062.6545227417755,Minor,E00,1,7,1,15
M001,2024-01-16 08:00:00,72.04324236225823,0.3059458772604922,103.2147795765185,32.27798526158447,214.5440350035954,41.856531295900425,1352.706825365533,1359.4098986925496,None,E00,0,8,1,15
M020,2024-01-16 09:00:00,68.78846660021652,0.15748960555963956,103.12744441475304,33.4220745364456,223.69993694319984,37.522874386873994,1413.7622870341063,1066.1151939039958,Minor,E01,0,9,1,15
M009,2024-01-16 10:00:00,63.22525569087509,0.39541287085187055,102.03316342152229,58.4915432842624,231.1775239205965,46.16267612603393,1499.4886161385468,694.4374742870424,Minor,,0,10,1,15
M017,2024-01-16 11:00:00,76.67921767513666,0.2774617098351862,94.77042260973992,45.3312587620645,225.03208198104787,73.12407039786385,1610.8632763898356,1533.3020628621339,None,E00,0,11,1,15
M011,2024-01-16 12:00:00,76.51723300289328,0.3826995114533677,95.59220329984947,36.94586031546986,234.77929798888917,,1634.9192843572418,868.558445393044,,E03,1,12,1,15
M010,2024-01-16 13:00:00,77.05904586013601,0.44749752945218785,90.930801187835,51.623095521077644,224.4424597697756,54.43114410989254,,992.0095030281149,None,E03,1,13,1,15
M023,2024-01-16 14:00:00,62.75559302241551,0.3511733720083363,87.50930725198182,39.73839645974418,224.15434284683494,54.69551368124729,1536.804388630691,1623.2890756437164,Major,E00,0,14,1,15
M003,2024-01-16 15:00:00,73.7935089155049,,99.08201006647816,,225.43434304535936,46.1212524667061,1328.9485545393068,1414.8501228709856,Minor,E00,1,15,1,15
M019,2024-01-16 16:00:00,76.05587313484153,,106.53007691669754,34.61577824559492,,71.83480218958853,1506.769271918067,1270.4444545753463,None,E01,1,16,1,15
M019,2024-01-16 17:00:00,65.81278758936249,0.4611200529698803,88.95774084676843,48.85859233231219,229.9005605289375,,,612.2770491702331,None,E00,1,17,1,15
M010,2024-01-16 18:00:00,72.05503948909278,0.27565250238700256,102.18378595299406,47.46978595956795,211.32097413512983,,1491.9543128282135,734.6798804281808,None,E02,1,18,1,15
M007,2024-01-16 19:00:00,71.3024001281378,0.34942495137084567,106.27704970706716,63.20096119987141,226.40465510088057,57.87890359610803,1657.8824689156586,1358.9297134921842,Critical,E00,1,19,1,15
M001,2024-01-16 20:00:00,83.05290395140958,0.3971213123529027,85.30612984942924,41.51892904078196,222.12285204638806,39.81405421082363,1600.4303163033014,1452.0126850838046,,E00,1,20,1,15
M024,2024-01-16 21:00:00,,0.3366711770092968,97.83535119891025,,218.44771987288857,42.96522464673443,1528.9589458033581,1301.2077440519274,Critical,E00,1,21,1,15
M024,2024-01-16 22:00:00,62.013861640018796,0.4306553297656869,113.16968160366699,62.27560236632299,205.81656675634065,48.03588887872579,,1010.5040587350261,Major,E00,1,22,1,15
M007,2024-01-16 23:00:00,86.96356203436794,0.31975723223424535,104.41552814205899,56.82776151933109,207.67871271791776,57.93062574746769,1435.8804252169323,997.3578422584291,Critical,E00,1,23,1,15
M001,2024-01-17 00:00:00,66.50864567308005,0.4948559806140222,85.0363428075017,,217.0842622390952,39.61557589809471,1325.0439759892888,1286.332422792129,None,E01,0,0,2,16
M004,2024-01-17 01:00:00,77.88403976596456,0.4985538252990572,105.26671569929289,,208.28326793252205,49.46116464770539,1344.5811228233028,699.2911626305423,Minor,E03,1,1,2,16
M002,2024-01-17 02:00:00,77.82298788518239,0.36974503973591094,94.01810564617337,35.25774261260121,217.2499454499687,48.329203837071205,1619.392158673192,1236.6756068807538,None,E00,1,2,2,16
M021,2024-01-17 03:00:00,66.02585863894916,0.3886820826248232,105.53045544074207,32.35086243134717,225.71473002209567,37.404913538994485,1681.6428967501477,644.4918695264867,Major,E01,0,3,2,16
M023,2024-01-17 04:00:00,74.9596067630346,0.4334170004937246,94.47934586719381,45.43742132279243,,45.928546887944904,1370.275601395038,778.948621588944,Critical,E00,0,4,2,16
M004,2024-01-17 05:00:00,71.35479753440362,0.26689618207228427,99.57574044470428,38.89990662550147,220.6677008220099,54.338016945384275,1508.1824309711217,1271.2856404493757,Major,E02,1,5,2,16
M019,2024-01-17 06:00:00,75.32598002779434,,95.69965785149641,64.2348587141076,211.44038433376747,38.13384283446812,1311.0631899394548,1433.2928048910965,Major,E00,0,6,2,16
M005,2024-01-17 07:00:00,73.38403381428375,0.43794932397003444,100.02526178190804,26.142753434711896,222.39013827976666,61.29067674967168,1382.7859720348918,1336.719919905447,Major,E00,0,7,2,16
M010,2024-01-17 08:00:00,79.17803691222149,0.3691791931011099,95.4617586087119,31.063923397047446,224.06508313175652,53.74436308345982,1531.1795203048848,754.1873660318947,None,E00,1,8,2,16
M015,2024-01-17 09:00:00,72.45239725887637,0.3341446327814147,98.21169406756418,47.93554541855822,208.61652594388687,52.76805321065126,1437.7563557651486,451.5928355462215,Minor,E02,1,9,2,16
M018,2024-01-17 10:00:00,70.99275558344213,0.35077863120168123,90.59515993351458,,,,1270.05677695464,1196.6739042587274,Major,E00,1,10,2,16
M022,2024-01-17 11:00:00,78.57638539834308,0.1829770969345151,103.92527676331193,20.0,209.86263786074116,,1706.2637720887572,,Minor,E01,1,11,2,16
M002,2024-01-17 12:00:00,75.48237578915162,0.3366606379880099,101.4022816691514,24.175078090017077,224.0737183745428,44.80242519699453,1494.1024034269772,1577.7703303142248,Minor,E00,1,12,2,16
M005,2024-01-17 13:00:00,76.39088036592533,0.29728672825647434,87.06774260716679,41.83675568231263,221.31205248438545,52.89483770405696,1367.4713342252192,767.4658859965282,None,E01,1,13,2,16
M008,2024-01-17 14:00:00,68.01247996644842,0.41426501435305574,107.94333328161542,61.27252357781961,219.60230564611535,44.78675836417536,1515.3641049165576,2093.675618111979,None,E03,1,14,2,16
M008,2024-01-17 15:00:00,65.72842331160916,0.4196521544868804,98.58969632276403,67.65313062260364,218.97374769486945,51.50999258727562,1490.2959369074629,815.2033273005737,Critical,E00,1,15,2,16
M025,2024-01-17 16:00:00,68.59366714048379,0.39036761638909373,101.29409916988728,40.026030118043685,222.58268348346073,42.8089494460412,1550.6190698390437,,Major,E01,1,16,2,16
M020,2024-01-17 17:00:00,68.27507168591647,0.3776821054159399,106.11649337623349,42.952236270955005,222.74281193609124,53.61143930402924,1459.217424083285,905.3569841183775,Minor,E00,1,17,2,16
M009,2024-01-17 18:00:00,76.71719561191749,0.2451857275895812,102.62593793887987,34.957610912584286,216.03538004949166,54.20864478396723,1537.7110182111905,1132.730455499883,None,E00,1,18,2,16
M025,2024-01-17 19:00:00,77.85590430176431,0.3913450155997812,109.3216252676872,52.59847679863347,214.91522556903666,36.97849075280266,1613.2363168112136,1273.5894202540978,None,E00,0,19,2,16
M013,2024-01-17 20:00:00,71.06921826280559,0.39405785618663686,97.6536358223567,63.34235501392717,219.52803843970506,50.538468292007884,1341.8179032465848,,,E00,0,20,2,16
M013,2024-01-17 21:00:00,,0.4371634857638111,108.27543508981631,60.0722488485606,218.48212081600215,37.82665657687724,1416.809513561807,1607.8061120435352,None,E02,0,21,2,16
M011,2024-01-17 22:00:00,80.21081636259078,0.4982746868701138,100.98339694245857,44.651992648135,236.48545780039456,35.111672183546375,1600.7114354252294,1490.9276656260452,None,E00,0,22,2,16
M004,2024-01-17 23:00:00,73.46039349840323,0.23152075284998735,104.06106739605353,34.937619538377305,216.92884262103135,45.24886199590102,1433.8337846081347,1615.0524619608502,None,E00,0,23,2,16
M024,2024-01-18 00:00:00,67.06864937074175,0.32280662220672507,103.22903338238324,45.09836405171785,,72.37534049743454,1490.19930061505,953.5544037517736,None,E00,1,0,3,17
M001,2024-01-18 01:00:00,81.45225989661324,0.2980413353989648,109.92584260247621,61.56944045320293,223.7274119062652,56.2031036241993,1443.5529000741979,1459.5183643354846,None,E01,1,1,3,17
M005,2024-01-18 02:00:00,71.63389589382955,0.3620755031869552,105.77129898847434,40.193794819840576,231.20419432491354,61.13683234925602,1451.0369969790063,1063.6423610678678,Major,E04,1,2,3,17
M006,2024-01-18 03:00:00,,0.3509381300752627,96.45643615752122,23.21485164782696,213.51052326603093,54.86733230818955,1440.8477962905142,1594.4910152880607,Minor,E02,1,3,3,17
M007,2024-01-18 04:00:00,69.96236984636059,0.3336142548843898,,40.67988896019038,230.71718263313338,51.64354707442261,1348.957435637961,1246.2296765635397,Minor,E02,0,4,3,17
M004,2024-01-18 05:00:00,66.66125804221682,0.4219323052980821,99.60196681924134,,218.8208354054333,57.163132933874735,1555.1036343794945,1448.104999450869,Critical,E03,1,5,3,17
M001,2024-01-18 06:00:00,63.188163418108246,0.2729010052173451,93.91918847136603,23.14442206476603,240.01076183717123,44.883429050699874,1627.4763828413386,1316.5902328388986,Minor,E01,1,6,3,17
M017,2024-01-18 07:00:00,,0.27712149728251756,91.58246238938922,47.78444798397983,222.9008177538092,53.764116933846196,1478.8211223882995,1504.1512962946808,Major,E00,0,7,3,17
M025,2024-01-18 08:00:00,67.29959367662028,0.278304231023137,82.97558024561567,51.07205595906478,210.16856696519307,59.41678249939868,,876.9391160873315,None,E00,1,8,3,17
M004,2024-01-18 09:00:00,90.35718737398093,0.3247770688801809,87.60589793737032,67.31871137781972,218.42273061885692,55.59537377607821,1441.0700669744197,571.234202812333,None,E03,0,9,3,17
M008,2024-01-18 10:00:00,65.48355850432513,0.26399868488617073,115.88325088889219,29.01147651788265,230.69015485862602,59.942239720293344,1433.9860999960608,1595.5871228602155,None,E00,1,10,3,17
M013,2024-01-18 11:00:00,64.45570515011178,0.34659999578405104,94.74799800296178,,220.6523292352898,51.4608012770293,1549.283628353989,1737.9977356245179,Critical,E00,1,11,3,17
M024,2024-01-18 12:00:00,75.06083229368065,0.3384156863758393,115.22768239856916,56.60203381411052,,63.53664521464427,1551.2849577869263,1153.6408298548577,Critical,E02,1,12,3,17
M018,2024-01-18 13:00:00,81.17588087380378,0.29494394202006435,103.22523680924463,51.235451171223716,225.75197731094147,48.334145969461666,1486.4689524822966,1524.4403267357807,Minor,E00,1,13,3,17
M020,2024-01-18 14:00:00,72.38753794165933,0.41116363778393367,99.60193582691116,32.91838040587051,217.24001847465956,66.94153944007056,1581.190573247419,548.2757685257435,Major,E02,0,14,3,17
M015,2024-01-18 15:00:00,75.43345452112365,0.3458349630199284,87.99515906543013,32.22087983108986,218.3141345937365,54.58885937915323,1345.5627754741936,,None,E02,1,15,3,17
M011,2024-01-18 16:00:00,60.93871549524774,0.42438531548222624,100.0373511646084,46.16636102740578,212.4426039205476,46.92842995338598,1463.5233528588021,1232.7818563832072,Minor,E00,1,16,3,17
M005,2024-01-18 17:00:00,67.9349307258494,0.33634651041568975,115.13747013574584,46.082131918155504,233.83056624773113,40.56695852696417,1615.7781391314593,505.89311694558,None,E02,0,17,3,17
M022,2024-01-18 18:00:00,65.5583056251746,0.34830635782380515,112.46109395213391,38.286794104455524,210.21910976601976,43.536071735435506,1615.4551500943403,588.2047223477394,Minor,E00,0,18,3,17
M021,2024-01-18 19:00:00,60.629724900312716,0.3106052316722802,102.19390922158063,60.499644162399065,221.35573327810792,42.32510666994748,1600.3230827287261,1263.180698562996,None,E03,1,19,3,17
M001,2024-01-18 20:00:00,72.70188140414332,0.34950674216251604,90.81065307275988,40.19098101009527,223.83907638465547,49.29024634895055,1622.4886989768481,957.7273685449545,Minor,E00,1,20,3,17
M018,2024-01-18 21:00:00,58.5430342703374,0.3998561914292432,92.34267723800679,22.275591070571558,219.89079104065232,,1455.2951336916753,1061.3296956145161,,E00,1,21,3,17
M003,2024-01-18 22:00:00,64.0668242034753,0.3212066037410791,93.17926525286032,42.31132182594195,209.96909763608141,60.34206758955137,1295.376230007881,1037.4790376862823,Minor,E00,1,22,3,17
M019,2024-01-18 23:00:00,68.77683723591949,0.3862888373774265,110.22523941890161,50.76328017894847,212.00988777831094,50.88578299523463,1468.945633012808,686.5683739781158,None,E01,0,23,3,17
M021,2024-01-19 00:00:00,67.01228498429354,0.2931077127267981,113.05376348887008,49.10353382473255,224.18013534685295,50.561197430861554,1576.3194877152578,1112.9908645892504,Minor,,1,0,4,18
M004,2024-01-19 01:00:00,74.37845101324241,0.4031335395865546,101.56714267974068,49.01067104567935,213.76096553123077,40.67690536668843,1595.9324086998975,,None,E01,0,1,4,18
M011,2024-01-19 02:00:00,73.83348115141489,0.30940659208816507,97.57535651581478,62.92786817228013,203.42386222009227,43.84769837127524,1436.847420987509,966.9158584560338,None,E02,1,2,4,18
M004,2024-01-19 03:00:00,,0.4096175911260335,112.38968397328787,31.622513139574508,,32.23706123937056,1383.8381075889513,999.4098546120524,Minor,E01,0,3,4,18
M015,2024-01-19 04:00:00,76.51430239627607,0.35426835797035655,92.17141167308036,39.915499819791904,213.02003696035376,62.942441123819684,1395.7788766179622,1118.4106907328708,None,E02,0,4,4,18
M024,2024-01-19 05:00:00,78.84487673616829,0.4564667613373744,100.41458662080292,63.540648456124835,225.04975418856202,38.65826684992109,1434.7597521394073,1527.904483367886,Minor,E00,0,5,4,18
M003,2024-01-19 06:00:00,71.98848959994568,0.26921525916220534,103.70372799636904,21.39180135642859,218.38702961420572,39.26477005547321,,1162.215172353023,None,E04,1,6,4,18
M010,2024-01-19 07:00:00,73.82080140490002,0.24666762586816918,93.0975951425888,44.35566663356677,218.00150137188956,61.30538713657636,1436.7425031350167,429.46884214409897,Minor,E02,0,7,4,18
M025,2024-01-19 08:00:00,75.06908221151515,0.3068647927817103,94.91268622886955,59.747053382844406,220.4179054641366,53.100517270557916,1505.7452064707545,722.4572572354741,Minor,E02,0,8,4,18
M008,2024-01-19 09:00:00,72.84994018434615,0.25307723363759804,94.29009936649918,59.568195011208715,210.89205335951695,50.96589429968064,1488.2538814598931,1572.7255889912367,None,E00,0,9,4,18
M004,2024-01-19 10:00:00,69.61683414049756,,111.33381484790469,52.92139647415623,213.3963752992191,52.72214780313642,1460.367528634787,925.7579916060997,None,E03,0,10,4,18
M013,2024-01-19 11:00:00,70.00534479396138,0.3935085532321913,115.31493821645671,53.22527162114033,217.9206076099627,57.631202986089335,1417.288797772576,1164.6053181018947,Minor,E00,0,11,4,18
M013,2024-01-19 12:00:00,67.09464961002021,0.3497074844611139,100.91834024189248,32.50772252333837,210.84525660183544,50.79900253394913,,,Major,E00,0,12,4,18
M017,2024-01-19 13:00:00,74.52970097945898,0.3164223316307019,97.8542513036577,61.478125007150226,225.71054127569315,37.65172204785739,1433.3850397085757,1452.726327567269,None,E00,0,13,4,18
M008,2024-01-19 14:00:00,71.43590895548907,0.3229126181886197,95.20127140005363,,,55.86551897900443,1584.657619782481,340.66989100059806,None,E03,0,14,4,18
M024,2024-01-19 15:00:00,68.0209574961794,0.3081933634971562,100.01397050760264,31.315043767519498,208.40450718679276,,1499.8885277628603,1777.9631410530458,,E03,1,15,4,18
M014,2024-01-19 16:00:00,68.02653108405245,0.465525841747333,95.59822598850569,49.654489573964945,,59.37242677963029,1880.0208812011886,1259.8586879246561,None,E00,1,16,4,18
M008,2024-01-19 17:00:00,64.73760763330327,0.2985146004649874,99.22375806115824,39.08382605139361,220.80962051937527,40.00720909219612,1460.1195776703803,1347.72012672201,,,1,17,4,18
M025,2024-01-19 18:00:00,77.8730480474232,0.257450627134169,103.30586258403139,47.4803603884771,216.43127637190491,44.16526481931462,,1321.6680530488632,None,E00,1,18,4,18
M024,2024-01-19 19:00:00,72.47170601719073,0.4057235432240429,96.75749645767705,50.16920495136272,223.19852709116552,53.13671107771348,1462.7959459078638,1565.3425247419398,Critical,E00,1,19,4,18
M013,2024-01-19 20:00:00,66.82319988256037,0.3348971063656525,,66.33731687250659,224.5922907961011,42.443907467664545,1459.8797916150306,1168.1034253317516,Minor,,1,20,4,18
M001,2024-01-19 21:00:00,,0.49271415821725195,98.51636411942157,50.20469502679691,239.21360220762492,31.17725997675388,1687.4845881441577,607.3726265213327,None,E00,1,21,4,18
M015,2024-01-19 22:00:00,68.63730714123376,0.3131656052844105,97.45949252219089,37.577588350098495,229.20515361088582,51.57864462989495,1619.7058050137987,1329.4103603790609,Minor,E01,0,22,4,18
M014,2024-01-19 23:00:00,63.5609962379266,0.40921889258297545,96.46841698387031,53.117855498233624,206.9090372450933,57.16006106480187,1289.4372226889977,647.2730634872388,None,E00,0,23,4,18
M004,2024-01-20 00:00:00,78.12733373531479,0.4257538131419513,,35.018949599014654,217.1181401200106,48.968545432467444,1377.2968813870991,1926.6352471254497,None,E00,1,0,5,19
M016,2024-01-20 01:00:00,68.77741806260332,0.3135064917458597,85.83411176818846,55.95786629251249,217.86686966041628,,1483.6510071852204,1055.14361828385,Critical,E01,1,1,5,19
M022,2024-01-20 02:00:00,69.54660545874727,0.2979955462463675,112.59423887201011,45.775535034831066,224.60056737939712,53.22694011454307,1437.9464691777218,1179.3037926076681,Minor,E00,0,2,5,19
M003,2024-01-20 03:00:00,72.24708012209507,0.4018956571651633,101.08423570562398,49.80652579388338,212.5313114343863,50.08396286076824,1319.000746144529,929.5897010940546,Minor,E02,1,3,5,19
M019,2024-01-20 04:00:00,78.85553533674069,0.39024243425397515,104.88014060789212,23.632152274623834,215.7499826864133,51.08770525357668,1513.8965981174774,1335.6669451239864,Major,E01,1,4,5,19
M004,2024-01-20 05:00:00,72.12022374519788,0.2512572929502351,105.80062226519101,20.0,210.04470499272543,60.793104895969854,1274.6249834648393,1381.7461934657292,None,E00,1,5,5,19
M019,2024-01-20 06:00:00,64.80529724312862,0.27100950545866953,94.33552671975544,26.98290921103881,215.18187421206792,42.285995388850964,1515.2103313660803,928.5188981135626,None,E02,0,6,5,19
M011,2024-01-20 07:00:00,75.26326202467308,0.17244989965363958,92.68513155056607,65.9492502683816,215.48027562198337,56.18435849832794,1587.5971996022963,1381.2255324768385,None,E00,0,7,5,19
M001,2024-01-20 08:00:00,69.09006165442966,,91.74184572276938,31.222142125834914,217.49595349714886,40.55297793078786,1604.7283063153247,,Major,E01,1,8,5,19
M025,2024-01-20 09:00:00,83.3275438291768,0.3316720964804978,98.0234557613713,53.78771762386718,210.50789810464195,43.64175829867821,1482.6823116653375,1161.6524182064607,None,E00,0,9,5,19
M005,2024-01-20 10:00:00,71.99328166801266,0.3386494705317302,105.59363753240822,37.29710641307154,,59.56733851781159,1681.297890319651,899.3849851691792,Minor,E00,1,10,5,19
M015,2024-01-20 11:00:00,58.589787012608,0.23159891316087025,95.3299037982334,42.119638809369114,223.77771090266708,40.32134883801991,1539.795125573246,2125.7553178531216,None,E00,1,11,5,19
M005,2024-01-20 12:00:00,74.14418983293405,0.2731328352837471,104.86345312142643,44.46335693916889,208.4093618182844,48.06727001804763,1601.4990353992123,1673.1167462175883,None,E03,0,12,5,19
M024,2024-01-20 13:00:00,83.66758675356137,0.3165428761202703,81.05663024911041,64.72534113373796,220.20778351333942,68.89077684421846,1411.6483523843021,1491.3451936475165,Minor,E00,1,13,5,19
M019,2024-01-20 14:00:00,81.45552173127234,0.3029372079896525,96.91546238419801,52.014066369497094,207.4779609620596,58.20440528248774,1682.596175620354,1650.593572074169,None,E04,1,14,5,19
M021,2024-01-20 15:00:00,82.9857257325394,0.3582485252862342,109.3370989408925,49.62039768384421,230.73804580821306,44.10262429650031,1499.6450785786444,1319.9633735444506,Major,E01,1,15,5,19
M011,2024-01-20 16:00:00,65.88143888771121,0.390842768864227,,60.56038118533436,232.912866985253,45.47339799978465,,1060.267120408992,Critical,E00,1,16,5,19
M012,2024-01-20 17:00:00,77.47291437586067,0.5088728798499638,93.36685091067066,37.40163763486102,,48.63907097453161,1662.9783944743237,142.7739178205556,,E01,1,17,5,19
M016,2024-01-20 18:00:00,67.66803276157972,0.3485988078978352,94.74525422289922,57.8201157234172,213.17883866116267,60.495553848313136,,712.4053118592233,Minor,E01,1,18,5,19
M020,2024-01-20 19:00:00,73.34573639650155,0.4280781864167862,,55.815631141904774,,41.98682285606095,1548.682431732155,2066.010197563426,None,E00,0,19,5,19
M022,2024-01-20 20:00:00,64.3622854275616,0.29190190561141577,91.90558423670464,,216.37006334179355,41.502648465053575,1478.4076484484985,1664.0804339957797,Minor,E00,0,20,5,19
M001,2024-01-20 21:00:00,68.1332654107037,0.23275375795172507,108.45793098010066,43.13979956506191,219.14538211260322,55.70682445503542,1401.6980558673513,,None,E02,0,21,5,19
M017,2024-01-20 22:00:00,,0.32533888473029127,95.33917786483015,39.75222125067086,230.96375717925062,36.550904261778406,,568.9853914659905,Critical,E02,0,22,5,19
M003,2024-01-20 23:00:00,77.3913316808557,0.23815947974880305,96.2836451039902,34.56211625796701,227.64481448247253,,1565.285054427324,1453.9102704317502,Minor,E02,0,23,5,19
M008,2024-01-21 00:00:00,76.80431473001794,0.3510271217018372,81.34550250370873,35.313811620401545,227.76803602987277,49.31928814739509,,1088.7823013169696,None,E02,1,0,6,20
M021,2024-01-21 01:00:00,73.66091837598492,0.2953682112843934,86.9532976550995,33.995842187298095,221.3646261653828,49.729438304173854,1490.0665081728514,1479.1831657101352,Major,E00,1,1,6,20
M007,2024-01-21 02:00:00,63.89747149166769,0.21320100292717897,109.52039342879802,49.40217314191291,210.77110620846628,,1604.1617233690333,755.2329492845471,None,E00,1,2,6,20
M020,2024-01-21 03:00:00,70.13016339630168,0.4715217602102124,104.93835264529248,42.25996424075913,213.83954632294697,52.82992319307184,1675.8884513240941,1004.0203328800332,Major,E01,0,3,6,20
M012,2024-01-21 04:00:00,67.52330110234364,,89.62048774848455,50.17680237216023,220.48577010521944,54.43012022346117,1587.037980742135,1554.0451495434888,Minor,E00,1,4,6,20
M006,2024-01-21 05:00:00,,0.23536664879390612,94.95542086741423,50.85458423583365,210.39119922524725,44.70008539169834,1317.927992355636,1971.1250205412514,Major,E01,1,5,6,20
M009,2024-01-21 06:00:00,,0.41287202533551026,99.76662125600973,32.28292734854,222.43186360441686,63.28605849093161,1373.4666627179288,936.6239723802396,Critical,E00,0,6,6,20
M014,2024-01-21 07:00:00,78.3383135161853,0.29899699462225,90.43097814274596,31.922777614689245,226.44098817128278,52.71684854678185,1458.4803486119913,800.155187869618,None,E02,1,7,6,20
M020,2024-01-21 08:00:00,,0.4263116223583463,83.96684893189119,,224.3627631356666,41.96112821463294,1667.8574321220194,1609.1544216529933,Minor,E00,0,8,6,20
M016,2024-01-21 09:00:00,55.56280126626312,0.2986623965725365,98.72631690048452,35.69855131663463,224.04151578334665,62.966244370262714,1427.150842377412,696.0325907414723,None,E02,0,9,6,20
M024,2024-01-21 10:00:00,61.39822861121967,0.31213716168160416,104.58086849738592,34.43505432568457,205.0697388003488,45.81340491786386,1627.031990247175,724.7894509934436,Major,E00,0,10,6,20
M022,2024-01-21 11:00:00,,0.3741382196633932,104.73485855783963,65.34824410889844,230.66684637336877,51.430987714580866,1425.2240882873184,1306.3742170183054,Minor,E03,1,11,6,20
M019,2024-01-21 12:00:00,69.59247036408105,,,,207.4609173597439,46.10575021440456,1563.9141389162205,2034.2741782599628,Critical,E01,0,12,6,20
M016,2024-01-21 13:00:00,67.49565229040932,0.4037938616138419,87.5715419057614,,218.77800628923342,54.99322479630192,1387.1965817816404,860.4854462209622,Major,E00,0,13,6,20
M008,2024-01-21 14:00:00,81.8559617606174,0.34371812028894694,100.46321527861551,48.46651660030906,224.9483483502886,46.147773697568304,1476.7423929563013,,None,E00,1,14,6,20
M011,2024-01-21 15:00:00,79.59095967292996,,97.85238908616702,56.834859396215116,222.8687802078786,46.633149483650385,,1244.5214719662717,None,E01,0,15,6,20
M003,2024-01-21 16:00:00,72.14669233151872,,99.30223451602247,55.41999380796278,209.7773093836323,48.720178863856724,,1010.9131951860035,Minor,E00,1,16,6,20
M010,2024-01-21 17:00:00,70.23958145361615,0.36403983969967946,98.3057469309269,52.40351012719243,211.21339501677042,45.98439795991985,1416.6177207693431,493.2661956907656,None,E02,0,17,6,20
M024,2024-01-21 18:00:00,71.20739272312125,0.34001393207149927,94.71641455513988,64.94198158971822,222.29657297925425,58.574516707610464,1314.3424240287134,1520.7828694032098,,E02,0,18,6,20
M011,2024-01-21 19:00:00,73.3629767903248,0.24882935362382086,75.85767636627516,32.01099973827862,224.08676011015592,39.93765379100863,1304.8419634600227,1274.5300137212143,Minor,E01,1,19,6,20
M003,2024-01-21 20:00:00,81.60028368791765,0.3919421909745992,109.29463216456539,43.12345946665909,211.1423692430974,49.70281858969396,1489.7480630001012,1346.7461786587448,Minor,E00,0,20,6,20
M017,2024-01-21 21:00:00,74.53480454542336,0.3529521589398805,,,223.14074111171982,,1445.0318222266778,1143.3184551011084,Minor,E00,1,21,6,20
M025,2024-01-21 22:00:00,76.35617419823485,0.3210468903354505,88.12568169970794,24.64704562761141,207.8778121624475,49.00292574458212,1577.8468448598308,1805.270097146858,None,E00,1,22,6,20
M022,2024-01-21 23:00:00,79.01562065442103,0.4394436454514162,103.78505322394204,37.065106577301314,,57.74638898720023,1471.7860288424954,998.1845097418818,None,E00,1,23,6,20
M007,2024-01-22 00:00:00,64.98194399385349,0.25005164569606786,96.42156154398825,67.47057333868585,212.92926542586375,37.96841604664067,1639.915945316228,769.1798854354591,None,E01,0,0,0,21
M012,2024-01-22 01:00:00,76.52917135484425,0.465082542075542,,42.91839963098742,,54.5433379484397,1453.750057422488,1865.4827703520702,Major,E00,0,1,0,21
M014,2024-01-22 02:00:00,70.23258747203033,0.34844087049558736,93.85268318808774,68.80218856000272,219.30081846163594,40.04038201593107,,320.55220595565805,Minor,E00,1,2,0,21
M007,2024-01-22 03:00:00,56.903428825363406,0.37222627249520285,,70.02992596131844,229.28525862329013,45.929787843732704,1385.693158926431,1138.4807618318398,Minor,E00,1,3,0,21
M007,2024-01-22 04:00:00,59.230982748085125,0.322346911982881,93.6014114278704,80.94156436435298,221.9370402296027,39.2184788332682,1319.600010457079,1169.796964072658,Critical,E00,0,4,0,21
M006,2024-01-22 05:00:00,,0.23330489612336686,91.2253225112752,67.86591622917967,215.20718516287587,47.34327059784081,1401.199392809743,1154.179073579783,Critical,E02,1,5,0,21
M025,2024-01-22 06:00:00,75.1873393715555,0.3402273071073954,109.05395848484797,73.29758238400568,222.8767416443534,,,579.5152731027122,None,E00,1,6,0,21
M019,2024-01-22 07:00:00,72.68279739204178,0.3734321434824955,98.5689487218662,48.90201049266869,237.13930591376783,63.10617437979221,,725.9820143009944,Major,E00,1,7,0,21
M022,2024-01-22 08:00:00,73.10620024305399,0.3973357812481816,98.82010888006234,,225.9209833702947,51.93093122200907,1549.638261441186,,None,E00,1,8,0,21
M021,2024-01-22 09:00:00,83.70566089612015,0.33613767610927686,105.53971296221331,48.53807233458421,219.52666389013044,53.51828816116721,,1754.1360788992954,Major,E00,1,9,0,21
M024,2024-01-22 10:00:00,64.38546231084112,0.19652221111569068,94.6593063932306,45.00074645532437,213.33109622929618,41.13997146053592,1517.0130511133316,1033.075933671822,None,E01,1,10,0,21
M003,2024-01-22 11:00:00,71.83539987489766,0.24208370587921618,96.25477461882491,46.79595762201052,215.06806799513828,55.92061690274329,1563.3059280860043,827.7345124692972,None,E02,1,11,0,21
M023,2024-01-22 12:00:00,73.8266131368829,0.4936413736634306,102.44572215778268,54.02619078184102,225.43994337308183,,1297.716394096527,486.0835833192894,Critical,E01,1,12,0,21
M002,2024-01-22 13:00:00,67.58236130076999,0.2735224811359519,87.66897918028988,39.41018573644154,212.91357942142662,56.95927334852973,1568.3916560914513,1576.2279064015254,,E04,1,13,0,21
M012,2024-01-22 14:00:00,72.16996047049764,0.4498934620767446,101.76879237414572,28.46850914629547,220.02151008863308,39.5038993998506,1355.3754196141094,1599.8587184026142,None,E00,1,14,0,21
M015,2024-01-22 15:00:00,62.40030399549393,0.28461392838076827,,49.36342557087032,231.50095129871528,46.28686517766869,1430.781598985114,100.0,Major,,0,15,0,21
M009,2024-01-22 16:00:00,80.45943730365016,,106.84378073964119,36.6863419881022,221.20313914418924,50.86792088875878,1272.9449293394882,230.4352830720056,None,E00,1,16,0,21
M004,2024-01-22 17:00:00,67.9103126848174,0.3937645781719933,104.37330661479928,37.92871803034394,211.36694566962055,45.38269459348412,1578.5496120069665,1254.727025690388,None,E01,0,17,0,21
M005,2024-01-22 18:00:00,84.18840098867102,0.2925863887393388,103.31638685580025,43.28696123622994,237.42278282138088,70.26392682608642,1297.312443925734,1306.4724174552164,None,E00,0,18,0,21
M021,2024-01-22 19:00:00,71.80515405649527,0.46145505950313376,87.14433081156355,40.5342813655935,234.09958638356727,46.141788553904945,1355.9869400857635,1009.0688866134026,Major,E00,1,19,0,21
M008,2024-01-22 20:00:00,78.1683213923951,0.35530098506478874,99.17283683860944,,224.00941246703275,49.65318919423048,1364.6902556803414,1186.820378574758,Minor,E00,0,20,0,21
M008,2024-01-22 21:00:00,71.68018278605308,0.3822595592409769,90.58186751668578,42.99910152571987,230.2060432907127,45.1981760999259,,1101.104370141515,Minor,E02,1,21,0,21
M024,2024-01-22 22:00:00,71.81553700643683,0.3312675094386612,99.70508877618379,58.92539565452061,217.86416255092556,51.853469710760855,1480.8876916331183,1210.5712479506033,Minor,E00,1,22,0,21
M004,2024-01-22 23:00:00,68.49582400066795,0.39611042009119635,81.47776258488209,47.47219498730584,225.7956358213236,61.05880012817732,1597.4277661776107,839.6362078568459,Minor,E00,1,23,0,21
M023,2024-01-23 00:00:00,72.71474357619766,0.46051549178949036,,43.93765197677195,216.61168155855398,50.918843622216734,1487.4516611427275,1195.0993731224223,None,E00,0,0,1,22
M024,2024-01-23 01:00:00,73.90799216648429,0.340809984366375,109.5122688707215,46.89864583544153,209.15667976036036,48.24789396174116,1615.892448156362,930.2532445523618,None,E00,1,1,1,22
M015,2024-01-23 02:00:00,,0.47107989535244654,102.95242540805248,29.500441631751194,240.7353808867254,41.408716430032925,1545.5189279844287,,,E01,1,2,1,22
M005,2024-01-23 03:00:00,71.24973350484069,0.3071882934134617,97.16947322016266,49.05692627364835,208.74769546701356,,1386.542483173534,453.24295295315335,Major,E01,1,3,1,22
M004,2024-01-23 04:00:00,68.33940680365731,0.40348672275461966,92.73005341851022,55.190271555779525,222.38046504846326,,1419.9366633962768,,Major,E02,1,4,1,22
M008,2024-01-23 05:00:00,,0.3842380035370135,91.32596865930326,56.8902051221547,222.28701348142536,48.50642972261572,1681.2700062046874,1521.1894267165087,,E02,0,5,1,22
M015,2024-01-23 06:00:00,71.46161538053029,0.2751992549122341,,28.773910975465586,224.12804467351614,31.28850255480934,1647.2916822502025,1069.7660425550341,None,E00,1,6,1,22
M004,2024-01-23 07:00:00,81.27139291017936,0.3649666793246132,,26.772237573084283,219.2825258704652,48.982267193039014,1598.8894345457988,1058.6067444784921,Minor,E02,0,7,1,22
M012,2024-01-23 08:00:00,70.82626601515388,0.35051561564952605,112.37317746653821,,219.36600125417513,46.791160181074694,1614.6587049297243,1702.2876534302734,None,E01,1,8,1,22
M003,2024-01-23 09:00:00,73.55572584920945,0.29027654766062083,98.5218902399172,61.615948295914535,221.10729386712262,35.39196471701577,,1609.9929617820894,Minor,E02,1,9,1,22
M014,2024-01-23 10:00:00,64.07181557012838,0.37506017039358885,,,223.83894785072627,57.916891441689295,1540.2128009284904,1893.8330883267702,Minor,E00,1,10,1,22
M001,2024-01-23 11:00:00,69.31756444879281,0.3602402682275962,88.89197225555704,35.70365712302157,219.98546910855816,45.71806064618449,1505.9657840881196,2102.8340899302093,Minor,E00,1,11,1,22
M018,2024-01-23 12:00:00,73.26320802473548,,,27.56472639683544,219.45311083340084,65.16455102167984,1703.8619079742627,1223.794872117994,None,E01,1,12,1,22
M002,2024-01-23 13:00:00,,0.34519957716589206,101.41593124054388,36.79212834655661,209.431120456485,61.31553231751248,1444.2409860323498,737.1329732413417,Critical,E03,1,13,1,22
M005,2024-01-23 14:00:00,73.33189666605763,0.3436992818753466,97.01771431029451,35.981386457843065,236.10945975757903,44.2407711139965,1528.8360030432725,991.5445962251841,None,E03,1,14,1,22
M005,2024-01-23 15:00:00,80.302322167158,0.32426102651275707,96.11497173140614,56.22741262374308,224.28559319441894,60.954509218167516,1295.0075487169634,1429.2008204746564,None,E00,0,15,1,22
M021,2024-01-23 16:00:00,75.84437466121751,,102.61527700492259,57.15053099264453,221.67125409043325,62.88433755583388,1328.3139432240218,1776.0420982469047,None,E00,1,16,1,22
M002,2024-01-23 17:00:00,81.76440803678811,0.3049260051345353,112.11858625248792,32.40117753370876,215.00426164528312,45.527715555824884,1717.8194682361084,780.4549200302414,Major,E02,1,17,1,22
M011,2024-01-23 18:00:00,71.64574669616967,0.5359766644028999,101.15975496246261,54.0379927389792,211.97108645720124,41.73871912439382,1574.013631694171,1302.1112938234705,,E00,1,18,1,22
M015,2024-01-23 19:00:00,86.34133626391082,0.25134667281742784,109.1534902677851,52.80908278410514,226.8798915843803,32.7571625677726,1474.4761787410014,882.8552906093283,Minor,E00,0,19,1,22
M013,2024-01-23 20:00:00,69.08762278251527,0.3090684745935878,104.97281902015025,30.84383022284482,218.7211009193237,53.04353279271786,1509.3989504582441,1141.3382897774582,Minor,E04,1,20,1,22
M018,2024-01-23 21:00:00,67.40122899481399,0.3145980526796141,108.6748269973428,43.99417561406518,224.96851667658316,42.21339302005383,1337.0253443971342,1135.3546389620706,Minor,E00,1,21,1,22
M021,2024-01-23 22:00:00,64.73968290186579,0.4928345390027176,95.1222406132269,49.089839857889004,209.1827989303908,,1448.6256004014942,1352.4744716224077,None,E00,0,22,1,22
M010,2024-01-23 23:00:00,85.98614802934843,0.257590574501575,98.34458004012478,46.95882502460831,232.37483875181306,45.45719212273265,1325.0235865312716,2012.9302343041657,None,E00,1,23,1,22
M021,2024-01-24 00:00:00,76.91668543570738,0.37981456085902765,98.37781143388268,24.473507078297324,227.2110194832755,43.76214727155768,1464.563346506946,1390.0353106013868,None,E00,1,0,2,23
M008,2024-01-24 01:00:00,69.99527559971816,0.36738758455325776,104.3702178925118,46.57418945419943,219.35149845788285,45.508070098410485,1581.6384625240612,1028.0666391513455,Minor,E00,0,1,2,23
M025,2024-01-24 02:00:00,79.49413618124098,0.3733521613272183,,52.635178697180116,223.74100334738327,,1554.3961239705488,962.0516253720486,Minor,E03,0,2,2,23
M013,2024-01-24 03:00:00,76.1261531107067,0.4365440213827658,101.00044952889513,63.95513002641028,225.92803487627853,45.50437375697925,1690.6943304252495,1123.663044838725,Critical,E02,0,3,2,23
M019,2024-01-24 04:00:00,83.79676482825354,0.43510805518229617,107.01365261900692,36.97450559823422,209.30415559668424,44.107098648766936,1535.3680063149948,851.3241873245913,,E00,1,4,2,23
M022,2024-01-24 05:00:00,62.71300300356053,0.31843302214359176,95.49334818414901,38.4545621216533,233.42261513110336,49.88675489316154,1202.5821086073413,1255.8595375721377,Minor,E02,1,5,2,23
M020,2024-01-24 06:00:00,70.40783935011447,0.36358122146457933,107.083020423193,42.49359880952868,223.86608798466372,50.83406468948272,1734.0800421808017,235.50584787502373,Critical,E00,1,6,2,23
M022,2024-01-24 07:00:00,69.22487169634304,0.2195128577493499,108.12647553748694,48.49459105580267,214.36718169973838,41.43059929808896,1399.1167964100694,1115.5224846920585,None,E00,0,7,2,23
M014,2024-01-24 08:00:00,60.15790394154839,0.35693651059653503,105.4199707673973,46.16421321147426,211.2272667466835,58.80644152487955,1519.4523923931363,1147.196539740439,Minor,E00,1,8,2,23
M002,2024-01-24 09:00:00,78.36196322867816,0.29442074005176566,,52.251695855605085,227.89678193107238,48.72345092966751,1512.2193855902146,735.739660223656,Major,,1,9,2,23
M013,2024-01-24 10:00:00,70.37762066517985,0.3369532301827638,105.70658665923973,31.497761493418295,221.68927357781604,,1528.9078459389086,1047.1428839285188,Minor,E00,1,10,2,23
M005,2024-01-24 11:00:00,76.43778722991938,0.23202396946283133,92.84796427809208,49.762244271558586,223.86080722345676,51.92865840788859,,1647.9662064686963,Major,E00,1,11,2,23
M023,2024-01-24 12:00:00,86.15863160597767,0.37834106007033524,101.58689811488166,36.09341543729215,220.21331643645024,50.552832310830894,1507.8811583724705,1676.819741774641,Minor,E03,1,12,2,23
M006,2024-01-24 13:00:00,69.88053784903435,0.2312401913097074,102.40408381460098,43.279993175333054,,,1341.4035382372747,986.7446461198763,Critical,E01,0,13,2,23
M006,2024-01-24 14:00:00,69.47308210405707,0.360379922475411,89.36387469478812,65.49616352707447,224.06894231942493,54.91871513656734,1810.437930222523,1409.3941340659803,None,E00,1,14,2,23
M007,2024-01-24 15:00:00,72.71198501834398,,103.79667402351616,28.221086294807897,218.41971888679635,50.268534009293454,1578.1723567642057,600.599164118344,Major,E03,1,15,2,23
M017,2024-01-24 16:00:00,77.92348411790046,0.29052512754048804,90.00945019454548,41.64639037872755,219.8264709880549,,1506.225687515404,1081.5365388512514,None,E00,1,16,2,23
M015,2024-01-24 17:00:00,68.5997218481391,0.43083124717816135,96.57665361672456,29.704250732272502,239.01602164564463,62.83729918046768,1721.024029176056,1292.3222633955384,None,E00,0,17,2,23
M024,2024-01-24 18:00:00,,0.3911542562139535,,46.83681569462127,226.95255310211766,44.185177054558906,1371.3690476532975,1810.7710851524616,None,E00,1,18,2,23
M011,2024-01-24 19:00:00,78.3431356214482,0.43044421963693796,,57.578794984680215,227.4141192780634,54.90770862670337,1604.2067563973028,,Minor,E00,1,19,2,23
M008,2024-01-24 20:00:00,74.27183594302821,0.4591808992750903,100.66043230896254,47.035861426131234,241.76418501950047,54.680929411323554,1433.3800880765386,1283.571818565963,None,E00,0,20,2,23
M002,2024-01-24 21:00:00,59.731630421971076,0.2959012905002164,100.53245592348976,43.59940975997204,223.07659097744096,53.664895266070744,1548.2799422788198,835.3913040609623,None,E00,0,21,2,23
M001,2024-01-24 22:00:00,64.64764920318535,0.454928016370861,93.43854688512927,60.94082794862462,220.9576602915945,46.534406562444,1550.9343119743269,1743.406283220956,Minor,E00,0,22,2,23
M010,2024-01-24 23:00:00,81.00741518296326,0.24741460406747687,104.54379567059465,48.966029217265735,214.56634120487007,46.696268836677824,1219.6221869491399,1063.8847159004506,Minor,E00,1,23,2,23
M024,2024-01-25 00:00:00,74.41156969847287,0.4022270234181432,93.88674797355014,54.834792675741724,216.37958513418124,45.328942637607916,,1379.3956762986675,None,E00,1,0,3,24
M014,2024-01-25 01:00:00,67.4268244137765,0.315466359978002,118.30379499787756,53.58308864214162,203.6231698676143,45.170263511847466,1690.3727048095566,1150.9890010749411,Minor,E01,1,1,3,24
M023,2024-01-25 02:00:00,70.97754205659011,0.2848789900152478,99.12416941335516,,226.3233867104526,43.27900427238035,,1996.8968538160946,Major,E00,0,2,3,24
M003,2024-01-25 03:00:00,72.07942003681002,,90.62964684007974,44.079974332548616,209.8646320215168,49.16402171398749,1740.1896215283289,955.9824914423634,Major,E01,1,3,3,24
M003,2024-01-25 04:00:00,76.41440016168099,0.4161466067618449,92.12526587028982,32.06310637342377,227.22188785564603,43.937453168176766,1657.2150531202906,1566.5016114087819,Minor,E00,1,4,3,24
M021,2024-01-25 05:00:00,63.85041963084726,,109.1806437175864,35.048197270117655,219.6557918643154,53.48514955076836,,1165.43810051054,Major,E02,1,5,3,24
M003,2024-01-25 06:00:00,66.95430516797725,0.3650401922226354,96.72678680225236,62.69503328790352,221.02446971811491,50.455632715948354,1462.978280008958,1427.6418252934861,Major,E04,1,6,3,24
M002,2024-01-25 07:00:00,73.63773452918034,0.35923701109304673,,40.502333456128895,,51.352980623098304,1697.809969926142,1848.0048871906552,None,E00,0,7,3,24
M011,2024-01-25 08:00:00,71.4009925170273,0.38688066099899315,106.82970197702214,67.7108183496721,231.08859543106374,47.81208701005937,1752.362392108941,398.1708919420694,None,E01,1,8,3,24
M024,2024-01-25 09:00:00,75.43115509582026,0.37126348528620334,,28.107738956749735,229.67553887949143,50.5511863490699,1465.607813435122,1173.8442042759054,,E02,0,9,3,24
M018,2024-01-25 10:00:00,64.62295561584241,0.3878949087710186,105.2273560889548,31.995950636671584,219.76886875476302,48.02142017439314,1684.5797949389055,842.3740426251447,Minor,E00,1,10,3,24
M003,2024-01-25 11:00:00,74.14277205762792,0.36427996227775,107.48452820524902,54.14820793142364,212.80796738869364,56.236344638143734,1623.602227702302,1378.2927537452001,Critical,E00,1,11,3,24
M021,2024-01-25 12:00:00,78.54950171626483,0.40899486771544546,102.19570831046836,40.903541762897895,227.39111284265633,46.460885765743264,1644.3056757783797,1476.5322683966997,None,E00,0,12,3,24
M022,2024-01-25 13:00:00,74.9209112828957,,,48.68792803921259,212.2034002286779,53.00419574988839,1512.1375113135082,1011.8091661731298,Minor,E01,1,13,3,24
M021,2024-01-25 14:00:00,72.83467043856955,0.34081085674395295,86.20206005653421,43.652318083562996,207.5611096710547,39.54903245000156,1419.3098482114842,991.1792954618779,None,E00,1,14,3,24
M023,2024-01-25 15:00:00,71.42469838460417,0.25313074543080893,93.45639939782554,43.289085144407906,223.98679894790183,55.69659865550817,1373.4750492418427,1281.5228024772296,Minor,E02,1,15,3,24
M006,2024-01-25 16:00:00,66.99089308337099,0.3693691412323419,97.95239996316835,41.349167175215086,229.7479193744258,45.52591287999781,,690.7181895941974,Major,E00,1,16,3,24
M025,2024-01-25 17:00:00,71.56800844536127,0.4649351123097588,118.08938822886498,47.153920324892844,216.759318657649,42.701828817528124,1729.306665666173,1333.2870992629491,Major,,1,17,3,24
M009,2024-01-25 18:00:00,79.55823511728244,0.3168140652637122,114.3840197608177,52.699659450334835,223.2361415058781,40.88960293155436,1501.3133728520347,872.9160089824055,Critical,E00,1,18,3,24
M021,2024-01-25 19:00:00,,0.35890764212080506,110.30952693915133,64.37306581166972,,40.256628427229714,1362.6269268007068,1493.4592920904697,Minor,E00,1,19,3,24
M015,2024-01-25 20:00:00,66.66117606390954,0.4029540700445147,93.64700847403272,42.56984957588619,225.77594678948654,46.148229342998505,1620.2912911268395,672.8476574353816,Minor,E01,1,20,3,24
M020,2024-01-25 21:00:00,69.04651746740768,,94.57988208183656,40.276340452369496,,61.98902155792086,1442.5353357841877,973.0926733921013,Major,E00,0,21,3,24
M016,2024-01-25 22:00:00,73.20510178365558,0.31345226624990685,93.37151971887637,38.73046132249041,217.89707828414382,44.85341714523308,1421.8829393161682,899.5450973627127,Minor,E01,1,22,3,24
M017,2024-01-25 23:00:00,69.75891601691492,0.3755160961490995,93.7325848956739,62.63740626038999,211.77917473821978,32.32663054078918,1748.1612043906634,1080.7367736095214,Critical,E02,1,23,3,24
M016,2024-01-26 00:00:00,74.91181969837885,0.14721036920399072,,53.28389876536581,208.3437551791077,52.92373029244279,1340.315655469589,1750.5360249382518,None,E03,1,0,4,25
M020,2024-01-26 01:00:00,75.13706256449419,0.28162340548475195,98.04986301283326,22.211598882741956,227.40550745968198,41.085947659498935,1528.20568595636,1538.3870027696346,None,E02,1,1,4,25
M019,2024-01-26 02:00:00,77.33389908242789,0.42706005813669023,,21.682551566443415,210.9074680663374,56.518460631181306,1429.089590937167,,None,E00,1,2,4,25
M004,2024-01-26 03:00:00,80.5413568335902,0.4202097830315507,106.19509429538745,35.03930544602297,222.97619392961894,46.63138592938348,1409.9394846006696,1007.7786881468626,Major,E02,1,3,4,25
M021,2024-01-26 04:00:00,77.97515234623417,0.376202275915907,86.6917762077282,,226.21925654754014,47.807935859248396,1324.3374210256877,1554.125379920059,None,E00,1,4,4,25
M014,2024-01-26 05:00:00,66.39456561511224,0.4117538347960224,100.42116657015312,44.59835832937571,215.98958497159566,59.578486830842074,1507.150023930964,734.4172194368462,Major,E00,0,5,4,25
M009,2024-01-26 06:00:00,66.57879332054236,0.36505729640950246,91.22502617061663,51.17734262212417,218.67031319856036,54.941836086147134,1395.1318803216602,1208.952758706504,,E04,1,6,4,25
M013,2024-01-26 07:00:00,71.54537114124105,0.388877643520962,97.64468063553345,42.89467869380064,227.99234758005417,,1570.9653490948012,957.6946450859095,Minor,E00,0,7,4,25
M025,2024-01-26 08:00:00,69.29294785656352,0.327904240381157,95.3086344483263,61.76902525654731,213.53444970132193,41.20593129235121,1494.359171679175,1131.3244768707584,Major,E00,1,8,4,25
M022,2024-01-26 09:00:00,65.17003963823434,0.35810688780454647,94.89615403174994,54.26533654528819,212.72230715972722,35.73176047787488,1462.4849590068068,1523.6431684954323,Minor,E00,1,9,4,25
M021,2024-01-26 10:00:00,69.34984923496204,0.3057340729508924,101.80465445365091,45.930919285388235,218.12487023032745,70.82576770017111,1395.7746611175528,932.2994171177435,None,E00,1,10,4,25
M012,2024-01-26 11:00:00,69.15292239828577,0.43844383409276194,101.76970721914009,,,,1671.6847154212908,1589.6592169723224,Minor,E01,1,11,4,25
M020,2024-01-26 12:00:00,67.96891356143277,0.4565091586651541,98.24143528612812,25.21312530821735,232.8858487568288,,1588.28164844495,2079.8347672928044,Critical,E01,0,12,4,25
M010,2024-01-26 13:00:00,70.10526308306997,0.4465938960487951,102.96547474392925,43.97910344801731,219.20973583647412,45.741803474929554,1418.2388935400904,1441.6036668062593,None,E00,1,13,4,25
M018,2024-01-26 14:00:00,79.07070510191,0.3214323866825496,93.0510836731716,46.65014767353582,214.3030269756416,41.361155622065645,1336.895394595358,1166.3655758693114,None,E00,0,14,4,25
M016,2024-01-26 15:00:00,73.19542824749544,0.28323581724444385,105.45268695231542,52.224437999430116,228.51291692735668,50.17248620861329,1273.4412977487816,1662.854060572862,Major,E00,1,15,4,25
M007,2024-01-26 16:00:00,86.83085445633282,,98.35040782273916,,206.6456353467162,47.38668649085252,1636.4824072571623,756.4618416238352,None,E00,1,16,4,25
M007,2024-01-26 17:00:00,73.0230491161179,0.38807350418139885,96.13069150289682,41.87511711750622,221.9808868331847,56.414997462109326,1609.100752203713,1808.4292037153846,,E00,1,17,4,25
M002,2024-01-26 18:00:00,70.25960535637648,0.37300090390665497,93.64192950637614,49.805529556212896,,56.51507131665,1625.5884355441692,898.7733113570639,Major,E00,1,18,4,25
M004,2024-01-26 19:00:00,72.02479729592919,0.30564575405383976,98.06882031626655,50.72594551676803,,45.278871848525775,1485.5654101912876,2067.2376149091833,Major,E04,1,19,4,25
M011,2024-01-26 20:00:00,73.53895187066124,0.3797964668845735,114.96511405476738,59.23355809745041,,38.480364658624254,1596.721443125919,913.1517366805253,None,E02,0,20,4,25
M012,2024-01-26 21:00:00,74.61152374302638,0.27403053582366454,99.49348983917929,54.13806398888094,212.4597715364218,,,1464.6807385324848,Critical,E00,1,21,4,25
M005,2024-01-26 22:00:00,,0.3943843649255322,90.84477171085248,44.26984740753551,221.3414242837998,31.740336293618796,1491.6245532872215,576.1701872058146,Major,,0,22,4,25
M011,2024-01-26 23:00:00,66.92807721013459,0.44652206897243474,107.35055253428037,53.099684987385054,215.43516526206767,47.80432286730388,1457.0222261287665,1114.6993956682838,None,E03,1,23,4,25
M016,2024-01-27 00:00:00,77.15427634906641,0.4641731880735567,96.22457251366596,42.58363637334441,217.6533809207461,49.9055972120744,,768.1226264794439,Minor,E01,1,0,5,26
M006,2024-01-27 01:00:00,73.24650358568475,0.3995966837876871,102.27007203481976,,224.9391021964638,40.85737665324709,1551.1378659035415,623.3929741047086,Major,E02,1,1,5,26
M009,2024-01-27 02:00:00,62.5734135445763,0.25325849152652147,95.15471559658738,54.53762820176835,217.32084702326455,,1567.1056600455784,1682.2076834625238,Minor,E02,0,2,5,26
M010,2024-01-27 03:00:00,76.62419269256858,0.3638131091662215,,44.45639048174349,221.5514036522242,49.87132897283548,1451.2158308209303,708.978249351928,Minor,E00,1,3,5,26
M013,2024-01-27 04:00:00,,0.4997777220840399,95.27392194683229,49.34387615438205,227.65817732223812,44.94436281178887,1465.3510038524996,905.9709709535883,Minor,E00,1,4,5,26
M010,2024-01-27 05:00:00,66.85694157733542,0.2891971886690401,111.18286382862028,56.53570523180415,232.12129379036742,48.29656835748223,1473.9246001376268,859.3565280612514,None,E00,0,5,5,26
M019,2024-01-27 06:00:00,71.94639679264817,0.3458572898962848,91.60591532376971,53.545978328868635,222.30944115847564,47.06220120816685,,1655.8652370408972,Minor,E01,1,6,5,26
M009,2024-01-27 07:00:00,,0.4489467046260684,97.65674891427616,59.801662270576436,220.9421232563211,51.989841925730836,,1606.9996115126307,None,E03,0,7,5,26
M011,2024-01-27 08:00:00,64.44716124189398,0.39319937454515097,111.19996628725426,72.94137957543492,211.1416787241452,45.47776786215448,1367.3695821225388,1708.1180348505013,Major,E00,1,8,5,26
M010,2024-01-27 09:00:00,78.28817746570351,0.5236109427139574,101.34539379825071,53.43513328028332,232.68638763288575,,,885.414722377174,,E02,1,9,5,26
M005,2024-01-27 10:00:00,69.2015009639554,0.29869914317399876,118.17172753444507,39.46448938314295,223.96560854262518,34.945609729378965,1482.1761702402466,1739.8402891068208,None,E01,1,10,5,26
M018,2024-01-27 11:00:00,65.34718215037176,0.28071709499814246,97.84687640609586,,221.08980099589354,49.597339487524714,1537.8332641398686,,None,E01,1,11,5,26
M006,2024-01-27 12:00:00,,0.43568878050846216,102.05634282368538,50.62582099788501,220.68039377757356,50.70953457918107,1371.7349106839447,898.1248387558232,Major,E01,1,12,5,26
M008,2024-01-27 13:00:00,68.86552541141386,0.26628849602099247,,52.362128322124576,222.88522778844202,48.57840440337981,1609.080704848707,920.509022010441,Minor,E00,1,13,5,26
M020,2024-01-27 14:00:00,,0.3362262407827724,87.88861426606185,62.94019496684846,226.17432391904586,65.29467232406807,1675.517934260328,935.0756526782649,None,E01,0,14,5,26
M024,2024-01-27 15:00:00,76.43595615404942,0.3454047418598296,86.8979997345477,24.790661892191924,227.16440424104474,51.30222961886722,1549.6557143636737,1163.6852392631963,Minor,E02,1,15,5,26
M017,2024-01-27 16:00:00,65.02959984639392,0.42251926313701454,93.63593458232474,63.16605589595681,232.88641516645285,48.748183189944115,1634.7348126342831,864.5225485603504,Minor,E01,1,16,5,26
M023,2024-01-27 17:00:00,66.56780872390901,0.39299875776176724,106.5069815157866,67.20500241669735,221.94150806810092,53.99315975087924,1390.1793534897363,1292.5645819208069,Major,E00,0,17,5,26
M022,2024-01-27 18:00:00,72.92447995289321,0.38199454399238036,,51.81684795924257,234.03360975412323,66.90290830134182,1393.0368343572538,156.24064344068705,,E00,0,18,5,26
M013,2024-01-27 19:00:00,77.81645874448924,0.3218298385468833,104.77639245249615,52.10562097467759,228.4617862358605,52.021784351540596,,1291.2583631371392,None,E01,1,19,5,26
M020,2024-01-27 20:00:00,79.42896180893909,0.435050281335736,104.21365355591115,42.10026231288602,219.51894895064422,32.212133193952184,,764.1281160877438,Major,E02,0,20,5,26
M009,2024-01-27 21:00:00,68.00962967783026,0.6318076829909085,116.11512186561566,45.07588787780046,206.6610101724534,53.45646841579627,,932.2376424845819,Minor,E00,0,21,5,26
M012,2024-01-27 22:00:00,77.62426180151789,0.3983897469246041,,53.375425909777825,220.68449811437586,42.96611658896056,1671.0057116010935,941.8956469062668,Minor,E00,0,22,5,26
M014,2024-01-27 23:00:00,67.29514623917754,0.35697705452827855,102.9124018999822,52.60262871324389,232.46782243912259,34.62019851354278,,1577.2688988145128,None,E00,0,23,5,26
M025,2024-01-28 00:00:00,82.9572560814408,0.2591495920305487,110.87306348122368,53.64851676004065,213.79789495894232,63.58048997664391,1584.2609967224096,1401.840426606222,Major,E02,1,0,6,27
M022,2024-01-28 01:00:00,65.19737384748163,0.30537629854779924,104.31123152891894,52.520022859239404,,61.851572002627094,1419.0898243849456,1133.783183997054,Critical,E00,1,1,6,27
M013,2024-01-28 02:00:00,79.97087286475039,0.3350402836236887,96.31943956298238,55.780679689708435,221.3217512745742,42.75857983271903,1701.5890147490438,913.9062382561984,Minor,E00,1,2,6,27
M017,2024-01-28 03:00:00,68.06108335908766,0.3125779831813007,90.84315378360911,54.43978403982777,227.5370127346496,42.81095104880715,1481.2885181470185,1513.1511201489168,None,,1,3,6,27
M006,2024-01-28 04:00:00,84.0794787287676,0.3488745515831206,95.44507517045535,32.70781601687842,216.89750761773362,51.28133769530466,1622.2868121588174,1917.8839985725328,None,,0,4,6,27
M021,2024-01-28 05:00:00,75.54792437311491,0.47446112537651014,99.67940900362306,54.987216522094556,213.0449300123577,42.91856926565473,,1188.8021350866716,,E01,1,5,6,27
M014,2024-01-28 06:00:00,65.90390082355067,0.43730168421584636,101.40014724279683,67.30303939699473,224.56001720978986,48.91941085075445,1520.2377427313388,560.6725022565957,Minor,E00,0,6,6,27
M014,2024-01-28 07:00:00,,0.33888170984722216,82.91843521530593,44.68047897653517,214.05290384769918,44.29454381892771,1566.9403236262065,918.8415682480068,Minor,E01,1,7,6,27
M020,2024-01-28 08:00:00,76.68708723134245,,98.24351732060805,62.99375937578973,205.31595718286312,46.79678148709912,1739.4488536280655,1423.6864588867843,Minor,E00,1,8,6,27
M016,2024-01-28 09:00:00,78.31586650569336,0.4436157350031689,100.22865415639556,33.992456401060906,234.7229753954229,38.765158437229964,1447.2327480167319,1022.9147806893368,None,E00,1,9,6,27
M002,2024-01-28 10:00:00,71.57570644965323,0.34656620085770445,104.38029955903872,,227.41624529710043,56.615186619634805,1524.3075173198047,856.5221555054933,None,E01,1,10,6,27
M008,2024-01-28 11:00:00,72.26794968578079,0.2291449702078351,113.0144070600508,,235.0671022833375,59.630312316798594,1571.0226312741108,839.126754393699,,E00,1,11,6,27
M005,2024-01-28 12:00:00,76.5501181958644,0.3998701082945125,101.48522828356215,61.55065502908559,226.99210202412428,49.19836808661248,1330.2191941750232,1236.6713887673386,None,E00,1,12,6,27
M019,2024-01-28 13:00:00,72.79079056206491,0.42179806789634255,92.72349699001825,64.68571865290622,225.4429193735396,49.71005996900736,,586.4687892455545,Critical,,1,13,6,27
M001,2024-01-28 14:00:00,64.23897084396974,0.18018641165457314,85.45536493118823,43.809646558949254,222.95628506736287,55.03325614907787,1380.499520947452,1186.1372773218743,Minor,E01,0,14,6,27
M006,2024-01-28 15:00:00,67.12215585215891,0.29228117505069673,105.49608766489905,59.05273827194221,218.51177374750176,50.015209158711244,1616.0615869687335,1235.3864233508098,None,E02,1,15,6,27
M015,2024-01-28 16:00:00,73.41071965891,0.34226821920846,93.04730112418069,64.80751953484,224.09685265524078,63.83651079066725,1705.9688289264125,1020.1913280866767,Minor,E02,1,16,6,27
M018,2024-01-28 17:00:00,79.29289449898616,,106.93469581729077,44.604973704459965,215.57414012500718,39.46909714898298,1389.2417417775412,782.8555382823381,Critical,E00,1,17,6,27
M013,2024-01-28 18:00:00,81.69589454497229,0.31389773907630797,111.17936121730055,46.5570193415638,211.44616662016625,56.88753567745473,1353.9930594862956,1607.3614351116578,Major,E00,0,18,6,27
M022,2024-01-28 19:00:00,76.6771765246287,0.2917500668618244,87.64740187216661,53.8033844355238,217.3421934646314,49.086381079185145,1684.169517032772,666.887918809691,None,E04,0,19,6,27
M023,2024-01-28 20:00:00,73.72374456621819,0.40090184747761975,104.4311404700717,34.88954422175659,230.33193833081114,41.03030005057858,1432.1487937382801,1269.092445733312,None,E00,1,20,6,27
M004,2024-01-28 21:00:00,76.49288331589486,0.3172174338680088,110.34097928271476,46.32117114257473,210.14074650459798,67.97670994303249,1455.3851107205164,1491.1012582095693,Minor,E02,1,21,6,27
M024,2024-01-28 22:00:00,67.99949489875887,0.3879438255384088,108.15231460224226,70.71344527442326,210.2678667935992,69.08160298012639,1675.0960791259347,1263.7849370109702,None,E00,1,22,6,27
M016,2024-01-28 23:00:00,71.08061423845072,,83.22896450471636,38.99983775699644,224.73047330170257,48.33704050057763,1655.3640923796286,1692.4726365665645,None,E00,0,23,6,27
M016,2024-01-29 00:00:00,67.05521567196314,0.25533668865345205,93.17078364165036,55.24591488847817,216.67937036450667,53.557802784338044,1612.0878616032883,745.8416481872862,Critical,E01,1,0,0,28
M003,2024-01-29 01:00:00,64.50754433575374,0.40286884102992776,89.75855595399662,51.28565335364414,223.8839603612757,46.23050989994446,1294.6234654356358,883.6345492749755,Minor,E00,1,1,0,28
M016,2024-01-29 02:00:00,74.00129406981723,0.36767639372220495,104.1877820411764,43.034809095564576,227.91885945503557,47.51764125948415,1348.985371552927,1015.5064638138105,Major,E01,1,2,0,28
M019,2024-01-29 03:00:00,73.11307983950846,0.4145719013265345,103.30661298788398,47.6598611149127,223.692259874063,40.940006508387825,1634.4609705623066,2516.2787254487266,Minor,E00,0,3,0,28
M015,2024-01-29 04:00:00,76.12591490705408,0.31271848993549906,78.416864976475,66.03143909447314,214.94203537057243,39.75790247162842,1538.1468227350858,1403.1214928885718,None,E00,1,4,0,28
M003,2024-01-29 05:00:00,75.27667098535468,0.2943426288264178,97.59334702937727,51.64316575895161,230.26347046822883,64.75319977538207,,1478.0066151720318,None,E01,1,5,0,28
M014,2024-01-29 06:00:00,73.45586562794317,0.44525032212786375,106.40575864272886,53.51782347913515,225.9369814608281,49.68985692930975,1458.65293310052,1461.339870284076,Major,E02,1,6,0,28
M024,2024-01-29 07:00:00,75.33969999406533,0.24339288652038707,101.18380792979298,64.21034755502107,220.21462283351661,50.4046794151314,1633.3182518518565,1231.5280956365696,Minor,E00,0,7,0,28
M019,2024-01-29 08:00:00,71.74390142263513,0.4376022496426437,101.1701353559989,41.52707475602198,219.82733748881256,43.5158542451545,1683.313225654758,1619.7751011992898,Minor,E00,1,8,0,28
M004,2024-01-29 09:00:00,74.4773483713344,0.4424353295237668,,32.43702108194586,222.99194031581592,51.51976161818446,1499.2832055167214,451.8783807804409,None,E04,1,9,0,28
M024,2024-01-29 10:00:00,67.64313358388185,0.41020626599862525,91.52847247140258,,217.50413039793358,,1417.5698392435936,1310.7899262624974,None,E00,1,10,0,28
M024,2024-01-29 11:00:00,74.21823555383477,0.30185347380926864,99.86355340887613,46.63826139142117,206.9503624422395,43.81009150017564,1466.9408334423674,1371.287007694473,None,,0,11,0,28
M005,2024-01-29 12:00:00,76.01050611171605,0.2928433314292248,100.416747609881,55.72321020178816,226.0012619700934,40.401802304128985,1661.167868678197,1607.4594498958002,None,E00,0,12,0,28
M021,2024-01-29 13:00:00,67.98191143156679,0.335296095890126,104.92203616266364,35.852049772567675,225.5259441589694,60.34307294978018,1658.8240046883277,737.7272774603666,Major,E02,1,13,0,28
M011,2024-01-29 14:00:00,72.31099259395708,0.259347222621802,105.5719993943637,49.66231566295398,201.5914722744262,36.78481309017603,1523.3105676480377,767.1647375217302,Major,E00,0,14,0,28
M015,2024-01-29 15:00:00,68.25838494222384,0.2826814200872482,100.68689135330592,31.83680658165771,224.08540914125803,40.56627602223062,1436.461253936193,792.4485461485305,Major,E00,1,15,0,28
M012,2024-01-29 16:00:00,68.84095982090331,0.3951314004056332,,45.76487807673711,234.0518683111177,33.61928582814157,1629.9317812980553,1408.928167620366,Major,E00,0,16,0,28
M020,2024-01-29 17:00:00,65.25042386938708,0.39545443799569097,97.00060265491383,37.224921777860644,210.97889317461167,42.87990134401694,1694.7533452409343,1414.633918942746,Minor,E00,0,17,0,28
M025,2024-01-29 18:00:00,79.59464955099934,0.27652976214255304,,34.468147981049384,219.4136696728743,46.323832152694635,1325.5791617822586,820.0784889531507,None,E00,1,18,0,28
M020,2024-01-29 19:00:00,78.39411104832028,0.3973285354710052,103.81642935534565,41.36252796760892,218.54414148692754,57.822243016472875,1472.1081983395238,1965.710547132127,Minor,E00,1,19,0,28
M024,2024-01-29 20:00:00,,0.3818012314017864,101.01103643511404,20.0,233.28329547496708,48.22401728424196,,1314.5485790436674,None,E00,0,20,0,28
M024,2024-01-29 21:00:00,83.83317571166289,0.45569203782039724,103.9754521254389,31.081170746669603,228.9675763532557,46.7153047293443,1508.840677848853,1249.6823338658876,,E00,1,21,0,28
M003,2024-01-29 22:00:00,70.86452582058965,0.3898395509307265,89.88438921373658,54.38896987512394,212.97267082790054,52.399264989159846,1441.3696353710768,1116.94921126293,Major,E00,1,22,0,28
M007,2024-01-29 23:00:00,90.1905744906638,,114.32636870888835,49.171996674572725,222.7369481868682,46.45677501695667,1522.222573121436,1572.197469808284,Minor,E00,1,23,0,28
M019,2024-01-30 00:00:00,70.63482350782068,0.3833954313651148,105.68401930930914,32.10975663644871,238.4213770582202,69.27926290152708,1544.4845162363245,1355.7976999943376,None,E00,1,0,1,29
M015,2024-01-30 01:00:00,73.53116011053609,0.41859503767880313,97.69602487200699,51.574482833580795,215.0023368068709,,1364.7795181208114,1955.9406540674029,None,E01,1,1,1,29
M002,2024-01-30 02:00:00,,0.25990179904025573,92.51637483228284,34.46144313417738,219.91076973072535,53.30969426055825,1510.8954122631608,714.4401925852986,None,E01,0,2,1,29
M003,2024-01-30 03:00:00,74.23395336036182,0.34147788800223605,108.61722728345799,53.66356644496102,224.10805842790094,56.61164626684517,1544.0800219634339,581.7744869395941,,E00,1,3,1,29
M014,2024-01-30 04:00:00,77.01368956731747,0.34727120622407287,91.18584174348915,43.61233111845809,215.11956360224593,45.04228796604688,1441.0985689335832,903.9766397093829,Critical,E00,1,4,1,29
M016,2024-01-30 05:00:00,71.3165016416815,0.3329375037145302,118.09091859833656,41.09852219529208,234.10562467994197,51.32297866113084,1406.4614172862814,1421.3401833748078,None,E00,0,5,1,29
M005,2024-01-30 06:00:00,82.66031908270573,,95.09436048080535,43.90723651527055,,45.993236385901156,1435.4534892090753,1028.7636616799798,Critical,E02,1,6,1,29
M005,2024-01-30 07:00:00,73.43489570780076,0.39440657581470256,113.76404171684489,75.71434147998849,208.88771896700644,52.19216646357352,1383.490486351491,1708.4110767200473,Minor,E03,0,7,1,29
M004,2024-01-30 08:00:00,73.6229123166612,0.3774579953949804,98.52420971941827,35.894381765731794,215.8001436886697,50.8073935284431,1602.0744661791996,1042.5767749652885,Minor,E00,0,8,1,29
M015,2024-01-30 09:00:00,66.5460138329177,0.3376139283145063,112.64597367056247,47.71870399519654,225.22416068948937,48.877736077129505,1381.9631861960818,1632.763340844852,None,E03,1,9,1,29
M001,2024-01-30 10:00:00,,0.2984988944108412,94.12105194538788,54.376424513908454,213.61460699396596,40.755491548244926,1522.6851959443375,867.6954378344409,None,E00,0,10,1,29
M015,2024-01-30 11:00:00,71.19583667514381,0.4268030251909364,100.1506910283736,33.45104581093278,222.41759511093682,64.90955837765489,1455.0961238984776,1673.2212033888852,Minor,E01,1,11,1,29
M012,2024-01-30 12:00:00,68.35056162397628,0.3744812971629684,106.43799464136453,25.868905951128813,224.50040352113334,54.6911939054061,1415.2578775126221,1747.661278034223,Minor,E01,0,12,1,29
M012,2024-01-30 13:00:00,67.34115355110981,0.27869702991204137,105.29661709356658,37.786822284453926,210.32852766336276,37.29090117966926,1664.5593149650579,974.085643235408,Minor,E00,1,13,1,29
M017,2024-01-30 14:00:00,88.03058027854011,0.3364418720845263,108.80609466926308,54.113558413306414,215.49038225924622,46.63704327996489,,1395.8246862991812,None,,1,14,1,29
M014,2024-01-30 15:00:00,70.41913649892578,0.22796902256048468,96.10022308158749,40.89595857926061,222.79176687630454,37.44483176714846,1419.672068788008,1307.0859653721493,None,E00,1,15,1,29
M019,2024-01-30 16:00:00,63.258087475312394,0.352475943004321,100.67846698279848,42.2267288236677,,56.096650928359445,1408.1857560610313,1406.682798778384,None,E02,1,16,1,29
M020,2024-01-30 17:00:00,67.81067124160457,0.33611340401809825,109.98710860798457,55.92923581550496,215.68972784185888,49.82573838020654,1540.6877674502996,1713.7747456973548,,E00,1,17,1,29
M024,2024-01-30 18:00:00,71.69059296314272,0.30978731347512634,94.35795598624838,35.32388304606169,221.21417848198422,,1599.190543264989,1589.2846184502198,Minor,E00,1,18,1,29
M020,2024-01-30 19:00:00,75.28000219569891,0.46092201328624705,104.58032848894722,43.9349362662466,217.72851000203391,43.26106219123885,1652.4905795811403,1405.645107684467,None,E00,0,19,1,29
M013,2024-01-30 20:00:00,75.32877913035188,0.2690692116320521,98.246718081778,26.833907504198173,225.82280136640475,47.47548810988917,1479.88124909774,1465.2209203147781,Major,E00,0,20,1,29
M013,2024-01-30 21:00:00,76.05968731065916,0.39944750661776346,101.64699285266084,48.84862872870955,224.15530863332486,56.297472804903606,1472.6722765552197,692.2926151410448,None,E00,1,21,1,29
M006,2024-01-30 22:00:00,68.13083816017603,0.5030695712652311,100.6764017313156,,217.0121358784346,58.44665721478221,1515.7145225247893,1183.63203844017,Major,E00,1,22,1,29
M015,2024-01-30 23:00:00,74.04264266100927,0.42540875326016814,93.69373479372028,54.54643557800661,223.82755080956926,,1520.054959751769,759.3983901330832,Minor,E00,1,23,1,29
M004,2024-01-31 00:00:00,66.74364321533653,0.3477922852531563,97.91445446302042,31.25692641994337,216.69921302565842,37.582665083871206,1407.353198238735,1192.7362157404257,Major,E01,1,0,2,30
M024,2024-01-31 01:00:00,,0.27061519524036703,101.15945801661364,,223.65889563485183,48.5110717876425,1675.4894375923298,1646.7235490346175,None,E01,1,1,2,30
M022,2024-01-31 02:00:00,66.49374615299844,0.2546556476390881,99.17820801030297,29.658355674501756,,,1502.666610820651,1197.1784339132666,Major,E00,1,2,2,30
M003,2024-01-31 03:00:00,64.86966687241038,0.3211913813529734,112.58188759835392,42.046719766130416,238.96837222854808,44.121795285189904,1564.168801065906,197.76393155912314,Major,E00,1,3,2,30
M020,2024-01-31 04:00:00,78.38525693314806,0.3019099486260264,108.0796444545309,62.7814569052947,,36.727874184725266,1550.93454773066,781.2800504895904,None,,0,4,2,30
M003,2024-01-31 05:00:00,76.13167020587332,0.29963171637293073,102.31984398794798,41.15096692831221,218.86985210429205,39.7069556299833,1548.4719574473,1432.4352559076126,None,E00,1,5,2,30
M019,2024-01-31 06:00:00,77.85999221986879,0.3271580581170129,93.89483053824398,,214.822147196863,61.99819814961948,,984.3545083671934,,E00,1,6,2,30
M003,2024-01-31 07:00:00,72.23587839614578,0.3428427034980019,93.40781526481638,36.841448820302205,211.73741041768645,40.46830894928525,1499.2319420913752,1513.5375039430942,Minor,E00,1,7,2,30
M013,2024-01-31 08:00:00,76.66084619319088,0.3839648363351707,115.79048828224329,25.668577998993463,216.34831605126064,50.3804855871808,1773.6893148512568,717.1161371236547,Minor,E00,0,8,2,30
M017,2024-01-31 09:00:00,61.432263572144734,0.2633542646376299,91.92091651142245,29.450725454313368,225.3208055617699,48.749320039915204,1690.460246154439,1352.687439652075,None,E00,0,9,2,30
M019,2024-01-31 10:00:00,,0.3022429342706865,100.9108769452042,,225.89969225079446,48.76974657814926,1518.840919280322,1372.7773287780676,None,E03,1,10,2,30
M011,2024-01-31 11:00:00,73.06271898003018,0.3388229542024263,102.88758971478944,27.644601151654758,222.36543875749865,47.4411082654589,,1515.9603842494412,Major,E01,1,11,2,30
M024,2024-01-31 12:00:00,75.762657600895,0.3363160364603711,97.50941078813355,48.74794308425853,217.63388095576073,56.31309610760823,1233.866449105197,937.9160709998616,None,E04,1,12,2,30
M020,2024-01-31 13:00:00,74.28013979429169,0.4785496595189396,91.98236988338112,45.30891211059088,216.05300011255352,50.2849033524159,1440.3196583734489,1511.9172752905383,None,E01,1,13,2,30
M006,2024-01-31 14:00:00,66.07766907277868,,93.7208268879481,38.62166101087999,212.6653559163038,44.994762720352334,1490.5897070913095,1802.6236049324352,None,E00,1,14,2,30
M017,2024-01-31 15:00:00,63.01176134765372,0.23704871316284026,95.62795998156777,47.72819976069332,215.54489919229596,50.410750593881566,1461.9220247728629,290.9222756308777,Major,E01,1,15,2,30
M019,2024-01-31 16:00:00,67.72767500290222,0.3792726953110735,94.32405704721776,33.74806188783293,209.6389755269418,39.779646689517634,1470.278109514698,1220.68113309405,None,E02,1,16,2,30
M009,2024-01-31 17:00:00,75.38950368763747,0.3881964605920785,110.62176314544745,55.090132809924555,230.8628664950053,53.80755677803113,1574.6917619829376,477.4600045862971,Minor,,1,17,2,30
M019,2024-01-31 18:00:00,76.14054849105237,0.3412410380228683,99.92699205221896,36.619916417132025,234.69721189057637,44.55226519731054,1379.9573130731294,855.9216171351853,Minor,E01,1,18,2,30
M023,2024-01-31 19:00:00,,0.2650622327913559,,40.363597336717355,204.5130979720006,45.01303077784247,1532.7182059354786,888.5702254152213,None,E00,1,19,2,30
M021,2024-01-31 20:00:00,66.1134037951907,0.4730638286719424,100.85566435093764,38.935787935234714,222.31410910280488,54.10438029664775,1486.768936263951,1173.4195191889523,None,E01,1,20,2,30
M020,2024-01-31 21:00:00,67.66058588435496,0.27510812604931195,105.34364724235931,53.27368277289319,222.18153564284822,46.74147268314594,1394.1235782591643,1351.01641521252,None,E00,1,21,2,30
M016,2024-01-31 22:00:00,69.85616963839911,0.3962540544491153,97.24304235153936,51.53332696210679,221.67047031672107,47.191870763505044,1700.89257278492,1561.9933383290725,None,E00,1,22,2,30
M007,2024-01-31 23:00:00,63.827695014884085,0.36400353703447547,107.21585036140732,20.0,215.25804543029594,59.34104188251745,1589.7371862371006,1305.6085372279415,Critical,E00,1,23,2,30
M020,2024-02-01 00:00:00,63.467689403159206,0.3920567384320839,89.83082580514753,48.05091523533815,228.18011167004553,42.21449813142214,1405.6320251778388,1469.4510235042808,Major,E00,0,0,3,31
M010,2024-02-01 01:00:00,67.06898822155468,0.4694800546917131,109.37042905693131,24.064886018093027,223.28381841262848,53.98708001370199,1562.0701301472245,768.6004564141413,Major,E00,1,1,3,31
M014,2024-02-01 02:00:00,72.51752301735003,0.3893147210498724,99.92838128182224,40.90413945373004,228.27297403171067,57.59619221856783,1333.2645322606077,1622.6635724402988,Major,E03,1,2,3,31
M008,2024-02-01 03:00:00,64.91643396147906,0.31089350410695266,99.61590118598617,43.701911739039595,214.09990416469756,59.33517759177317,1420.3824987080334,100.0,None,E01,1,3,3,31
M008,2024-02-01 04:00:00,71.3051789401694,0.42741945925895725,94.45588540428118,40.77530124561795,208.93453756273655,67.41216015073809,1659.308375304922,1810.6768414997173,Major,E01,1,4,3,31
M004,2024-02-01 05:00:00,78.35131689685089,0.3058230384969116,,51.009830665186996,,,1542.1817850321515,1738.8799977172782,Minor,E02,0,5,3,31
M025,2024-02-01 06:00:00,64.18932157551895,0.36144906079766875,86.66662451347688,53.64091879295439,212.29645019345398,43.05651333363895,1532.5436779595072,1500.0216323471034,Major,E00,1,6,3,31
M004,2024-02-01 07:00:00,70.76132544953677,0.25948414743889464,93.8977866484017,35.718410486168516,228.43679684667097,56.5377236112734,1618.4361696872566,2091.5863430356085,Critical,E01,1,7,3,31
M003,2024-02-01 08:00:00,78.14854040250464,,104.70138576481882,35.28243597003215,202.98702948498533,,1573.353373189166,478.4726026765419,None,E01,1,8,3,31
M024,2024-02-01 09:00:00,69.49038965781715,,92.3097726215627,44.5683653561698,216.25168084078246,43.674122817940535,1468.0738136908888,1511.770889008028,Minor,E00,1,9,3,31
M014,2024-02-01 10:00:00,68.55798185484949,0.375766069600661,87.61241451420553,26.475215033206126,215.07262521877547,53.878435929836925,,,None,E00,1,10,3,31
M011,2024-02-01 11:00:00,78.98097488583885,0.23083265641162784,92.72747751329771,39.27626429774786,217.3409868653427,71.79365488559294,1297.3253314393858,1297.634226393146,Major,E01,0,11,3,31
M019,2024-02-01 12:00:00,70.16278752617072,0.3848101157600465,96.92133345996548,61.17693400064829,222.08879257570564,50.83731525045172,1419.9030394959952,734.5720301105592,None,E02,1,12,3,31
M010,2024-02-01 13:00:00,78.62697015123341,0.29263997163811917,97.23599021870118,26.924393217471412,223.16988588801118,57.38799043931898,1488.3658844512383,1357.923001503793,None,E00,1,13,3,31
M004,2024-02-01 14:00:00,74.5737923467632,0.43957816109698167,98.96885673405788,40.918591688239104,,62.61389908479943,1565.7274808716757,1339.1293592027052,Major,E01,1,14,3,31
M019,2024-02-01 15:00:00,69.94293208254098,0.3253624899822844,108.26085076841503,37.8923902448386,226.03989091431706,70.02996919683083,1461.0000903255832,924.16194328793,None,,0,15,3,31
M005,2024-02-01 16:00:00,74.87814318358518,0.27134644113150097,109.99403550473191,69.0632145766531,218.6277951946259,51.96559705036541,1285.912721924828,1172.522627322813,Minor,E03,0,16,3,31
M014,2024-02-01 17:00:00,73.92269708307623,0.35530631905714766,116.04370004311457,38.54566551996416,,,,674.1984523834963,Minor,E02,0,17,3,31
M024,2024-02-01 18:00:00,,0.2858635499244892,87.00074146641145,39.24226937569805,231.0967226716559,43.692047069912725,1491.8288740921441,1041.840472544151,,E00,1,18,3,31
M024,2024-02-01 19:00:00,68.7099267728099,0.43882615990031876,93.15292863730932,32.63082086637923,217.5040942747091,50.19904755578955,1442.6669342411135,1584.3270702526142,None,E01,1,19,3,31
M010,2024-02-01 20:00:00,72.24723640068972,0.35003711452731695,105.58788125647803,45.111861642807014,218.90501046286417,46.42838020080175,1390.8027360081426,1592.3227289201038,None,E03,0,20,3,31
M020,2024-02-01 21:00:00,71.63090592237218,0.3393826363834699,96.36775027579979,48.24200466028425,217.33561765839798,34.917274662805,1370.7274454539906,1507.480649321344,Minor,E00,1,21,3,31
M016,2024-02-01 22:00:00,76.2248888498387,0.39142607132517054,106.88629175879386,34.37016182856487,222.90638891088463,37.175729817421754,1516.05312575429,,Minor,E02,1,22,3,31
M012,2024-02-01 23:00:00,65.84892483333495,0.27965367925597945,101.65690744091862,56.86467360866358,,53.44026058263426,,1589.3860213915016,Critical,E00,0,23,3,31
M004,2024-02-02 00:00:00,78.10186228942713,0.25975924412700396,,48.25276301146211,213.68370031260838,53.59751140786335,1516.0632593844691,942.5812934216625,Major,E00,1,0,4,32
M010,2024-02-02 01:00:00,74.7979726330225,0.3785846105609146,108.34172891146149,55.22279122518218,202.66107003668498,41.666971359522314,1657.8723101738794,1335.8187118814967,Minor,E01,1,1,4,32
M017,2024-02-02 02:00:00,64.09844955820232,0.27302305043938335,108.48813301247185,41.062373665920965,216.8107189698146,62.459082897055126,1455.1209993968466,1634.711890707385,None,E00,0,2,4,32
M025,2024-02-02 03:00:00,79.249576952883,,96.70502713045043,47.918211970696,228.51807347179204,41.120147223103736,1553.213076706521,648.1750309559944,Critical,E00,1,3,4,32
M001,2024-02-02 04:00:00,85.40455848478639,,,42.442842061511016,218.78319183880427,52.058151676067766,1662.244709780644,,None,E02,1,4,4,32
M018,2024-02-02 05:00:00,78.01100381729644,0.38675448769887577,,62.4921785938938,219.23070446816268,46.678084341237565,1481.0550511209458,623.7403471027351,Critical,E00,0,5,4,32
M022,2024-02-02 06:00:00,80.56190860335882,0.2622319320282962,87.95286285080074,,222.2252731508441,50.85558419374097,1503.1166765029182,485.7839499673366,,,1,6,4,32
M024,2024-02-02 07:00:00,72.51222828961554,0.3066604769941064,111.77415404396426,45.10504737977998,211.98210053763898,57.18826613290284,1455.0619514744362,779.6775038710437,Critical,E00,1,7,4,32
M011,2024-02-02 08:00:00,62.03097048156894,0.28673879108375755,105.96309847074569,39.50109601174903,220.2022897011539,56.05873613048522,1571.1007487047082,989.8125315758762,None,E02,1,8,4,32
M003,2024-02-02 09:00:00,60.935277292994854,0.4743423508628406,97.2397830073525,38.808436434334034,227.1226359639906,55.66273811017164,1608.2726521349832,1804.9222067741237,None,E00,1,9,4,32
M007,2024-02-02 10:00:00,73.53049226320655,0.41342072992994255,110.43674005967978,47.85266489788592,222.45250533289584,54.641245019333724,1542.1536155288834,1025.010300028089,Minor,E02,1,10,4,32
M022,2024-02-02 11:00:00,68.44812715362012,0.3205408607796308,94.95705882602276,54.83504951247257,227.82531785009368,,1472.4669634062536,593.4518852687484,Minor,E02,1,11,4,32
M022,2024-02-02 12:00:00,66.5125423300359,,85.29492425235779,36.785302825078944,230.11305525014927,59.07623704999739,1320.0331723209463,1266.4753585986225,None,E02,0,12,4,32
M016,2024-02-02 13:00:00,71.62351989618794,0.25506696698484194,108.05895802314892,46.518951326113545,225.30071809310246,41.517692049894194,1494.18842493587,1124.4145030333489,Minor,E01,1,13,4,32
M004,2024-02-02 14:00:00,,0.30291476941673545,89.77151813507203,,214.29306380655953,49.15172726520013,1476.9655465109495,887.1472299236169,Minor,E00,1,14,4,32
M004,2024-02-02 15:00:00,63.28345471942712,0.357340428615932,98.43379627500813,49.30036219650732,217.24691709103791,47.18938462931633,1528.3195312663306,964.5747311326603,None,E03,1,15,4,32
M012,2024-02-02 16:00:00,69.30673427831769,0.3816561524402139,101.64898432627008,24.510043177671378,235.45191082373307,52.80098634098189,1514.015067979062,1626.8355719165338,None,E00,1,16,4,32
M015,2024-02-02 17:00:00,81.0592240987219,0.3431778612140589,103.0837227579101,33.90320760346814,222.51334810662797,46.12227802899569,1688.688978081396,636.0461390409686,Minor,E00,1,17,4,32
M001,2024-02-02 18:00:00,65.54826971867175,0.3673609457499958,106.78720844963037,28.60986575853719,221.44765271817917,48.73191509747869,1416.430813358371,533.6922044913747,None,E00,1,18,4,32
M018,2024-02-02 19:00:00,77.21856712298974,0.35548355219671884,104.6468114101401,45.394613119820946,213.12032527700836,62.950944306474966,1310.9684337112492,1386.7342417663367,Minor,E01,1,19,4,32
M014,2024-02-02 20:00:00,69.09161543070604,0.33854958185843775,104.39914021249622,34.18831956131627,219.26831075507744,39.63797301452906,1362.8957517745996,,Major,E02,1,20,4,32
M001,2024-02-02 21:00:00,75.27476255909971,0.3292698085466374,93.67398574354807,39.04510657887903,225.7309886892223,49.98026854638817,1423.9652416232973,1820.8836344932602,Major,,1,21,4,32
M003,2024-02-02 22:00:00,78.5839650432172,0.3201614589125551,102.35394845814126,30.66863371306985,220.11876568397173,41.0869826858593,1629.840860590039,1138.278718187437,Major,E01,1,22,4,32
M012,2024-02-02 23:00:00,76.44769060191012,0.36623562560400114,87.95560023959915,40.16116155398637,215.8449741211948,55.39479711653275,1344.330890373301,1159.85097211753,Minor,,1,23,4,32
M019,2024-02-03 00:00:00,77.45495761328326,0.3787570912439619,,31.510756785374774,217.70091069642064,44.186169500184526,1360.3437365570967,1514.6207482976702,Major,E03,1,0,5,33
M021,2024-02-03 01:00:00,65.09043879955226,0.36388514171231834,88.7794814094542,54.09490130439541,229.53460254412877,50.30829152201414,1549.668745371376,531.1359175066298,Minor,E01,1,1,5,33
M011,2024-02-03 02:00:00,78.6819582404478,0.2674982064999258,97.22848128994924,50.75073563754693,225.3422465013139,39.402680528510736,1601.9167310629123,1335.0344049283724,Major,E00,1,2,5,33
M008,2024-02-03 03:00:00,66.88384131219108,0.2800750504199768,89.44900608778573,46.80275137769223,224.27232181489788,60.33231864955871,1314.0913512786258,1053.7527206416416,None,E03,1,3,5,33
M025,2024-02-03 04:00:00,73.55725059342923,0.3779217264163647,94.15866971307479,41.37669684383318,223.5270571115893,50.58231933537864,1287.353432646638,1610.7226636435266,Major,E03,0,4,5,33
M012,2024-02-03 05:00:00,73.54947712198336,0.45301713104696145,100.1074273234564,20.547758804367298,210.5357603261182,51.102124115182725,1405.6156080598578,941.2891193467824,None,E01,0,5,5,33
M008,2024-02-03 06:00:00,74.91073535321749,0.3606690823091128,95.76993521187198,39.50152049406185,222.17879269399413,56.632492968107,1578.8834559364416,1270.728846720166,None,E01,1,6,5,33
M012,2024-02-03 07:00:00,74.02174005636114,0.32118321112661036,109.15397006516497,35.86252147575151,,39.98873178989143,1517.1872055489864,1056.4143137799463,Minor,E03,1,7,5,33
M001,2024-02-03 08:00:00,66.93714012885167,,101.81520812770238,47.96729060718626,217.91262767023804,45.0798215300277,1410.0031358865078,1365.1598054731146,,E02,0,8,5,33
M008,2024-02-03 09:00:00,63.9007955262257,0.27042250042405996,96.29672216617125,52.436486025652464,227.81942449888658,51.36043329263852,1588.7316429844277,1099.5415282831652,None,E00,1,9,5,33
M013,2024-02-03 10:00:00,77.2340920797706,0.44162602095755243,98.93134456020763,48.89559194991704,224.36181374816982,35.904093254334256,1514.9166388478666,1304.9241548808488,Major,,1,10,5,33
M023,2024-02-03 11:00:00,73.1150074651135,0.36306159011556194,109.75760365644749,60.156459709519055,226.62138274045364,36.76298651845912,1487.088535805292,1901.2954729955347,Minor,E01,1,11,5,33
M019,2024-02-03 12:00:00,78.89626104574691,0.30313799507526157,107.27096706627573,38.18022918737892,220.40749189245665,43.4299013963533,1306.2781286764389,1085.6053101009152,Major,E01,0,12,5,33
M020,2024-02-03 13:00:00,71.7316023948728,0.3383243173734987,90.8898328478767,37.68268942415228,227.09268448973995,40.87201885587773,1407.5377756116375,1361.0997692281894,Major,E00,1,13,5,33
M014,2024-02-03 14:00:00,63.569013835938236,0.3131074637555469,,57.45453874683092,208.2825470926349,,1734.831307241637,2114.5871707903343,Minor,E00,1,14,5,33
M003,2024-02-03 15:00:00,77.79677808602463,0.44181689837717836,103.79831854947497,46.99459673445761,220.26516576138704,54.179457132844355,1459.6448249333027,1355.941808315551,Critical,E00,1,15,5,33
M010,2024-02-03 16:00:00,69.77777634203336,0.33584319373870586,102.82693268821632,,225.70411888862017,55.99904261668985,,226.32892385591728,None,,0,16,5,33
M025,2024-02-03 17:00:00,74.05202074452613,0.36087560222809145,91.5969476688099,67.15825373873739,222.37039620996762,64.47528518748264,1454.1298356362888,933.4948030175616,None,E00,1,17,5,33
M002,2024-02-03 18:00:00,68.11524342912288,0.3901608519655904,105.99301271445299,51.93276656859219,228.7649892480323,49.81900444834894,1514.2901495694223,718.5003529681302,,E01,0,18,5,33
M022,2024-02-03 19:00:00,,0.298146337736482,92.87300687850883,42.713469912791,218.74320939843085,51.23487038694731,1606.0012670404092,1568.7852447070168,,E00,1,19,5,33
M018,2024-02-03 20:00:00,66.74061105490082,0.363559662629461,110.43061419085073,36.7686622362324,215.62035781595952,49.800955502912544,1574.5302048106582,1162.4722573920396,None,E00,0,20,5,33
M008,2024-02-03 21:00:00,69.97542147536295,0.3692104898575947,104.23559324999697,60.918152059006424,206.8874000067011,52.56214611738528,1418.8084790136584,1625.4071970166008,Minor,E00,0,21,5,33
M020,2024-02-03 22:00:00,72.6446922161839,0.24121448252855648,90.94460439483423,47.48396425067603,217.8162679970168,53.18693926659846,1652.5892200480316,1444.622717814755,Minor,E02,1,22,5,33
M021,2024-02-03 23:00:00,,0.3676887542144327,95.7673863882927,45.29420303446113,224.13499957455969,57.37694207584844,1597.7626032900134,1442.8961924391638,Major,E02,1,23,5,33
M002,2024-02-04 00:00:00,73.98311717152558,0.34679665545398025,95.62831508377101,53.11531712946108,226.0880681099929,57.345666012834904,1446.5839707868288,710.6771093513668,Major,E00,1,0,6,34
M003,2024-02-04 01:00:00,81.67146286480494,0.35909764044811976,101.27901377041864,,208.80651534675184,54.154906182767576,1484.6162094033045,1401.957848154494,None,E00,1,1,6,34
M017,2024-02-04 02:00:00,69.05722703583774,0.3524940799443396,98.36818481590008,51.598439813890764,229.40260101061307,62.08138257323049,1572.0802899794628,1746.6359759573706,None,E00,1,2,6,34
M025,2024-02-04 03:00:00,74.37085691419036,0.36814189110650575,90.83608869294574,55.60770690758333,,,1628.9644189976643,621.1613875146617,,E01,0,3,6,34
M001,2024-02-04 04:00:00,55.503387683768665,0.44361402579733106,88.8459268302194,50.41649230683218,219.0308148696427,45.10745840561937,,1073.1426366259195,Major,E02,1,4,6,34
M017,2024-02-04 05:00:00,71.76642479709096,0.2674344811540423,104.39218667518288,51.65868700116272,215.44946894673967,46.41563958329739,,1341.7675395097049,None,E02,1,5,6,34
M004,2024-02-04 06:00:00,,,102.2898949165133,36.22034574187878,223.3379990706591,,1496.2650433817707,1239.2063712983786,,E02,1,6,6,34
M017,2024-02-04 07:00:00,67.0890143855377,0.3966633040273985,100.84430045764026,66.7242465794107,220.75259774033475,41.3309193517367,1431.523924844513,1774.6348439093692,None,E02,1,7,6,34
M016,2024-02-04 08:00:00,78.4887028177712,0.38366481074095377,102.16585487168369,,225.42374844295873,45.09305951077501,1430.9038576700932,1491.4029610091,None,E00,1,8,6,34
M003,2024-02-04 09:00:00,70.04253791025702,0.38215838873394586,95.04864681979971,48.71253137396969,234.75043691619507,40.881298972785395,1626.5251691892236,,None,E00,0,9,6,34
M018,2024-02-04 10:00:00,70.93513507743847,0.5427504050971336,101.47193886220116,28.958795301856707,223.18281978405398,52.751682093079744,1564.1613736278525,1527.0406183697341,Major,E00,1,10,6,34
M023,2024-02-04 11:00:00,69.73684275126557,0.3929894866881694,120.30804451987414,43.82245513396854,215.38656289092603,52.830568793025186,1752.7961500200415,1505.7158168592932,Major,E00,1,11,6,34
M022,2024-02-04 12:00:00,60.49910476940954,0.4291656457378517,109.39653696597715,,223.68855222044445,35.84867978566109,1431.624862851,1216.427642975628,Minor,E00,1,12,6,34
M001,2024-02-04 13:00:00,65.20808135953823,0.3285049558803244,97.6927323923213,46.629070456127806,235.561113973899,44.76734285406168,1516.4561369065802,1058.0719218045247,Major,E00,1,13,6,34
M007,2024-02-04 14:00:00,77.7665609167213,0.28049613382719024,,49.10109217629174,225.25072211063167,64.60151076736209,1537.164030165117,1596.1238612717411,Minor,E00,1,14,6,34
M007,2024-02-04 15:00:00,59.34029611872017,0.3279977799536456,77.11648482006747,33.5239955640649,227.56554887247992,55.038240062476035,1607.5300886435527,902.7684402101078,None,E00,0,15,6,34
M012,2024-02-04 16:00:00,67.40210790230577,0.39983721199403827,108.54955322387758,44.64702654058109,207.25138840081425,53.634692024361556,1663.0095293138738,1171.0885555482278,Major,,1,16,6,34
M004,2024-02-04 17:00:00,69.60167966226142,0.3784779498380423,106.29284283019851,61.72409066947539,223.095028791659,44.68597394213592,1511.2333922252315,737.3065540531144,None,E00,0,17,6,34
M022,2024-02-04 18:00:00,82.4617312037494,0.37822759594192157,,29.252818829982473,217.85585800059476,52.29826043231386,1368.6269482274943,1492.6702604042787,Critical,E00,1,18,6,34
M020,2024-02-04 19:00:00,76.61162259297821,0.334995892924201,88.54633853698297,34.7513547700552,214.55900110342066,49.88392065289554,1414.6946091920038,1693.009154502833,Major,,1,19,6,34
M021,2024-02-04 20:00:00,,0.3238338166830917,,55.32905577498402,219.82146138192857,43.62602913628407,1517.127314073632,825.7807237405866,Major,E01,0,20,6,34
M005,2024-02-04 21:00:00,79.8270821826933,0.33740999289947055,103.55518289983539,45.93065775895704,220.8690718503772,46.04968411941286,1634.7314176666152,1138.4282509262157,Minor,E04,1,21,6,34
M001,2024-02-04 22:00:00,67.55690507699329,0.4007132815115649,99.28527413069989,46.813859157894775,215.0048647840642,46.22997265009161,1326.4312838840099,1007.9736947910097,Major,E00,1,22,6,34
M023,2024-02-04 23:00:00,78.05459882240403,0.40885091997192924,105.53273614085825,57.267628184307924,221.5077100816698,38.09061391195152,1359.5996626092544,1630.1305237718248,None,E02,1,23,6,34
M008,2024-02-05 00:00:00,63.8467365244619,0.27956308452301404,100.69154510694547,35.47117557842049,218.6121032176089,39.41146187362521,1590.8584186416963,,Minor,E03,1,0,0,35
M017,2024-02-05 01:00:00,78.43954699073494,0.40336397916020145,107.73407065693188,38.767977238828855,225.61951099612892,48.40424973541076,,1008.3626024026244,None,E02,1,1,0,35
M023,2024-02-05 02:00:00,69.56319812717409,0.3044495138470639,102.95660112313797,,221.82059872656458,43.21601526893533,1364.9972588836185,100.0,Minor,E01,1,2,0,35
M001,2024-02-05 03:00:00,65.82897455435238,0.3828245156288737,106.63036304128545,40.821563431973246,223.0073868707944,47.5926549082982,1636.3844943721322,1661.1204407378157,Minor,E00,0,3,0,35
M001,2024-02-05 04:00:00,70.69713832154211,0.33656239802762583,83.2825327126245,61.07426501937214,227.8351037494933,37.15477726701448,1473.4413822947606,1218.0379639478604,None,E00,1,4,0,35
M001,2024-02-05 05:00:00,73.66406507832129,0.4596051984467289,90.12523543602032,24.587038853705856,224.43964687871372,56.41060805662052,1464.2625623152646,1219.581391358152,None,E01,1,5,0,35
M004,2024-02-05 06:00:00,69.03150941684572,0.3207347759713198,97.08518664089898,30.66937426907912,219.95132485912697,66.64383553216291,1664.1952585905908,1585.4855170838125,Minor,E03,1,6,0,35
M002,2024-02-05 07:00:00,75.32372103597194,0.3625028288626348,108.63655027920194,28.61180319248185,203.3046003998688,58.219164796008414,1372.4428013647778,1054.3928904257086,Critical,E01,1,7,0,35
M021,2024-02-05 08:00:00,68.5020366980156,0.39246152102915993,,61.82032740823162,224.1098239503601,59.04427756128264,1348.3218554550067,947.8897097384339,Minor,E00,0,8,0,35
M016,2024-02-05 09:00:00,75.72223436358814,0.2888228804913982,98.68611374090497,37.62720078360284,212.70461358194365,55.0089799840054,1695.5055019424647,1057.7166347780956,Minor,E00,1,9,0,35
M025,2024-02-05 10:00:00,74.6533323722196,0.3449000061201138,95.10735948889456,41.07991624698002,219.31009740239764,52.12468672916887,1527.9986766777963,1395.6345622415845,Critical,E00,1,10,0,35
M021,2024-02-05 11:00:00,,0.33133905807638037,84.36025164593758,,222.96837588207825,50.69218320528243,1581.5645700261205,,Major,E04,1,11,0,35
M025,2024-02-05 12:00:00,69.3517061258043,0.31403305616158184,106.9085101125853,41.851367566008975,230.6642321903297,42.68378709640902,1462.669910961893,1853.2614862530424,Major,,1,12,0,35
M006,2024-02-05 13:00:00,72.9092447745916,0.3192193898961732,95.59847539844418,55.3982606501036,234.73858241160178,55.52044608822053,1487.208188877113,1361.3569759299185,Minor,E00,1,13,0,35
M008,2024-02-05 14:00:00,75.3015224582022,0.42784102186957557,123.66667735486524,48.035484579275554,212.63025370502868,55.04566759317558,1415.5481119981225,1142.1496976086005,Minor,E01,1,14,0,35
M022,2024-02-05 15:00:00,84.37079491638966,0.3081014485667766,94.08476863972389,43.70563138441649,209.4730969891003,46.29592330974593,1538.1744041177753,1554.4763482917301,None,E00,0,15,0,35
M007,2024-02-05 16:00:00,77.63652253078908,0.3896485517870124,116.84220077488531,26.22137369457911,222.6057373534946,54.20803266328771,1599.7647517767516,811.496733935338,Major,E00,0,16,0,35
M002,2024-02-05 17:00:00,77.85593969889504,0.3720216501421801,105.98693906869974,41.06457495230433,221.93942203230316,44.448437597731065,1523.5178292512273,1767.7552898897634,,E00,1,17,0,35
M017,2024-02-05 18:00:00,90.5310731691617,,91.77388480542906,46.762977167110584,210.3849929766072,44.957957050972354,1627.3088111227648,1284.550775826742,Major,E00,0,18,0,35
M021,2024-02-05 19:00:00,75.09575086060707,0.3863418606898509,101.8571503091487,33.09810171560034,219.86717598455934,56.20084279267998,1579.487479679406,,Major,E00,1,19,0,35
M025,2024-02-05 20:00:00,,0.2510540753169614,106.17104421240373,52.858693895734575,,53.444219468415085,1374.1869265644611,812.7899556074533,Minor,E00,0,20,0,35
M024,2024-02-05 21:00:00,76.22409044592993,0.3939664279715612,98.19798245986733,55.62082255974084,210.15878622256858,48.14444530610689,1482.630718763701,,None,E00,1,21,0,35
M004,2024-02-05 22:00:00,65.94620413447048,0.3144965849808406,106.70386168441838,38.65621549615086,212.0433168629527,47.21867076163283,1446.1926410081164,1087.7533942252132,None,E01,1,22,0,35
M020,2024-02-05 23:00:00,69.33659018148747,0.3505857077279516,,53.70998632526045,214.84672051710197,51.39818199444902,1590.4120947072379,1162.2870874201872,Minor,E01,1,23,0,35
M022,2024-02-06 00:00:00,68.962984399846,0.25940040352615623,104.77070800475305,,218.30191800797266,35.316795610147636,1555.3904958415874,531.5224301536188,None,E01,0,0,1,36
M018,2024-02-06 01:00:00,,0.3585667626523371,99.86821305561996,58.76565577894576,225.55177204620372,,1515.285920008349,1026.1282902309176,None,E01,0,1,1,36
M021,2024-02-06 02:00:00,70.9549526266728,0.41488652925794334,90.60047928555099,69.40980792069696,217.38815461139794,39.87912709587337,,972.601106668817,None,E02,1,2,1,36
M021,2024-02-06 03:00:00,72.82934055284582,0.2935124200384165,99.38571699619813,31.87601421680104,,50.09482454128147,1276.1183635826258,1367.4251235951328,,E00,0,3,1,36
M012,2024-02-06 04:00:00,78.52472772089078,0.3074983039699192,101.40851730972675,54.23381284255999,237.96942264191966,58.70894768529781,1427.62437312723,1092.9414564490721,,E00,0,4,1,36
M002,2024-02-06 05:00:00,77.17890443222484,0.38182347164972424,84.9915930316974,60.65957479395273,,53.817269755823716,1437.8055595642552,140.4508055447552,,E01,1,5,1,36
M012,2024-02-06 06:00:00,71.02967398175252,0.38357328265528573,,33.35183591577801,214.7760528215897,45.908016255146784,1530.208126634532,1033.995170470454,Minor,E00,1,6,1,36
M006,2024-02-06 07:00:00,67.98002941873067,0.1796074491114045,99.22558988151886,38.098551981376076,225.4247109943273,44.34722524974682,1566.3372238613836,618.2066264340291,Minor,E00,0,7,1,36
M003,2024-02-06 08:00:00,,0.4910784454647941,89.62699143372036,37.963474821249555,227.90434552906208,43.969068814572736,1499.8430667083155,,Minor,E00,1,8,1,36
M004,2024-02-06 09:00:00,76.6433470854592,0.3869987438483832,97.33594887446594,43.406625137566536,223.31840698916795,65.99693698843893,1342.204816212408,1601.553831467224,Major,E02,1,9,1,36
M018,2024-02-06 10:00:00,62.36245909022771,0.3987843063717073,97.5052292253256,40.723613925352545,234.47174055012266,50.54449837207464,1548.8126145110348,524.4065080739852,None,E02,1,10,1,36
M013,2024-02-06 11:00:00,70.12107636655031,0.3399521687336588,115.44075626794735,42.62058494333901,222.53964747897592,51.59800752231079,1515.3674200204553,1317.937453446824,Minor,E00,1,11,1,36
M014,2024-02-06 12:00:00,72.99309277210057,0.22012525440134284,101.76094676941894,,204.19117053192156,33.1109629927356,1323.7543548045917,997.1118965375815,None,E00,0,12,1,36
M019,2024-02-06 13:00:00,76.6729783027262,0.3972305442875168,108.28836201051679,22.250259337366124,220.77596549957886,40.5524913248505,1464.5517734312978,919.9859033541283,None,E00,1,13,1,36
M014,2024-02-06 14:00:00,77.46060896963863,0.3104368380238379,,33.31327894030349,215.43213100721994,49.64658494503904,1544.8829459050003,808.2704654110611,Minor,,1,14,1,36
M016,2024-02-06 15:00:00,73.70343600705284,,85.00866786531932,53.0391369145184,231.07049399084488,46.01470344345705,1698.3850588101009,1327.8093248629255,Minor,,0,15,1,36
M003,2024-02-06 16:00:00,75.51148518815313,0.33468392508160894,105.37873479057299,51.63331378345049,227.71699251372021,51.0644646417573,,1372.7219888460193,Minor,E00,0,16,1,36
M022,2024-02-06 17:00:00,72.38482081426892,0.3666627565381464,94.73450616329967,,207.28247378831512,50.95903096812173,1594.8144527145998,509.94007319763523,Critical,E01,0,17,1,36
M012,2024-02-06 18:00:00,67.95688987091664,0.29575025330135285,97.31519896009671,51.71642340364403,230.80254450870032,54.80361797616295,1370.823149667066,,Major,E03,1,18,1,36
M004,2024-02-06 19:00:00,,0.4105072259875252,91.57623000707623,60.92240348183731,227.51494215038997,35.04670686821739,1347.5269812644603,725.4943444866892,,E00,0,19,1,36
M021,2024-02-06 20:00:00,72.11394711984065,0.26681346723796295,100.58214291137088,44.41168182641388,217.4043029671934,41.15817133411714,,1355.4436393170226,Minor,E00,0,20,1,36
M019,2024-02-06 21:00:00,71.79192449988847,0.5071898597737433,108.52142689297962,32.90446773523336,219.3724648450742,49.20310137644298,1572.6016727101944,727.6131239935814,,E01,1,21,1,36
M002,2024-02-06 22:00:00,60.686562573339174,0.5066564044490909,107.461904867797,55.49945107577097,231.13741632909216,44.82077433346651,1515.5871746534497,1016.3751309608682,Minor,E00,1,22,1,36
M005,2024-02-06 23:00:00,69.61509999042342,0.4642889709826557,112.68951606228131,65.67654517165047,204.22790467380037,47.517779313515305,1462.237284325957,688.4793134403612,Minor,E00,1,23,1,36
M001,2024-02-07 00:00:00,72.3372339185349,0.4392835290042157,113.82367566363288,34.36631635872523,223.56318404031757,50.87221937074689,1554.9398381953717,988.5037526565786,Critical,E00,1,0,2,37
M007,2024-02-07 01:00:00,70.3117800485658,0.3440816149236451,83.6330061579342,45.471024887400404,228.74727708100028,44.04053570278815,1504.8985688483742,1119.6101269582762,Minor,E01,0,1,2,37
M003,2024-02-07 02:00:00,70.51905722693049,0.43165826940230456,90.45103551256695,58.081867618644246,219.2902957543037,51.53816098074661,1513.2622715600107,740.2725489988517,Major,E00,1,2,2,37
M018,2024-02-07 03:00:00,74.92794822482752,0.34326764512067104,85.53446737338757,46.38430457955823,225.18327850513433,54.351876250758174,1463.5768578528139,1325.7765346690755,Minor,E00,1,3,2,37
M014,2024-02-07 04:00:00,65.52625687770819,0.2412537720428285,105.05544328311672,24.032444003902977,220.8252362924626,50.520632544783844,1376.6943526727712,1378.1728348283377,Major,E01,0,4,2,37
M025,2024-02-07 05:00:00,62.23174671629273,0.45522409898214816,94.45534572960678,50.32101262542958,213.72768584230465,55.76582223452945,1702.9568539441104,2282.4118135590643,,E00,0,5,2,37
M019,2024-02-07 06:00:00,69.91098125497994,0.42901771240457537,96.08655734524856,33.25429636412521,213.527759860686,32.61646893056707,,,None,E02,1,6,2,37
M016,2024-02-07 07:00:00,76.58468643301075,0.3478062624641195,98.26722054458035,29.751328812071836,225.6954341390329,45.311720378319094,1690.81904442378,1670.5681432260244,Minor,E00,1,7,2,37
M013,2024-02-07 08:00:00,82.12531823691982,0.26423710198681943,103.06056550472601,24.26702410817046,214.9143461956948,57.13864727122885,1435.2822136306934,492.39382926855535,Minor,E00,0,8,2,37
M002,2024-02-07 09:00:00,76.69276943456845,0.3089659526394718,88.11743161594835,59.28488751798817,207.80335249283394,43.08517541623583,1418.168674493857,416.61378091049556,None,E00,1,9,2,37
M002,2024-02-07 10:00:00,63.190417440786916,0.22251980905787427,89.9290922989273,34.983464171790885,220.979189533772,41.99952752284106,1450.2666045338742,1081.2037714288072,Minor,E02,1,10,2,37
M016,2024-02-07 11:00:00,70.60579656373937,0.4161556596832584,100.01036965224885,49.000034162974465,215.8953486322519,48.98985448075737,1628.8928332823398,1914.726520284546,Major,E00,0,11,2,37
M001,2024-02-07 12:00:00,73.53980628648918,0.23776837231950734,109.58996748923573,51.94745316695283,210.4071349980823,49.86144775378732,1499.976951435856,2189.7451356765373,Major,E00,0,12,2,37
M002,2024-02-07 13:00:00,73.06554670154155,0.37007816091026735,99.79682077399133,46.9418278777824,220.5739794645431,45.722424563420624,1434.8169961622268,924.9857056170204,,E00,1,13,2,37
M006,2024-02-07 14:00:00,75.23582731765724,0.2909414656554218,93.66672234894374,48.558849359687656,226.13821392069596,64.74859067590926,1543.663401369459,965.510880361748,Minor,E04,0,14,2,37
M023,2024-02-07 15:00:00,,0.2501307588500366,82.81433055729892,49.57257704879396,220.16120051353136,52.291926030423134,1411.6261280084996,1417.5575582449094,Major,E04,1,15,2,37
M012,2024-02-07 16:00:00,72.38965852530445,0.3666848565295,107.62140468048223,46.657172239744725,211.470073151474,42.77693695107959,1337.3531343993416,,Critical,E01,1,16,2,37
M018,2024-02-07 17:00:00,74.52193697865677,,94.11254680487616,35.878085828207716,223.85442849922842,38.4839404965378,1515.5081949220387,1131.226240898245,None,E00,1,17,2,37
M011,2024-02-07 18:00:00,76.95402571982196,0.40867323737977573,90.82050467398624,34.807954054180925,228.28125105661164,53.24461233601975,1438.0712145448883,1453.959648164184,,E00,1,18,2,37
M005,2024-02-07 19:00:00,67.16569100032325,0.2612676311889905,86.27739818832976,43.74022146988889,237.70427330637537,42.58737006019548,1498.3559885191235,2286.2071983374103,None,E00,0,19,2,37
M010,2024-02-07 20:00:00,,0.2969879748168324,,43.4860314234118,231.53475224212548,67.22095441930088,1177.8168429828602,1721.829343334181,Minor,E00,0,20,2,37
M003,2024-02-07 21:00:00,55.77709391955996,,92.31028623636918,50.151836789118896,211.95713287841048,,1392.9505925713868,1947.6506190627038,Major,,1,21,2,37
M020,2024-02-07 22:00:00,68.27122819453335,,98.08921011044679,58.21980080598192,226.86466190475676,54.47977577097992,1494.593129001534,462.3460287673963,None,E01,0,22,2,37
M005,2024-02-07 23:00:00,68.85351064217375,0.4758734686984959,90.33006636191475,49.12686432683389,222.05219136526077,51.9894973483105,1318.0331232288017,1629.9125910009607,Minor,E00,0,23,2,37
M010,2024-02-08 00:00:00,65.88249295099534,,101.4856643003811,35.26939537059407,210.78320671304576,58.97255548725439,1322.1133745237487,820.0525591660725,None,E02,1,0,3,38
M025,2024-02-08 01:00:00,72.99367290139591,0.3564908343656767,98.02841808065519,20.0,222.27036169457577,30.83721044448004,1504.652325192806,1870.5793899016724,None,E00,1,1,3,38
M015,2024-02-08 02:00:00,71.6643274077284,0.2923319863865442,117.77593831347622,35.77275352944812,235.34941358325673,40.37383972814536,1584.1898298549181,,,E00,0,2,3,38
M012,2024-02-08 03:00:00,58.44471673453433,0.3291085752156925,86.3644550688587,28.866115661681693,229.56691368575338,58.273104056123735,1392.9940709550458,1441.5259303808232,Minor,E00,0,3,3,38
M014,2024-02-08 04:00:00,,0.41115019417404547,101.29183544249905,36.23553357167041,211.89240155010688,62.004639294703985,1468.5448010974367,902.8426738766248,None,E00,1,4,3,38
M020,2024-02-08 05:00:00,66.43005521526584,0.31399276861245673,101.39203991232766,47.907323866382534,220.1097377350795,40.11774379057504,1471.317278778141,1006.472714907126,None,E00,0,5,3,38
M007,2024-02-08 06:00:00,74.9141337551431,0.3666343706929182,91.75554076861481,46.012686094064115,223.93339544245478,35.45095067166227,1312.5222945330743,1038.8371696947652,None,,0,6,3,38
M016,2024-02-08 07:00:00,64.30889251362801,,,67.29813140325852,206.16077118688682,51.34017429613581,1642.0663295458103,,Critical,E03,0,7,3,38
M022,2024-02-08 08:00:00,72.18003923118565,0.31018311309419994,106.15675493125373,50.79697862498623,206.4364978904833,53.88329935002115,1478.0451059750135,1361.5551065789293,Major,,1,8,3,38
M015,2024-02-08 09:00:00,70.30102002668096,0.313166507780569,100.77193186046266,,221.23702275286928,51.1790590174247,,1768.0129337362591,Minor,E00,0,9,3,38
M012,2024-02-08 10:00:00,73.81861130970198,0.37053246101798554,111.0757030785587,53.58167284787912,221.34140039947215,49.522967392443995,1544.7580084755602,1844.3279576142722,Critical,E02,1,10,3,38
M004,2024-02-08 11:00:00,72.74818366590809,0.2816178304528791,82.57849905523729,58.02848091966042,205.28944853229797,35.18515961114154,,861.8569431943063,Minor,E00,1,11,3,38
M007,2024-02-08 12:00:00,70.46901494987128,,,40.6931727405485,223.103788205661,46.999918887327,1610.392115435044,1390.0786055542303,None,E00,1,12,3,38
M024,2024-02-08 13:00:00,62.78236611573453,0.31698947282455725,111.80044837784756,32.1058886000485,228.69570162798735,48.1927917520867,1626.0732925145753,1385.2144726639713,Minor,E00,1,13,3,38
M014,2024-02-08 14:00:00,63.13675221923381,,107.2962106661108,39.61248131038944,218.2535866491639,45.61407838789442,1516.86380361856,1161.9905450452463,Major,,1,14,3,38
M008,2024-02-08 15:00:00,68.49667836544668,0.44687737963179913,104.3240936901303,44.85756563186401,220.47849428952944,34.65009258485051,1555.4650137394372,1576.7058535814665,Minor,E00,1,15,3,38
M011,2024-02-08 16:00:00,71.95032069642248,0.3382265568341133,109.86572325215568,37.462093391939746,224.57129373347396,54.67789226659829,1460.8704603058682,1396.389355980321,Critical,E01,1,16,3,38
M015,2024-02-08 17:00:00,68.3505123168053,0.41438630381343944,84.66753697038584,32.98629090634979,223.51223421035243,56.92609985270409,1603.5952858573896,970.1768719929864,Minor,E01,1,17,3,38
M014,2024-02-08 18:00:00,75.7512715834768,,106.36488530178256,50.00205230904911,206.65101998267826,43.64284351444416,1401.2472351448826,1143.1531398724085,Critical,E00,1,18,3,38
M018,2024-02-08 19:00:00,70.3246744847299,0.31707458904515834,108.51496129935538,,212.75903046309105,48.51222713495764,1496.1122009238966,1060.3115691829219,Major,E00,1,19,3,38
M007,2024-02-08 20:00:00,66.20992365132294,0.35193820347532506,94.73039867059411,26.598096622577636,216.83317251049112,46.02470766795193,1503.271618322602,908.9931300612346,Major,E01,0,20,3,38
M017,2024-02-08 21:00:00,,0.48463314754445214,121.0338969431298,31.53496663322885,213.11338359371052,46.10246186847787,1495.35786373498,1165.8712504272328,Critical,E03,1,21,3,38
M012,2024-02-08 22:00:00,73.35515901789931,0.21280335417180762,101.57079171249646,42.18773414084102,231.73574798381708,53.94532708485417,,681.2301943653762,None,E00,0,22,3,38
M024,2024-02-08 23:00:00,73.94930831294751,0.34326530966750557,82.45784765993167,33.10897070682572,225.07580750613906,54.13855161565706,1762.5845804666071,1389.553058696948,Minor,E00,1,23,3,38
M004,2024-02-09 00:00:00,83.27027479195877,0.4519682195641384,103.05017598347003,42.26292116017788,211.1221967536272,58.59816990350034,1486.8195543327658,1761.6473509609834,None,E03,1,0,4,39
M004,2024-02-09 01:00:00,67.98654395997949,0.2950485716313189,94.24111976008481,52.20533166335052,218.28531393764396,58.43143216018211,1556.442916059258,1220.1884854260995,Major,E00,1,1,4,39
M012,2024-02-09 02:00:00,71.5591280304576,0.33510128327020305,109.31996219143615,51.89331656236021,229.04313709640263,48.62555125422795,1403.7087073752652,1578.5711185855423,Minor,E02,0,2,4,39
M013,2024-02-09 03:00:00,74.55674368091655,0.3732217289538877,104.38355226713038,37.07008909092827,214.8300848688932,72.73683548890234,1623.8305776197749,1262.1318206048265,None,E00,1,3,4,39
M018,2024-02-09 04:00:00,71.85946224479511,0.3629155987605946,95.21662342179047,29.352700955532605,226.81267083475407,62.39961566263015,1437.9018412418245,791.1580567670235,Minor,E03,1,4,4,39
M011,2024-02-09 05:00:00,68.99629112406808,0.459603933281809,112.01961534610317,38.09251841820951,231.06543752448525,44.73488050793009,1877.415373831489,,None,E02,1,5,4,39
M023,2024-02-09 06:00:00,62.70445694193454,0.3813931667051262,,,229.72912771717253,51.012790292737684,1299.511224044318,231.0282808750678,Minor,E00,0,6,4,39
M012,2024-02-09 07:00:00,68.9349926456819,0.4429441026859953,93.37664009854319,55.67035474853482,,34.11349336602365,1757.6934200505507,1204.1229609758675,None,,1,7,4,39
M004,2024-02-09 08:00:00,,0.32479941498830617,98.78363935551322,49.23467905240024,230.00819997852233,50.218061062615504,1618.946662565935,892.5788239980006,,E01,0,8,4,39
M003,2024-02-09 09:00:00,61.64035991325733,0.29816322121247923,104.13533432611264,59.417232611945046,215.8220958673175,63.3895581005269,1365.3309800788081,1832.677224524052,Minor,,1,9,4,39
M025,2024-02-09 10:00:00,67.22592694997648,0.33419937648862547,97.08589389781902,65.75042543543248,239.88705070356878,72.25043576294607,1778.3338065323524,1286.3873432001944,Critical,E00,1,10,4,39
M004,2024-02-09 11:00:00,65.71744967540127,0.26886278346426784,97.32480476922196,39.20126486244566,221.9267963314763,49.02977174108321,1388.590750806907,2222.1907082959297,None,E00,0,11,4,39
M024,2024-02-09 12:00:00,75.50271927175768,0.38384581873470663,100.29380022611588,62.83875904783788,229.17435329687916,52.67905908026405,1462.280297956474,,None,,1,12,4,39
M007,2024-02-09 13:00:00,75.60655102448577,0.3229885321071328,91.47361132770088,41.873405750499074,217.1039291278791,54.842496231195035,1344.408893295591,895.6633674780993,Critical,E02,1,13,4,39
M003,2024-02-09 14:00:00,66.57672426251474,0.3029747770015767,82.13787729138426,,223.99531626601194,65.83762857218724,1482.4257713773359,515.8924048511365,Minor,E00,1,14,4,39
M008,2024-02-09 15:00:00,70.43862821662127,0.3849060886734701,101.9130788986563,53.50286962407314,224.347707845291,42.13620529601964,1493.6763264292697,1642.6581620737998,None,E00,1,15,4,39
M016,2024-02-09 16:00:00,60.85054402732479,0.26993989554179976,84.08880040563851,21.275298968968507,212.56933060587986,71.24410438975487,1599.6036828731676,866.1078757746523,Major,E01,1,16,4,39
M011,2024-02-09 17:00:00,69.03396029890384,0.4039351549699056,,33.40527438087852,212.33245304070593,47.46342490585798,1792.5976442627207,1032.076556902333,None,E01,1,17,4,39
M020,2024-02-09 18:00:00,74.39389140421407,0.31651638280560473,85.82734112841142,30.3445450042757,218.36397954861965,40.63876848863572,1438.4447233844066,1691.2428155847801,None,E00,0,18,4,39
M016,2024-02-09 19:00:00,76.94962733768462,0.4311367510865929,86.81244441790957,23.615435620489347,228.84266035076791,47.47791036862015,1169.684349734134,1621.3462071194574,Major,E00,1,19,4,39
M011,2024-02-09 20:00:00,67.72171750985211,0.32250836952393025,103.41084139295434,55.55177980074787,205.34857884923986,,1577.8197773839927,956.1461573736602,Major,E00,1,20,4,39
M016,2024-02-09 21:00:00,78.31112916316512,0.3942336766590547,98.22153467951941,69.82526226144078,217.09720624245844,53.35404553300102,1433.9627136800939,1018.396634575704,Minor,E02,1,21,4,39
M025,2024-02-09 22:00:00,,0.3625693661641034,97.93279635625501,,230.47898098292947,36.78084689892856,1718.2144084267588,497.5726316908146,None,E00,1,22,4,39
M011,2024-02-09 23:00:00,64.51423320513724,0.4020731311600141,89.47278573100792,55.24987998439655,210.14296485249852,51.13312030448726,1495.8498470035697,377.79532374885514,None,E00,0,23,4,39
M004,2024-02-10 00:00:00,76.25797119382726,0.3576962824503339,94.75320728929151,62.81550381228893,230.031205306046,55.31175151482488,1408.9091069192598,1505.4792206566551,None,E03,1,0,5,40
M011,2024-02-10 01:00:00,82.02672737137948,0.2335621811359729,103.0116412736815,47.49998040219312,210.97765618745862,61.86267194007649,1378.4437660965298,1549.6166596973173,Minor,E00,1,1,5,40
M022,2024-02-10 02:00:00,74.96059192910218,0.42061554774694926,99.583301877548,44.69624322101952,212.6676670873248,55.444848700956996,1574.7464063597145,1342.8839223854277,None,E02,1,2,5,40
M006,2024-02-10 03:00:00,71.75794568079593,0.3438621954279465,106.58139248833588,,218.82222577699213,61.370195831986734,1466.971600436679,1274.8898994171666,Minor,E01,0,3,5,40
M024,2024-02-10 04:00:00,58.82889752086675,0.4052661254148369,107.72073609700732,51.45070658645969,234.98767254704748,45.154658618334174,,917.5333671411682,Major,E00,1,4,5,40
M015,2024-02-10 05:00:00,59.86531766373913,0.3983172533808199,,55.49632860039097,214.87994242870147,53.15352204995315,,1787.2530789355976,Critical,,0,5,5,40
M016,2024-02-10 06:00:00,72.77645722137521,0.295869246329206,85.18200571263606,50.541658872470165,206.13629769310216,32.16618404431121,1669.7544192234807,486.3915252325244,Major,E00,0,6,5,40
M008,2024-02-10 07:00:00,69.85162398257295,0.28596432163772917,93.94684080747027,50.1295569098024,208.784511620167,49.08809632917944,1334.3838952702838,1012.6025560635916,None,E02,1,7,5,40
M024,2024-02-10 08:00:00,65.3649889070873,0.3958748571014303,,44.38556518550454,227.4555855221801,53.09401025927675,1291.365639379517,1264.2805569546738,Minor,E00,1,8,5,40
M001,2024-02-10 09:00:00,72.39319548498031,0.328772567941264,93.78810358396709,25.884545699126683,209.16207771926176,53.81786034080877,1599.5025144487217,1199.835044703983,Critical,E00,1,9,5,40
M008,2024-02-10 10:00:00,72.69078820504686,0.4155500495626548,91.56300630932998,55.77259666507916,229.50371660384934,37.40738262854141,1444.268928537225,1199.180451474442,None,E00,1,10,5,40
M011,2024-02-10 11:00:00,77.66649521124164,,100.5580182737879,29.584498564621825,,46.87867271279464,1468.3738965547593,992.3002925551036,None,E00,0,11,5,40
M012,2024-02-10 12:00:00,72.81961369807621,,119.44242482186624,52.43262770502986,219.74183018708044,47.99391599314013,1378.5367236837603,1416.3629798190711,None,E00,1,12,5,40
M012,2024-02-10 13:00:00,79.37036621000631,0.3796313138946371,96.094495503709,,222.37843396767568,46.567399229405225,1369.7398341070377,713.8430545271609,,E00,1,13,5,40
M004,2024-02-10 14:00:00,72.04796417729288,0.3701582495599904,99.9775531800658,31.31481474611128,213.59263731282584,55.80004677311641,1576.280052705227,1142.3978348062683,,E00,1,14,5,40
M006,2024-02-10 15:00:00,71.30799003115598,0.32381921608818076,89.5037129821521,37.706390512738146,221.10297537196155,48.26538052321311,1497.738324623293,1372.760400673622,Minor,E00,1,15,5,40
M003,2024-02-10 16:00:00,78.3858731174831,,109.9472084403321,70.45769461667693,210.45541602610356,50.794615684788596,1372.7758620721595,1066.9879736219614,Minor,E00,1,16,5,40
M015,2024-02-10 17:00:00,66.12935471975139,0.43349969004668965,106.99794434681138,44.04621314556742,230.79112743723252,46.083043205849414,1594.8652655378087,1201.9147913315253,Minor,E01,1,17,5,40
M009,2024-02-10 18:00:00,88.88668471959697,0.3462049178935676,106.44587311572734,30.357435894785773,211.78163816071464,58.518595534720674,1640.9896166879034,1286.2056629798406,Major,E01,1,18,5,40
M015,2024-02-10 19:00:00,74.25154486900041,0.3871822110578699,110.87836649043795,54.61055087655649,223.51104507938956,59.11387349051841,1486.9401459512171,495.6717124927173,None,,1,19,5,40
M015,2024-02-10 20:00:00,74.28497551702604,0.3532452053374794,96.58126916244154,35.727897533121826,,47.53326604448839,1620.3839901609542,533.0799033130049,Minor,E01,0,20,5,40
M018,2024-02-10 21:00:00,,0.3587222829921795,97.58065744123502,21.953711730550854,215.73436330806874,72.80471386561797,,1253.5715049036237,Critical,E00,1,21,5,40
M014,2024-02-10 22:00:00,83.26281885198985,0.47063875298568086,113.6790282550932,51.237234576557604,217.0093437267215,43.86817761813568,,956.6471686418131,Critical,E00,0,22,5,40
M017,2024-02-10 23:00:00,76.75504447003564,0.43412110217276856,105.06182482355646,,243.8507838473708,58.057575311042065,1519.4100253443298,,None,E01,1,23,5,40
M015,2024-02-11 00:00:00,62.369664125976456,0.35555826706370025,,48.85426010666926,219.88443130611827,42.39199460330104,1405.0126690025882,1427.602925698584,,E00,1,0,6,41
M017,2024-02-11 01:00:00,80.42082230860503,0.3650117861555224,103.63856780509607,35.24771954277163,,56.18419398610313,1746.367029758432,804.4647574092287,Critical,E01,1,1,6,41
M016,2024-02-11 02:00:00,69.9546205233299,0.30086906475143216,95.34641551384323,53.48645033123621,,55.56003194773143,1527.9329990107908,234.70380327519732,Critical,E00,1,2,6,41
M008,2024-02-11 03:00:00,72.64293043703594,0.33789199176145324,107.18537459725326,47.20197989527123,207.96261958569977,41.90609506118551,1429.101572723709,1862.8115134671611,None,,1,3,6,41
M007,2024-02-11 04:00:00,64.3244761669484,0.37165784512840305,103.26552375536139,20.0,218.69771262835954,48.955176283955495,1502.354885921167,1683.937391875706,,E00,0,4,6,41
M020,2024-02-11 05:00:00,75.15721210874338,0.4095429512698389,86.07565788781761,49.58415048845506,234.80869331527094,64.94191557091627,1395.6366736405755,1678.8677923881464,None,E01,0,5,6,41
M009,2024-02-11 06:00:00,68.09175425959468,,102.15064136396381,41.52322405883532,222.68831624784022,43.48558743801505,1361.1745925837095,751.7009696716958,Minor,E03,0,6,6,41
M014,2024-02-11 07:00:00,72.60101782796085,0.27235186608668427,101.68502181801286,62.00061170628966,227.22720759781484,53.21492789694377,1446.069647332473,1169.03244700304,None,E01,1,7,6,41
M005,2024-02-11 08:00:00,70.29540596783531,0.41838879114750416,102.9076998917183,49.742494188190214,212.72045088155917,52.683871090279816,,692.632566179977,None,E02,1,8,6,41
M011,2024-02-11 09:00:00,83.5500768104151,,104.60423081530647,54.07389412503618,218.37326264606634,,1403.4991427752118,1176.0161875040035,Major,,1,9,6,41
M014,2024-02-11 10:00:00,83.89356180087354,0.2809106051025723,,36.4735103877489,221.63122108204936,36.150956899673155,1650.1335962182802,1060.7956181442937,None,E03,0,10,6,41
M016,2024-02-11 11:00:00,72.27907902128845,0.4435469316202345,103.31111191691438,35.51918699018444,214.19754535658998,56.62900027450647,,768.7775356667088,Critical,E02,1,11,6,41
M014,2024-02-11 12:00:00,72.38386626821313,0.4524295297716567,,44.69220802727322,223.2000538938487,50.092930254947355,1388.1325150386144,1401.3144592298224,Minor,E00,1,12,6,41
M010,2024-02-11 13:00:00,69.75934220190291,,109.1837404335058,40.67260647847381,224.92342732151013,58.8307653816217,1357.713571270548,1096.5028511094883,Minor,E00,0,13,6,41
M025,2024-02-11 14:00:00,78.63603774901672,,117.94192578871814,61.05610862652098,,51.85406484162253,1346.1620331900747,1889.080105460914,Critical,E03,1,14,6,41
M013,2024-02-11 15:00:00,70.02648077799974,0.40372144461211024,107.32056603334472,43.16017129532007,218.79133378129325,50.51575385277541,,1234.3119931042822,None,E01,0,15,6,41
M021,2024-02-11 16:00:00,69.47197635212581,0.44770405069685754,101.64964901446473,30.30213900019526,228.7272904052205,52.98032826109896,1530.980060219232,,None,E00,1,16,6,41
M019,2024-02-11 17:00:00,77.87155718198979,0.40096479678022073,103.46024439815135,35.06902903573607,217.93906049185216,42.09975348445199,1582.8393053453187,475.1493965468602,Minor,E01,0,17,6,41
M014,2024-02-11 18:00:00,68.7702054281001,0.25706182057930016,102.04835007518606,56.58061301536806,217.20943369778178,62.46484981814943,1622.2086097353954,2038.2553064231931,Minor,E00,0,18,6,41
M023,2024-02-11 19:00:00,71.77346979330882,0.49068654242797893,100.14814732218662,,231.53231205680368,46.99668525772396,,1056.3852036808337,Minor,E02,1,19,6,41
M004,2024-02-11 20:00:00,62.51213531093404,0.424595982263603,117.32136665205104,42.35145878460286,211.14426960239538,47.099507725819336,1676.6687714250484,1296.0032586922027,Critical,E00,1,20,6,41
M024,2024-02-11 21:00:00,76.225142070739,0.31433330563090645,94.00757300546854,57.722250830613554,206.37624863371616,60.33837053801551,1424.7731786088111,1203.8916611166565,Critical,E02,1,21,6,41
M022,2024-02-11 22:00:00,83.64520163509121,0.2779262449349813,109.23924662594159,34.0228417336135,213.05746947009524,51.97873756405384,1368.5128769042337,1766.5278126852083,None,E01,1,22,6,41
M013,2024-02-11 23:00:00,76.32735223679875,0.38533694012828584,98.9931444583954,20.0,,48.10839974563169,1544.8339992062279,437.23584317386724,None,E00,1,23,6,41
M019,2024-02-12 00:00:00,80.77079500528383,0.33052179731426945,88.15664663889021,34.76560024372029,230.2687281157215,53.310560748426425,1517.3457453538197,,Minor,E03,0,0,0,42
M014,2024-02-12 01:00:00,66.92338718293601,0.3730996747799271,98.49345805130795,,214.7158519345471,,1517.1551706642845,1704.1487169154466,Critical,,0,1,0,42
M007,2024-02-12 02:00:00,73.4179456921692,0.4020384788894784,95.62579332996869,42.005861755942924,234.51870016232337,49.05328298605022,1621.8385610023015,1202.463691224893,None,E02,1,2,0,42
M020,2024-02-12 03:00:00,66.34104045378366,0.3103490678402243,104.62061854734128,26.274844558986807,220.2175788342105,57.37864068011808,1512.7453157402704,1365.3144523910687,None,E00,1,3,0,42
M007,2024-02-12 04:00:00,70.63340672651194,0.27187244051209636,100.73040178126857,57.19271437621861,219.07576362241448,39.83556504271375,1537.566217081722,1051.7612810599896,,E00,0,4,0,42
M008,2024-02-12 05:00:00,76.63326886411502,0.37700729275103845,91.82378509081624,46.96196335301338,213.20049487344355,52.09447831243936,1663.1523094229656,525.8996686911598,Critical,E01,1,5,0,42
M013,2024-02-12 06:00:00,,0.31266285013061185,111.76806330791773,49.668176336561906,235.61084134908506,56.402157473250874,1532.0017170467586,1432.114532191333,,E01,0,6,0,42
M021,2024-02-12 07:00:00,,0.36022670500126786,108.72107203580579,50.035323117400445,218.7976889758481,54.97436083960653,1559.3110841111222,1298.6318231894015,Minor,E03,0,7,0,42
M010,2024-02-12 08:00:00,64.10982536677348,0.2559671494126414,112.6884442567712,29.41770904980126,209.3440957904663,32.0716043386065,1329.874277966353,1306.9437570425102,None,E02,1,8,0,42
M013,2024-02-12 09:00:00,,0.33234720928677536,101.89571731254493,48.63454699715389,239.6613493506437,48.987259555702565,1946.298177680484,1392.9175115669423,Minor,E00,1,9,0,42
M002,2024-02-12 10:00:00,74.94871553963755,0.40004663237279975,99.71413545375448,55.88944539842407,223.14936075081877,40.28770469979695,1309.0989238163866,958.266759675245,None,E02,1,10,0,42
M003,2024-02-12 11:00:00,84.38336721394,0.3924152755352758,105.62848386094896,58.68372276444785,226.39064360483425,60.286173634695906,1435.2804778062632,1797.306627669544,Minor,E03,1,11,0,42
M002,2024-02-12 12:00:00,80.17474946400128,0.29481494203887115,95.38019983263278,53.65515990015543,233.45248176672578,46.87460878402703,1431.651926063728,1203.252631260492,None,E03,1,12,0,42
M002,2024-02-12 13:00:00,60.62408880512361,0.26822149414773633,101.04047643775868,51.157555903104296,224.91570065963552,59.3976308203184,1752.961862267898,1416.6843351911596,None,E03,1,13,0,42
M022,2024-02-12 14:00:00,80.5264556284187,0.3511034582826254,98.59457680542909,24.15094482275503,227.79911485635563,40.26364926597912,1427.9280752067534,1091.149876506599,None,E01,1,14,0,42
M022,2024-02-12 15:00:00,77.61840250208789,0.3892722957913586,,44.82078416667036,220.43460057862444,53.12514227252165,1553.0255325458998,,Major,E02,0,15,0,42
M021,2024-02-12 16:00:00,62.728200326827455,0.37836225981347854,101.01964403871258,33.52110780676264,225.8698582994818,50.06352481643757,1432.4681050186389,1241.5971372090928,Major,E01,1,16,0,42
M002,2024-02-12 17:00:00,70.18079029973701,0.3141488108947083,96.47226486605358,60.3860145833563,219.726737483547,72.11255408044516,1375.1883527076202,1165.9523984864293,None,E00,0,17,0,42
M002,2024-02-12 18:00:00,78.57313446897486,0.3708477109740622,,58.5645539085246,219.83831931327148,59.423421501025224,,1682.9428101936549,None,E02,1,18,0,42
M008,2024-02-12 19:00:00,75.30260106560871,0.4551648829893196,102.91027956519963,33.59365427135768,220.95773405227158,58.91107415976638,1413.7240376253867,510.8518523954732,Minor,E00,0,19,0,42
M015,2024-02-12 20:00:00,64.14542968567208,0.36436012811163193,110.180265071893,44.44826179552781,216.82547883163053,66.22246193577982,1524.9107883350923,1087.9931414917519,None,E00,0,20,0,42
M009,2024-02-12 21:00:00,75.66445293477716,0.23567964449269657,93.20983927561618,47.98211332208528,224.03502268268736,52.270140730126506,1575.2031026363172,954.9417418782723,Major,E00,1,21,0,42
M013,2024-02-12 22:00:00,59.174996423516475,0.3642240236670449,97.30753427896515,55.809495089868406,224.01476140172085,49.203949911612966,1728.8105877309708,1349.5519252995614,None,E00,1,22,0,42
M005,2024-02-12 23:00:00,70.66306694545673,0.49307698798488264,93.87933842912152,,,48.29180896211391,1348.5390046115915,1326.3208993769063,Minor,,0,23,0,42
M019,2024-02-13 00:00:00,78.82774061640029,0.2598826430819083,93.35855529760806,20.0,225.11685212028377,52.62253326136924,1481.6621764167855,1195.2808952673217,Minor,E00,1,0,1,43
M008,2024-02-13 01:00:00,72.11036529342792,0.3520807263280315,95.24344845080182,45.45778213008986,236.0003444129282,27.8390190544738,1486.6236722914814,914.3991444142634,Critical,E00,1,1,1,43
M002,2024-02-13 02:00:00,,0.33415651968775056,98.42839773747845,20.0,228.42103791709255,,1500.1113713250313,1190.3875317187212,Major,E00,1,2,1,43
M019,2024-02-13 03:00:00,77.3360775226341,0.35671180714925443,104.68697325502004,46.90286891774477,218.34198487668326,51.81433229707954,1808.2561587499079,,None,E01,1,3,1,43
M023,2024-02-13 04:00:00,77.84851089051949,0.363597650720764,102.5635661182787,52.10649328299291,223.6245720306073,48.75319618089711,,1128.6262305443206,None,E00,1,4,1,43
M001,2024-02-13 05:00:00,79.8602381572017,0.4297980390244047,91.545144007334,59.832958899933274,231.30158491328012,37.75273980304464,,1643.0187638147747,Minor,E00,1,5,1,43
M011,2024-02-13 06:00:00,,0.3559348300480567,110.35328259133722,37.52918098492809,212.40021448787576,48.801307312425756,1476.1882965691475,1444.8058470457372,None,E00,1,6,1,43
M021,2024-02-13 07:00:00,78.48824876362288,0.4394081690048433,107.5552984518163,46.934179753621876,236.11393434492936,37.73040632590862,1485.7947344636211,1207.6128683703373,,E04,0,7,1,43
M018,2024-02-13 08:00:00,76.39745134462521,0.3417641038849462,92.79051479512238,52.81811807592389,213.80288453000142,64.19006191597376,1471.07500444878,261.5918877766752,Critical,E00,1,8,1,43
M022,2024-02-13 09:00:00,73.59317189469883,0.3254904258217757,109.79288713535648,30.89135989902771,227.2022031459022,47.94119840425535,1413.762696258048,1112.6765833789977,None,E03,1,9,1,43
M011,2024-02-13 10:00:00,72.53705399858289,0.30315719118729756,102.6155073007702,,220.05280352179594,33.49836757451004,1341.443803662316,1452.038602052484,Major,E00,0,10,1,43
M010,2024-02-13 11:00:00,70.57644168541559,0.22280390796158928,98.74835757659802,48.2921079027318,219.59254080068447,48.34791238743998,1759.1389247604614,,None,E00,1,11,1,43
M018,2024-02-13 12:00:00,64.72579024164165,0.36930469883480876,102.8646403558345,37.73464403153028,209.57669701081738,57.16318709189812,1538.195216632547,1321.3019476547481,None,E03,1,12,1,43
M004,2024-02-13 13:00:00,66.26813094708115,0.49378002019302897,,46.69656686670716,227.2600007593652,51.40862459211834,1476.9311669080994,1110.169359902899,None,E01,1,13,1,43
M006,2024-02-13 14:00:00,70.30791310838875,0.38207648341001027,104.36062923585125,43.32798617784313,209.69313451915463,,,,None,E00,1,14,1,43
M016,2024-02-13 15:00:00,73.44871295761457,0.39807231479131755,,54.36088740297438,208.45783813710625,44.57401452126459,1395.7610778199926,1760.4033846579905,None,E01,0,15,1,43
M017,2024-02-13 16:00:00,80.64487558802558,0.3210878072489881,97.30059158182237,40.67447891823681,,47.705222042077075,1572.2890092230014,,Critical,E00,0,16,1,43
M003,2024-02-13 17:00:00,71.74921663274692,0.33289666261084305,83.79338592670894,47.72508592054631,234.31684476634464,46.482692575980046,1350.1126337893945,681.7676896757363,Minor,E00,1,17,1,43
M013,2024-02-13 18:00:00,78.02085774526599,0.41892490418332834,104.21746032505541,37.548820582160246,,39.92347086837715,1590.091015563121,536.7904885241072,None,E00,1,18,1,43
M010,2024-02-13 19:00:00,78.47589393859272,0.4906085548202874,,,228.0248737892419,49.459218018797586,1363.8605648858768,1377.0231731151355,,E00,0,19,1,43
M013,2024-02-13 20:00:00,70.61131921386725,0.4541563555057774,106.22357287716197,47.058393502918186,226.37221082718142,39.33012612373895,1556.4555667312186,1667.1413169056182,,E00,1,20,1,43
M024,2024-02-13 21:00:00,75.5681412682211,0.40636712408096154,103.85340049820576,,219.26785043910817,57.59235876705888,1734.3882934681978,535.7403460667131,None,E00,1,21,1,43
M002,2024-02-13 22:00:00,70.53883174965083,0.3524605405573356,97.21868631075192,54.60696349738588,230.6865350528338,58.56884679119689,,1116.0769844392319,None,E02,0,22,1,43
M025,2024-02-13 23:00:00,79.93281536447086,0.36468032399871264,108.18390552861868,52.10679038612548,218.69102255778748,,1236.8902242793574,2149.28736039023,Major,E00,0,23,1,43
M012,2024-02-14 00:00:00,75.8150600295956,0.29725448764002216,101.63873329469257,,224.1402731625522,44.26684869529251,1504.2925776785587,1092.5446941595878,Minor,E00,1,0,2,44
M020,2024-02-14 01:00:00,64.85709747186986,0.24862827350881397,101.3091427790247,47.56536518247819,209.96984093325872,46.615998918929996,1557.6542423735896,2210.3429917910585,None,E00,0,1,2,44
M011,2024-02-14 02:00:00,72.96914791292308,0.2711241149568041,98.89511450589487,35.763601195991804,,49.74785764548752,1608.1180776951087,870.5597084102469,Minor,E04,1,2,2,44
M008,2024-02-14 03:00:00,81.88867297094328,0.3534860024165356,113.46844569791838,25.74824633037989,229.35235971831025,52.05478194745689,1676.8309792179666,941.2389761223517,None,E00,0,3,2,44
M020,2024-02-14 04:00:00,70.9126137927198,0.32956054170013255,94.29386616723474,37.83329799063556,224.4096416925873,53.7044217267311,1682.948477149028,918.8191513037231,Minor,E00,1,4,2,44
M018,2024-02-14 05:00:00,74.68629018057041,0.24713908066962204,97.41860370032757,44.39619804872748,218.86034499249664,53.51777489174038,1484.2872194367915,688.3249940529768,None,E03,0,5,2,44
M004,2024-02-14 06:00:00,75.27527302643487,0.34738736346651844,90.10131883936003,51.2569046989624,235.2627616077158,62.43092442269871,1420.8673742677302,523.4766408102837,Major,,0,6,2,44
M018,2024-02-14 07:00:00,65.7802626050124,0.3277098772873838,105.81384861859604,46.79375916564407,,50.48291252521218,1365.7787351224772,1111.5030888197025,Minor,E00,0,7,2,44
M019,2024-02-14 08:00:00,,0.26790058013011436,95.34280794913862,55.892095380338745,223.51334399808107,,1435.2060304785603,1257.9459618800859,None,E01,1,8,2,44
M010,2024-02-14 09:00:00,63.636989087792244,0.32408746925659504,96.23971534618943,33.22600594300111,208.3547590541343,37.12654852128214,1557.183661872571,913.288147477186,,E00,1,9,2,44
M024,2024-02-14 10:00:00,68.24625536159162,0.32753328994985587,95.86450694274255,40.47961934505408,219.10720809599732,63.086294999856506,1338.1622622924997,1009.5123373662608,None,E00,1,10,2,44
M017,2024-02-14 11:00:00,78.45433780496515,0.3068354002052873,100.50177532849911,64.7324004211959,213.33934536003386,54.07724694760013,1388.7767681485818,1778.4301029086996,Critical,E01,1,11,2,44
M009,2024-02-14 12:00:00,74.14053774185015,0.41486691153431576,89.99392332272683,,220.71610872650368,51.65161865171438,1567.475890571348,,None,E04,1,12,2,44
M001,2024-02-14 13:00:00,70.17313315352084,0.21679689065346813,82.05403787118192,39.576548328888066,212.50962266737972,53.592091569409675,,,None,E03,1,13,2,44
M017,2024-02-14 14:00:00,74.67876612747112,0.21099407065023199,103.66163229914217,32.14207262684822,210.43019260458715,51.2821513990564,,1371.9501718786669,Major,E01,1,14,2,44
M006,2024-02-14 15:00:00,71.63944651346921,0.3502300049114364,,42.655219148951055,201.89909405019557,53.465511224940904,1402.2827765033553,545.4305522530587,None,E00,0,15,2,44
M019,2024-02-14 16:00:00,72.075471014111,0.35672890325746137,106.83310227181903,39.7866301507666,221.33805850800775,47.019292651543026,1534.5357963723013,1307.8507598429208,None,E01,1,16,2,44
M014,2024-02-14 17:00:00,75.94091116032082,0.37829505952132814,112.46822199628119,52.225865257081,201.60989506576726,58.44157271709963,1407.3747609372285,1175.036271918626,Major,E03,0,17,2,44
M012,2024-02-14 18:00:00,67.63579355604521,0.3122718544204634,98.68620956851973,,217.43807472999114,45.80107804328502,1271.7628329457573,1050.3337105168512,Major,E01,1,18,2,44
M005,2024-02-14 19:00:00,72.24201843332814,0.28574533364353677,,29.33258913707664,225.55517578611435,42.77370305340466,1614.714824594893,1213.1239999549741,None,E00,0,19,2,44
M018,2024-02-14 20:00:00,70.12639083236009,0.3494878707113537,,37.942055121850956,214.22323450236752,36.47324288101283,1416.4926609810439,1148.463291035717,Minor,E04,0,20,2,44
M005,2024-02-14 21:00:00,62.48637975239846,0.31908953052564026,112.79392927262296,44.99859541049177,211.32137189600422,48.09820232811129,1470.1643751481608,674.5442707375472,Minor,E03,1,21,2,44
M011,2024-02-14 22:00:00,66.4772654625042,0.4585749983258986,96.35025718309431,53.872570608468166,219.45722433953037,60.140020491221314,1417.0629482029985,1871.9092469579505,Major,E00,1,22,2,44
M021,2024-02-14 23:00:00,81.40923868238299,0.32730409250523657,81.08094552455103,74.19547541615913,213.3711557721956,46.341198860092426,1565.3373324298075,1580.3270120481277,Minor,E01,1,23,2,44
M024,2024-02-15 00:00:00,74.30833988751141,,99.36070604714799,53.433549467465006,221.48526338393896,38.97161700012975,1539.9802693750348,,Minor,E02,1,0,3,45
M025,2024-02-15 01:00:00,64.05847019159167,0.523279269771856,113.66370554728591,32.85000095340617,211.73736107590582,52.27862471175927,1565.0512179603227,495.7729628005214,Major,E00,0,1,3,45
M024,2024-02-15 02:00:00,62.75787374490954,0.3363667841288519,104.27974644752334,43.87385693520964,219.1640485905358,44.79145762980833,1434.0548357317857,217.48817278491188,None,E03,0,2,3,45
M014,2024-02-15 03:00:00,71.3270165993365,0.3889309805639363,95.87741417169725,47.17171434040571,217.22863422528033,62.386136769817064,1494.0325980872453,2001.8815335619304,Minor,E00,0,3,3,45
M006,2024-02-15 04:00:00,,0.3952416603370447,102.63120935427786,38.767309555877745,219.90782707590722,58.59678212330601,1550.0438756078483,1130.5354892308867,Minor,E00,1,4,3,45
M021,2024-02-15 05:00:00,70.87945119117389,0.40119811506027503,107.76899870762043,50.64309367121452,233.08121275213747,39.83284164100374,1685.424476703884,1505.1929562295184,Minor,E03,1,5,3,45
M021,2024-02-15 06:00:00,79.8419973204241,0.37026410857878767,99.31506848868423,20.0,221.59848699933727,48.60884211824885,1536.783752608664,820.5084147450176,Minor,E03,1,6,3,45
M025,2024-02-15 07:00:00,74.11158462491194,0.36356885560873564,121.01112068273903,51.63779545593599,224.03555297807222,,1379.5980413768002,1077.051430990659,None,E00,1,7,3,45
M017,2024-02-15 08:00:00,74.82750274707536,0.35702340028859814,95.8606563478441,39.28335093083433,215.00165532921082,40.715963311351054,1532.147268069543,1097.4668730836563,Minor,E02,0,8,3,45
M004,2024-02-15 09:00:00,63.98567694417258,0.30968042684363584,108.02008577635799,43.6835372196537,221.78605135114677,49.55252406552153,,1296.5845498934202,Minor,E01,1,9,3,45
M013,2024-02-15 10:00:00,77.62513753049855,0.37278631619874875,106.0954978918544,62.588675268318,217.80157247833654,56.54586211049875,1260.1519246543799,1235.947385992253,Major,E02,1,10,3,45
M012,2024-02-15 11:00:00,69.99040777635835,0.4920052086197214,94.40138060241554,29.861793892692937,220.23724832566685,49.34634169731234,1278.5811827940906,831.0936370344161,None,E00,0,11,3,45
M022,2024-02-15 12:00:00,77.17855472166545,0.434747733627449,96.60447786121861,48.27263134324596,225.19156456692434,,1492.021245897243,826.9252495368246,Major,E04,1,12,3,45
M010,2024-02-15 13:00:00,67.11498010808332,0.37127426155572457,108.14478917983492,54.52705894807737,215.99812927802455,32.35010787047128,1502.1358719323566,1167.3813211818726,,E01,0,13,3,45
M009,2024-02-15 14:00:00,73.06229608505947,0.4099080858674193,101.15830310083393,47.04403749943561,216.81563651193287,44.67347744219323,1464.6300311719308,,Major,E02,0,14,3,45
M003,2024-02-15 15:00:00,74.11201772362578,0.2891576863888543,102.70457381381819,25.629692333757887,216.10868264574495,54.414438091579726,1606.101814349228,870.7696253689026,Minor,E00,1,15,3,45
M021,2024-02-15 16:00:00,71.0758001005448,,86.91226117036514,61.20475952761593,215.95424285274416,39.264472546891454,1387.782507699475,1138.3447248817756,Minor,E00,0,16,3,45
M019,2024-02-15 17:00:00,74.42727115851694,0.41634948909288383,105.2479892412968,42.46375139512373,221.3858818445889,60.26049694338005,1333.6565852721728,1358.9998239709066,Critical,,0,17,3,45
M002,2024-02-15 18:00:00,70.40161754884495,0.4541017035420734,102.29837475266055,38.66950979906366,217.08814459741902,45.33092110522607,1400.9169245133573,1801.3740864358094,Minor,E00,0,18,3,45
M011,2024-02-15 19:00:00,68.10564148175233,0.29603936795332353,99.48871981887078,41.27420541368496,231.9836509086286,51.549758559836775,1426.8268725040512,1009.4141207575577,None,E03,0,19,3,45
M012,2024-02-15 20:00:00,81.6329002967638,0.31614881834037895,102.8871349044726,40.414243307933,241.43330168955333,46.806886756175416,1493.021610617672,1214.445797473419,Minor,,1,20,3,45
M012,2024-02-15 21:00:00,78.29371719816865,0.5026963055714976,96.72625834300601,30.717843927002686,215.4564617185015,40.58946607662649,1404.2831852640263,453.05452030157954,Minor,E01,1,21,3,45
M023,2024-02-15 22:00:00,67.43481152971094,0.3567382874838281,,46.97940703292782,222.35202286563757,53.5223684379865,1242.9928413875625,1333.9254588012216,Major,E00,0,22,3,45
M004,2024-02-15 23:00:00,75.41066583356768,0.4776353380890265,98.06491574688712,37.83320390503199,228.3040606084419,45.21589837398552,1191.683354367944,,None,E01,1,23,3,45
M008,2024-02-16 00:00:00,67.54392687179308,0.3644800122093054,96.28637457345361,53.050659265797954,217.87400750380817,43.33575068769429,1514.7790990498847,1076.7060580091552,None,E00,0,0,4,46
M005,2024-02-16 01:00:00,64.89189213802605,0.36723261976278043,117.44423648834561,51.21114592338216,212.04487088555413,30.990805818527182,1364.5174155934744,,None,E02,1,1,4,46
M007,2024-02-16 02:00:00,78.20285664839386,,107.29496583074872,64.50803294116572,233.90538649171808,,1259.357440635357,1407.073407077858,Minor,,1,2,4,46
M023,2024-02-16 03:00:00,,0.415978859905716,92.2522486082264,42.460402279527834,225.48925835044162,50.04918998647183,1574.9929560814865,618.5009211072909,Minor,E00,0,3,4,46
M024,2024-02-16 04:00:00,77.56113548145925,0.44504442852127996,116.29036801808674,35.3610029874622,,58.85255510044061,1685.4217242178263,1520.780052005431,Major,E00,1,4,4,46
M002,2024-02-16 05:00:00,70.48366612456165,0.27754984389013926,96.5371471085095,27.36309197816742,231.60417920104751,54.96153925596791,1488.6649753476493,1184.450285697531,None,E00,1,5,4,46
M016,2024-02-16 06:00:00,70.73072038151683,0.3253284613445694,100.23564293971428,71.32012063289775,226.16186539058987,58.85145934540206,1532.2128157702036,1706.8714917782083,Minor,E01,0,6,4,46
M006,2024-02-16 07:00:00,74.45850731773974,0.4140554967061954,107.17933755945056,52.945295958193604,219.61651971231524,45.48684147757753,1533.229907650021,1784.6522010743995,Critical,E01,1,7,4,46
M005,2024-02-16 08:00:00,75.48719287196552,0.34093159535509704,84.24009164881907,36.690960945842505,212.1869530739718,39.020355104791584,1222.4219827204213,1842.4523251949004,None,E00,1,8,4,46
M008,2024-02-16 09:00:00,67.04194093902655,0.3154630172026753,,65.31786107120563,216.05334604460546,56.101543003310965,1606.6383128633904,,Minor,E02,0,9,4,46
M005,2024-02-16 10:00:00,76.30635365250038,0.4206679507708581,95.41332919226267,61.27394860663239,229.6385856427081,51.04158994932574,1648.7858122132666,1360.9140727936774,,E03,1,10,4,46
M013,2024-02-16 11:00:00,72.68022322815133,0.4272417243298757,101.64064063635308,28.784669970538353,225.4566852384796,46.26906893663656,1720.415901551203,569.0399371942385,None,E01,1,11,4,46
M025,2024-02-16 12:00:00,64.46367124279178,0.31852505365295025,102.96039746612354,35.958301498992334,218.5066670449786,55.94170726193592,1447.4856227165362,1720.5802084863897,Minor,E01,1,12,4,46
M015,2024-02-16 13:00:00,70.98075309852156,0.3648656569591562,,43.41210185807556,234.13250555596358,52.46504476046232,,1777.5083805385834,None,E00,0,13,4,46
M019,2024-02-16 14:00:00,,0.2654067642867037,99.0108216145681,32.15897884797646,218.7422297088735,55.11150779307721,1663.026902407405,1591.2204513037032,None,E01,1,14,4,46
M013,2024-02-16 15:00:00,82.05956878947418,0.28731633626649106,108.52105098108356,43.84104644506975,227.90014368584926,41.82084455356575,1559.8692471032703,1030.1603276926928,Major,E00,1,15,4,46
M001,2024-02-16 16:00:00,76.30409074565206,0.35869156624933657,102.41188744267231,53.54354335727746,221.7603123782939,57.82093169596976,1604.959644895153,1417.6987892744883,None,E00,0,16,4,46
M003,2024-02-16 17:00:00,64.85793907098977,0.35219847513058905,100.33140008041555,28.52086970013248,235.463624299382,49.962954592014405,1422.350836988265,979.1018657531084,Major,E00,1,17,4,46
M007,2024-02-16 18:00:00,74.94364141473532,0.28231867357885554,101.18296473168111,,226.02436389649063,58.67896137216691,1532.5874900070971,1205.5079632206568,Minor,E00,0,18,4,46
M007,2024-02-16 19:00:00,77.10516542315516,0.2998818252692097,,59.02197570519246,220.3692758497045,57.746026563726076,1373.5920096698605,1163.116579659967,None,E00,0,19,4,46
M022,2024-02-16 20:00:00,76.35424789991234,0.2754468941031108,101.38139181587285,49.80264287124627,218.56958816986528,55.49038394043912,1499.3712215152175,400.662900890881,None,,1,20,4,46
M022,2024-02-16 21:00:00,76.70972573212751,0.38185418998392473,95.88441196027436,44.0926037426389,219.87701999150255,49.11099031086245,1458.2534787451489,876.1977254545883,Major,E02,1,21,4,46
M022,2024-02-16 22:00:00,74.17957847548519,0.21226525623156697,84.72800729111152,36.982778885084926,214.19682183086127,55.676553784971105,1781.226473215523,2108.343779889774,None,E00,1,22,4,46
M016,2024-02-16 23:00:00,71.56552596701674,0.27918959393078624,88.52850100772037,54.97010246519221,209.06637489969108,58.88628442903076,1565.8355652267412,1165.3233427824553,None,E00,1,23,4,46
M014,2024-02-17 00:00:00,68.34979502457588,0.2195940916517375,96.26379283936191,30.876958655423575,222.46988312087342,54.85386292306777,1241.7592418570746,1264.0909791772408,None,E00,1,0,5,47
M017,2024-02-17 01:00:00,60.612386888991026,0.3793314422700586,99.13298524836682,47.91350173314147,215.731851893085,51.620778766056524,1499.8133489257655,1196.5317363569018,Minor,E00,1,1,5,47
M011,2024-02-17 02:00:00,74.03785060028011,0.22380865149617085,95.5550283231181,45.30618879663979,215.7105982588369,55.69479075450267,1544.1805185071805,1035.7904036183443,None,E00,1,2,5,47
M017,2024-02-17 03:00:00,73.11631706191314,,102.80915181636648,58.5073323145165,219.28927810762116,45.79436403663625,,1214.4428800296096,Critical,E01,0,3,5,47
M020,2024-02-17 04:00:00,75.3454550569489,0.4647666811023196,95.45193564393354,38.00701486717332,220.41778750717813,62.11191639868842,1367.668897987892,1037.1961456089723,None,E00,0,4,5,47
M020,2024-02-17 05:00:00,63.97473784024263,0.46714037868896313,92.68408583891656,39.02717025728259,220.05900809267925,36.54538092478259,1579.2619291630883,286.8201144411698,None,E00,1,5,5,47
M016,2024-02-17 06:00:00,75.87010013589037,0.22358647015748248,104.90115068285931,30.097621552422922,,50.275221766491576,1384.6335107692637,1514.4910140950024,Minor,E01,0,6,5,47
M002,2024-02-17 07:00:00,84.32727056772467,0.3708886721141669,110.9551559750241,50.247411295204905,225.29903574329123,46.75233665126948,1569.0532462532494,1845.1478540867688,None,,0,7,5,47
M019,2024-02-17 08:00:00,72.47070078466747,0.28077200925336815,91.14265921802762,39.91420988361301,236.86252462664234,44.872866453382514,1374.4947446700032,734.3287782766322,Major,E04,1,8,5,47
M010,2024-02-17 09:00:00,71.63000808476076,0.2664804775002819,101.94972690966249,34.655112272761784,,52.44156800131966,1435.931842769722,1034.8603816108655,,E00,0,9,5,47
M019,2024-02-17 10:00:00,73.85401413651421,,84.75996273476946,35.798204799872615,226.26976514502596,40.99619515372413,1614.7380096869013,1799.9816983865771,Minor,E00,1,10,5,47
M014,2024-02-17 11:00:00,84.19402214826202,0.43598038098531877,88.20369495418272,51.4452659575549,,67.21545758813848,1558.7008937178807,891.4387589401132,Major,E00,1,11,5,47
M023,2024-02-17 12:00:00,65.85811342980065,0.3919761211954251,95.28987337618261,31.764474003323237,215.51094513660087,39.183156493431234,1503.7705392355633,1355.0868365637984,Major,E03,1,12,5,47
M009,2024-02-17 13:00:00,73.21924160036343,0.2999401350061983,,32.8300084202438,237.16434101125094,42.38985581398323,,2930.768296244052,None,E00,1,13,5,47
M024,2024-02-17 14:00:00,67.20205546621413,0.39935237981870014,93.7703517623562,55.7563371062086,213.85481384483748,41.63453089896106,1510.8663807695696,,None,E00,1,14,5,47
M022,2024-02-17 15:00:00,68.71797167493003,0.1929404167682824,93.4711962018756,43.00655309004633,202.1461279742193,51.58798493141068,1405.0149954166563,1227.5301294179824,Minor,E00,1,15,5,47
M009,2024-02-17 16:00:00,71.70245815270836,0.29729379410967316,100.2886982551556,56.46534103181168,214.33640552668118,58.11635284851862,1317.9963286686225,1552.6841759195884,Critical,E03,1,16,5,47
M013,2024-02-17 17:00:00,80.08393944968135,,100.2966688891988,40.687730216290014,203.93341070602102,54.208055243529444,1568.3007591879393,1510.6987486281957,Major,E01,1,17,5,47
M014,2024-02-17 18:00:00,82.80594360413242,0.35548244842172516,93.71894821796265,44.98648920724042,212.38940399142533,61.778754337391895,1683.6120052684062,935.0948354182676,Minor,E00,1,18,5,47
M020,2024-02-17 19:00:00,74.68885286776023,0.3358020425438,115.8897725381059,46.875591263234604,213.13067343319983,43.38185563659809,1572.507951463239,505.4227512545996,None,E01,1,19,5,47
M018,2024-02-17 20:00:00,,0.340097023446608,97.87709301507701,61.64743520576188,220.2822541188124,55.26977170021563,1530.5006898714933,1437.5653986560044,Major,E01,1,20,5,47
M022,2024-02-17 21:00:00,86.95643319983111,0.3377696328925703,100.90867985934464,60.67047391452324,203.6032269817569,47.57170691352945,1354.977110750412,1497.5429617174755,Minor,,0,21,5,47
M010,2024-02-17 22:00:00,69.43467311202288,0.3515685068692361,96.78576369831646,58.838844458308024,229.56761780864906,51.82459296805258,1605.2609125071833,1080.9961336725744,Critical,E00,1,22,5,47
M013,2024-02-17 23:00:00,68.57318451384158,0.38780916768707563,103.51977249720943,37.454173560775295,204.99384589273666,58.86944874330179,1557.7673264944065,1858.078379958385,Major,E00,1,23,5,47
M011,2024-02-18 00:00:00,61.35034173252764,0.3604531718271668,109.87966047763294,33.15804516740139,218.97799341876896,36.46183745387712,1591.2175800999391,1777.8943752424502,None,E00,0,0,6,48
M023,2024-02-18 01:00:00,80.37654941546846,0.33009537283768087,113.30930957563658,54.12949755673088,,65.92806850801864,1624.0669212781445,1509.807145630132,Minor,,1,1,6,48
M008,2024-02-18 02:00:00,77.80947355422776,0.3781223795863347,93.90187459788896,61.521116427609805,226.60280287921034,,1690.3208360452386,1088.5514218524402,Minor,E03,1,2,6,48
M015,2024-02-18 03:00:00,86.50683321669868,0.40782864805569347,108.80636141040969,58.95382478542484,222.81234619920565,37.146979942379375,1366.2333779224864,363.6295226383316,Minor,E01,1,3,6,48
M004,2024-02-18 04:00:00,63.662859886691244,0.3110781876494159,104.39744655640814,,229.4949833700861,44.457219880684505,1345.322767933332,1130.2581115157143,Minor,E00,0,4,6,48
M022,2024-02-18 05:00:00,80.74902484487465,0.34584180885291266,107.79629287568062,,217.1083736641758,50.818441856528466,1517.7784860686295,465.5234453200416,Major,E00,0,5,6,48
M010,2024-02-18 06:00:00,72.42081311019676,0.431333459413261,99.26496581845763,53.94465183702155,,44.45539162041884,1389.2978197338944,257.1631519367548,Major,E00,1,6,6,48
M009,2024-02-18 07:00:00,76.83660130080082,0.272806752591285,98.50367381374255,46.787313496552855,223.30232788042545,33.616856395939834,1368.5154983463144,,None,E01,0,7,6,48
M015,2024-02-18 08:00:00,62.11333715337317,0.47632915373791607,107.48571716571195,47.308483496844,228.23361503622243,,,1668.9229016943295,None,,0,8,6,48
M013,2024-02-18 09:00:00,80.80849093599178,0.25625915176822966,107.63754004845029,46.17834404163366,226.60055276865643,44.22600349174813,1378.9124885869105,419.761455348638,None,E01,0,9,6,48
M022,2024-02-18 10:00:00,76.71910050799099,,112.52576451089509,35.542841600653176,222.57451370774075,55.209119617481484,1498.6719440157624,1097.3817728773213,Minor,E04,1,10,6,48
M014,2024-02-18 11:00:00,71.7665397912827,0.2834867002186791,101.58838044360391,36.76737074932857,221.8613000181424,41.452901115733184,1304.2289124602446,1193.0028443867418,Minor,E00,0,11,6,48
M013,2024-02-18 12:00:00,75.87067612596672,0.5031548897808563,99.14468297892195,36.58211566188434,219.70968700959625,,1507.5646875009752,1083.0381446942054,Minor,E02,1,12,6,48
M003,2024-02-18 13:00:00,67.4070281937465,0.31476549798069936,80.32117136004636,25.809158678609954,223.2794413158555,54.10903262985867,1641.9381067515542,648.5948258638722,Minor,E02,1,13,6,48
M001,2024-02-18 14:00:00,68.5233594865098,,87.10991569603732,46.71431912818092,236.27947555583367,51.57435554742188,1645.5711918774768,1732.4147825558575,Major,E00,1,14,6,48
M010,2024-02-18 15:00:00,69.21933231824762,,96.84598715853285,44.513119525949286,218.05941294754496,54.98498733223815,1625.3990629663897,659.644092425724,None,E02,0,15,6,48
M025,2024-02-18 16:00:00,60.88363282985833,0.3566921965525765,91.19152855003028,54.14356962820443,217.08407870867663,35.42790131348916,1490.595363728211,420.32083093649726,Minor,E00,0,16,6,48
M023,2024-02-18 17:00:00,77.1705509652202,0.32700907547668423,106.51304452346596,60.12860739574935,216.4715530723746,46.02433514809039,1633.380542268928,650.2209384503728,Major,E00,1,17,6,48
M016,2024-02-18 18:00:00,79.14956168509539,0.34069792367643204,89.51983230736838,60.89153237815835,,64.26416616572466,1551.609749668157,1392.5369068491323,None,E00,1,18,6,48
M016,2024-02-18 19:00:00,67.79193510141695,,95.98956537319769,62.02158549971702,203.0260378472244,47.43893847483762,1447.326443998165,1093.118478628619,None,E00,0,19,6,48
M010,2024-02-18 20:00:00,74.08921809566891,,96.3037880548921,35.915027672531906,218.9195063749253,,1545.8041823433452,,Minor,E01,1,20,6,48
M005,2024-02-18 21:00:00,70.40675715222459,0.35124646350406513,109.63794466719557,27.816488664154036,227.04517480999982,46.26800414256916,1606.2808216626788,1411.059691775817,None,E00,0,21,6,48
M001,2024-02-18 22:00:00,73.96964377248618,0.42269981581886756,95.13409000784284,56.168922936785194,215.79015364910225,61.71606450103479,1340.6738530589523,1333.0512162109121,Minor,E00,1,22,6,48
M009,2024-02-18 23:00:00,,0.4416342663795581,103.6192969443839,61.585601258410804,221.49363703851077,48.04292560080638,1372.7499358046125,277.07137650932975,Critical,E01,1,23,6,48
M008,2024-02-19 00:00:00,66.69944906347419,0.3368604357025741,101.56564902018174,63.67190936652511,236.87468370645166,39.98531759009953,1482.7664901842652,1407.0269871655016,,E00,0,0,0,49
M005,2024-02-19 01:00:00,78.31244931614245,0.4071360357171769,,50.819954516308506,222.65279899982994,70.63052098041187,1353.3890250198867,1672.4931955181207,Critical,E00,0,1,0,49
M007,2024-02-19 02:00:00,,0.2728901853688635,106.80172041693184,21.039552628756475,,38.99981248000191,1351.6764696526163,1150.7272914295809,None,E02,0,2,0,49
M001,2024-02-19 03:00:00,84.13265370512086,0.4037139639887273,99.73247909704365,49.38731356120311,208.72092506754154,49.22095816430004,1449.529551392655,1106.034077370059,Minor,E04,1,3,0,49
M016,2024-02-19 04:00:00,72.27785978876484,0.3099266940605796,86.42964389914256,51.66529041491292,217.99197398862015,43.26564557388065,1619.0386835449608,,,E00,0,4,0,49
M024,2024-02-19 05:00:00,66.44353175789705,0.26707117723089613,98.14607290683496,60.02490025510307,213.5693927343014,44.38719135519936,1616.7781177368802,916.0724543753141,Major,E04,1,5,0,49
M018,2024-02-19 06:00:00,79.36164525861564,0.3370087925257164,99.84035484374277,62.15554432779881,220.82706564640512,41.52134042706683,1538.5296208745485,1133.7357526249489,Critical,E04,1,6,0,49
M012,2024-02-19 07:00:00,75.78480098487611,0.4480330713038445,102.28807386522223,55.915600840624016,217.64339182174587,45.68006271264741,1521.633718760355,1332.3919833361422,None,E00,0,7,0,49
M011,2024-02-19 08:00:00,76.36123718217854,0.36267038757115927,94.09955883823352,37.95265322044974,229.3285722626504,,,1219.3761292235977,Critical,E03,0,8,0,49
M008,2024-02-19 09:00:00,79.14360407320751,0.4547541703374866,109.12720894726891,32.6505922253681,211.26934842258765,34.78411022212917,1435.2778833042366,1091.086277432441,Major,E02,1,9,0,49
M004,2024-02-19 10:00:00,,0.29758871003289367,100.10895534651993,51.40753382179568,218.3400049425853,60.086460660435534,1528.9288961979717,1235.689668441446,Critical,E02,1,10,0,49
M015,2024-02-19 11:00:00,71.23648014608827,0.42334957731835926,92.636021217503,35.49101867489322,221.7380678982015,58.70718453362382,1429.32144529515,1827.5784376695608,Minor,E00,0,11,0,49
M015,2024-02-19 12:00:00,,0.3043487973934138,96.33417729006656,62.701645282108444,222.72907554801571,54.07247394406524,1345.5094396406523,1523.0630582153735,,E02,1,12,0,49
M001,2024-02-19 13:00:00,64.2555207785063,0.3657730070042442,115.42834123173463,24.54529275177694,221.17444206862405,51.00936382056225,1642.1857277752172,1170.1128780076474,Critical,E00,0,13,0,49
M011,2024-02-19 14:00:00,70.41845909905054,0.365167798006159,105.31502314357199,51.80263934873601,200.70981261313503,52.21311353458829,1463.375348066104,854.4239446211703,Major,E01,1,14,0,49
M007,2024-02-19 15:00:00,80.01827674726094,0.3963044213746921,108.38765244451523,48.83441969690987,220.6663366240645,61.38729944221445,1583.3786363663921,907.5983015404682,Major,E00,0,15,0,49
M005,2024-02-19 16:00:00,73.42402862276309,0.3675518433937929,,42.51879998962605,218.79396501699796,36.03372212416523,1470.4645212213368,1580.0868335392759,None,E02,1,16,0,49
M018,2024-02-19 17:00:00,63.92363203293007,0.2982570823524728,94.4893624625296,33.8986047083431,226.91287802330285,55.8183175186817,1649.5964597438033,562.6711055426618,None,E02,0,17,0,49
M014,2024-02-19 18:00:00,,0.41162148664647946,94.54862155295004,20.25868437068325,225.78376246855524,44.03062437379077,1380.331599837423,2161.275898929259,Minor,E00,0,18,0,49
M016,2024-02-19 19:00:00,,0.47121596160277757,101.47514990070897,38.622855767127795,221.92675608794653,56.605980177248334,1639.669525540547,,None,E00,0,19,0,49
M018,2024-02-19 20:00:00,71.45808593846922,0.3091337604420717,98.60798535131552,38.83340182519216,,45.09119723968163,1607.3046443588935,648.5807498732705,Minor,E00,1,20,0,49
M025,2024-02-19 21:00:00,68.11553876579029,0.2215337546488477,96.08404470994384,58.34083990618147,230.81906479383733,,1284.6434982174085,1272.7903567653602,Major,E00,1,21,0,49
M021,2024-02-19 22:00:00,70.35604941061798,0.3849523697847652,97.08744325997236,,229.20236885676553,37.61211731951201,1437.9770489151724,879.7176014455066,Minor,E04,1,22,0,49
M016,2024-02-19 23:00:00,63.136153474096005,0.32681737241634956,93.64771850659945,50.4332473627655,222.2026560180893,36.45941262832597,1622.4994370892691,1032.4052152917075,Critical,E01,1,23,0,49
M022,2024-02-20 00:00:00,80.53857089706972,0.3408228000831292,98.56128570478872,29.493122358698457,237.16334630100803,49.09549727677138,1696.479314942475,595.6912824838389,None,E02,1,0,1,50
M012,2024-02-20 01:00:00,69.64168237448382,0.38893244290117085,108.90572467066998,50.762978329003055,214.97442940354406,61.484240210063,1585.8595582367998,1104.558880128336,None,E02,1,1,1,50
M025,2024-02-20 02:00:00,80.20440916643054,0.31805252991220806,87.89488518760197,20.0,210.51645513525418,54.29027536936202,1452.413029432988,350.94488384872625,None,E01,1,2,1,50
M020,2024-02-20 03:00:00,,0.331180362005943,102.77183546908184,70.14355413516834,219.91329594489363,54.232915701772676,1383.7992664078595,960.0535633524368,Critical,E00,1,3,1,50
M017,2024-02-20 04:00:00,80.57719184741065,0.3429916338144389,111.04074155903699,,217.00952110299212,56.88155050807218,1567.9985375157605,869.077253478154,Minor,E00,0,4,1,50
M023,2024-02-20 05:00:00,73.54016699425851,0.45288277565895113,98.53450321147547,20.0,200.27726952425522,46.82418867514033,1448.877475027017,999.0726547252269,Critical,E00,1,5,1,50
M013,2024-02-20 06:00:00,77.11939597721445,0.3521048722879507,95.76899176683283,36.38700629328149,214.78095352006892,54.88599088508756,,894.3202662545233,None,E02,1,6,1,50
M019,2024-02-20 07:00:00,76.31455827653002,0.26350284934295276,107.39385188760471,34.49205320296961,222.7486812304382,45.36261621253666,1473.1011657018462,1213.5856535083897,None,E02,1,7,1,50
M008,2024-02-20 08:00:00,75.73974639751182,0.2662885063201219,92.12622498504925,37.13018241760439,219.5357780339572,47.487880632368665,1605.810854443606,1555.2021019956123,Major,E00,0,8,1,50
M025,2024-02-20 09:00:00,74.08760686309627,0.35974609451617207,99.81846776049015,40.62430325041389,213.7883087064462,48.48120394804961,1716.7734092509452,1344.2448534888847,,E00,0,9,1,50
M016,2024-02-20 10:00:00,70.60289570330649,0.27094003995163146,91.68124719691419,37.04859416009289,220.33860415644858,45.63577832346101,1623.2255199812178,1719.7047946967612,Minor,E01,1,10,1,50
M020,2024-02-20 11:00:00,83.49260814943716,0.24063875591530873,85.03919223980576,35.20305507518145,220.9845798339451,49.4715956394828,,1000.5884037888725,Minor,E01,1,11,1,50
M012,2024-02-20 12:00:00,66.5583780894246,0.39448751936538073,98.78412588164164,31.095804576013876,225.72059507089074,47.963535206151526,1392.0967069469023,1329.8859421730597,Minor,E01,1,12,1,50
M022,2024-02-20 13:00:00,72.02584585405896,0.3979148882008051,89.89283949386413,54.86147308719705,214.86799483577124,44.33868014793017,1580.1132736358984,,Major,E00,0,13,1,50
M002,2024-02-20 14:00:00,72.08931525124557,0.3242304426274302,99.90663589336665,59.41362738283496,226.99085432413165,,1699.8531418255236,1660.660685901415,None,E01,0,14,1,50
M003,2024-02-20 15:00:00,74.41464452006113,0.3705561503806196,108.92023699504566,41.94511412116454,211.27485620592523,51.24212870316261,1620.4245983747385,907.8219414948925,None,E02,1,15,1,50
M013,2024-02-20 16:00:00,69.42316412463299,0.36316851509368503,114.83404325343699,44.7883601996127,215.97298464640258,41.201085683653325,1524.9277263060164,1515.5329156832972,None,E00,1,16,1,50
M019,2024-02-20 17:00:00,73.88847783353752,0.39216935701783595,100.74823427154567,31.484029677689065,233.5919456128057,,1441.318369729971,857.0760005380604,Minor,E01,1,17,1,50
M021,2024-02-20 18:00:00,70.9869444887822,0.39233249327578595,,45.852248380037096,211.80897785922252,46.05055904805059,1541.4206752641542,972.0318925711031,Major,E00,1,18,1,50
M012,2024-02-20 19:00:00,62.508284895372604,0.16759479887309414,103.19170120085306,,214.72986149895357,51.5856301961932,1638.54919186892,1056.5375205062655,Minor,E02,0,19,1,50
M017,2024-02-20 20:00:00,72.05731371754108,0.3331650729062324,96.93509108899953,42.36721668343411,209.97511151524546,44.6776220799867,1527.8770686864898,1381.2693924077062,Critical,E03,0,20,1,50
M014,2024-02-20 21:00:00,65.39660800181909,0.3862532931724693,84.60178916855284,49.75289973323338,213.38186893350473,58.40396322668277,1487.5880668862164,765.196943677969,Minor,E01,1,21,1,50
M025,2024-02-20 22:00:00,61.593685425306596,0.32126803862726894,113.01193861665695,48.7045053846123,221.10690526423016,,1417.5306431957558,820.9384574244085,Minor,E00,1,22,1,50
M017,2024-02-20 23:00:00,72.82123992413631,0.3525341847481878,91.60718248575103,32.350327330913046,225.6523383427436,41.60488982172996,1810.7311927924657,941.9745845638139,Minor,E03,1,23,1,50
M011,2024-02-21 00:00:00,74.9273000521174,,111.06216729134215,59.31657016474748,219.85089493185063,54.199993359211646,1393.0882341150934,1219.3772940040712,Major,E00,1,0,2,51
M025,2024-02-21 01:00:00,75.16018825262746,0.3556647663276513,104.294461034098,42.5082448820451,217.40248120623468,61.570172460366535,1381.9971153287051,825.5006439721243,None,E00,0,1,2,51
M003,2024-02-21 02:00:00,75.40302424211816,0.45555435920644066,92.19189771802112,65.10685922300382,210.0578089110402,42.41457030286885,1519.6916918170114,1305.588683582083,Minor,E00,1,2,2,51
M025,2024-02-21 03:00:00,60.40446587435634,0.42888903765967845,102.49598689455162,50.04504707303071,214.18295635854443,43.048365125135255,1475.7686827590212,1056.867148624769,Minor,E00,0,3,2,51
M004,2024-02-21 04:00:00,63.83389843255518,0.3417005092919996,117.06328849028264,68.651197564462,207.6317136102324,55.88047561435445,1622.7955152539419,1463.1622860912046,Critical,E02,1,4,2,51
M008,2024-02-21 05:00:00,83.84112862088203,0.33613676804926546,112.28522064691018,59.103230031677356,225.8924769990763,39.54257219712855,1626.8534534653725,1225.1766379380035,None,E00,0,5,2,51
M021,2024-02-21 06:00:00,65.71674743953778,0.15047731263590444,95.89829555092442,47.72627553769034,226.4485855891777,43.77989646006307,1354.284447634793,1900.8537979602745,None,E02,1,6,2,51
M019,2024-02-21 07:00:00,75.66504618682013,0.32714484621766315,94.30415393452255,36.322717600564516,219.67641920534763,41.882678122763735,1409.3323127987708,1248.4585361088975,Minor,E02,1,7,2,51
M025,2024-02-21 08:00:00,67.87837427000493,0.2552711775102631,100.80166429852858,36.58119030276605,,55.979874358326484,1394.9505864781206,712.6442170205207,Minor,E01,0,8,2,51
M019,2024-02-21 09:00:00,72.47803643560539,0.36548606794004357,98.67589016824131,51.396411419790255,,44.460561929741985,1594.1432814460195,1114.8930625497567,,E00,0,9,2,51
M016,2024-02-21 10:00:00,,0.3607009497784001,109.59789908514185,46.717513005491014,220.8096711014603,47.723172761386046,1551.4007615790051,1208.4560376212175,Minor,E00,1,10,2,51
M009,2024-02-21 11:00:00,75.36924692771787,0.3987099029218744,105.91671309137443,37.93168516810697,231.1488854719394,44.01340609024061,1455.4209365394152,836.5303745262978,Minor,E03,1,11,2,51
M001,2024-02-21 12:00:00,72.8206447039002,,,54.996719371320495,211.8096584300664,59.18810800567093,1525.9679318990964,1806.8394988513076,None,E00,1,12,2,51
M004,2024-02-21 13:00:00,69.3102613581346,,103.66940204339129,45.46525596427239,217.21063817559906,,1364.8486452305967,1076.024883617281,Minor,E00,0,13,2,51
M008,2024-02-21 14:00:00,65.69896728191574,0.5096291418346237,,55.06811778360871,216.2580626556191,38.73919955480554,1410.8936663911302,942.1325491410872,None,E01,1,14,2,51
M002,2024-02-21 15:00:00,73.60664518495507,0.36627160116539326,100.29686508822454,33.29435919958131,225.17790475223606,,1343.9975441676963,1272.616447090968,Major,E01,1,15,2,51
M013,2024-02-21 16:00:00,,0.2582848524398357,101.99154411408527,56.99366001609802,208.52686936539138,55.54927707667866,,,None,E01,1,16,2,51
M020,2024-02-21 17:00:00,74.56488625272503,0.3106549687422916,109.58983204221282,51.01194683216736,231.58379685691642,56.126921011977466,1517.00332111151,1586.5387245744794,Minor,E00,0,17,2,51
M025,2024-02-21 18:00:00,87.7589094542214,,107.82234370836817,59.37083597354284,224.49419504396042,59.98843645961283,1381.8759000319315,1506.140982331058,Minor,E00,1,18,2,51
M013,2024-02-21 19:00:00,,0.3914489005807365,94.00205807450163,56.72916600859606,234.00235578094376,39.91221346710195,1550.545093894809,1252.2498103983378,None,E00,1,19,2,51
M022,2024-02-21 20:00:00,76.31008732136497,0.28369250698394893,99.53110425848264,,219.67543029292224,48.1503028472704,1626.8538358741678,1436.6211884416575,Major,E01,1,20,2,51
M025,2024-02-21 21:00:00,71.48635621355311,0.3291416882033423,96.41182885714231,43.015505512280214,215.59744560812996,69.41839526111589,1376.3419875051065,1000.131749633998,Minor,E04,1,21,2,51
M022,2024-02-21 22:00:00,60.36748423797885,0.3387271803442739,86.54523224874721,66.39637191109131,225.2568487180877,47.5814670800881,1460.8415120403158,598.91215836014,None,E02,0,22,2,51
M012,2024-02-21 23:00:00,64.0662816245989,0.31863154346411193,99.12503593919128,,228.2445206233142,45.49273093650209,1561.6345411049358,1069.756918394128,Critical,E01,0,23,2,51
M009,2024-02-22 00:00:00,79.69675713661628,0.40679907671758025,114.75803542047277,53.98120438605413,214.28463327622765,49.83192223618346,1499.2357819935546,999.3939824745038,Major,E01,0,0,3,52
M025,2024-02-22 01:00:00,67.26146351925132,0.3948924971925749,86.30365285000202,40.4233560937231,204.01922793933076,,1335.3554904308337,385.38566776852593,Major,E01,1,1,3,52
M007,2024-02-22 02:00:00,67.80448741101571,0.4316596994572771,,22.65740303834821,205.3898768648458,54.10586576802169,1447.105357040456,776.8589706919811,Minor,E00,0,2,3,52
M011,2024-02-22 03:00:00,,0.326828237322216,99.55089483672259,30.27193082632856,222.09107940677583,,1443.122471925986,707.8500246089648,Minor,E02,1,3,3,52
M002,2024-02-22 04:00:00,65.62772244692067,0.4341769297353531,102.30188377411456,49.8710506183438,232.32151510297936,45.319717685193154,1479.5498843176872,778.4818807276527,None,E01,1,4,3,52
M020,2024-02-22 05:00:00,64.63938759269018,0.25452020398160674,92.29820034084855,53.41358039526125,209.5932906715359,47.62831953465562,1484.6598544913163,,None,E00,0,5,3,52
M017,2024-02-22 06:00:00,71.69715556331147,0.25281309893070997,88.59911527360038,,217.82106925418861,44.159306849833385,1687.9208032607437,1404.7755485522775,Minor,E01,1,6,3,52
M003,2024-02-22 07:00:00,66.65082327196778,0.26503388197361505,88.97121874564299,58.75139401672203,217.21240358214447,40.121895389399675,1474.9794699982883,1585.9890022580219,Major,E00,1,7,3,52
M006,2024-02-22 08:00:00,67.55388852132663,0.3506448184842462,110.64747006665183,49.69512186280955,235.3642565377988,64.46361214906781,1293.830119167895,1403.8353399112386,Minor,E00,1,8,3,52
M014,2024-02-22 09:00:00,67.31285384311796,0.43416646816044285,92.13851220510514,35.69718352399099,238.0695660246993,46.74460308619444,1510.935741207146,1633.2042626530142,Major,E02,1,9,3,52
M014,2024-02-22 10:00:00,75.13416128300682,0.3078500543552259,96.00350246677462,52.13162617768516,223.3956215062608,47.19805461698675,1709.7301301502368,1210.771329706724,,E01,0,10,3,52
M021,2024-02-22 11:00:00,70.60724585702786,0.3166314616524894,116.83706078890378,47.035295531159555,227.18400293537186,47.44730716973903,1479.9461035979605,1806.268725535838,None,E00,1,11,3,52
M007,2024-02-22 12:00:00,70.92856819263687,0.33487874312834637,94.12595474578835,38.09330394060553,226.96159195453225,49.355919997259,,707.4432805543973,Minor,E01,0,12,3,52
M024,2024-02-22 13:00:00,75.5816753838533,0.3900979686371358,102.73919678360741,50.67023161760233,209.7574274429146,53.478078156218245,1463.3851316542477,1172.9044031717688,,E00,1,13,3,52
M012,2024-02-22 14:00:00,71.14776235060236,0.3165662287651798,108.51049341300406,45.95244199220935,225.58818412348694,46.27846557073281,1570.0973884377888,790.0455050012886,None,E01,1,14,3,52
M021,2024-02-22 15:00:00,70.33047738925697,0.31266081294584486,108.12576149583394,37.739993389351824,211.84314822959928,59.11482823505203,1462.8749662791888,1696.6806248738235,None,E00,1,15,3,52
M006,2024-02-22 16:00:00,74.82270213342103,0.25582233156496165,89.34738914365056,42.86561071724424,,,1318.126832976891,1367.917313010131,Major,E01,1,16,3,52
M001,2024-02-22 17:00:00,76.00918706134578,0.3099795222176015,94.293180418388,61.96280562650569,229.11789636066504,48.47281111500626,1419.3867673878974,1674.6780507508772,Minor,E02,1,17,3,52
M002,2024-02-22 18:00:00,71.11755900294837,0.43242232270547326,102.41891181001589,61.57065379283576,220.64746660645486,44.67012301202856,1492.2370710162563,638.6131381880081,None,E00,1,18,3,52
M010,2024-02-22 19:00:00,72.48364665372313,0.35636482059349334,,,,58.67941228795107,1564.2749494090438,959.0246868064226,Minor,E01,0,19,3,52
M024,2024-02-22 20:00:00,67.30925862160004,0.2982101842826459,93.90791473087043,45.68720589464743,230.39410753590852,48.70366249806915,1430.0766468095278,486.42008490268694,Critical,E01,1,20,3,52
M002,2024-02-22 21:00:00,66.83590174101285,0.4365300780910254,96.05109612711138,27.80344815283391,205.94453043736644,40.05798999716792,,1344.5108319721405,Minor,E02,1,21,3,52
M010,2024-02-22 22:00:00,76.61488501180085,,,65.6323813603954,202.57841949695498,58.16851618635665,1505.391077740706,1028.7456775099793,Major,E03,0,22,3,52
M003,2024-02-22 23:00:00,74.66965237526773,0.4493968905637726,104.95726581878701,57.436102648415606,229.29673963864894,44.1893724126943,,1502.2347449651588,None,E00,0,23,3,52
M024,2024-02-23 00:00:00,74.73179063049946,0.448252488453007,105.4420320344219,54.02341884845192,229.61925895972962,,1488.990390674888,1212.661879205421,Minor,E00,0,0,4,53
M017,2024-02-23 01:00:00,73.68512609235313,0.35392081384622676,93.2291530813216,20.0,222.0527569304245,29.885858638296664,1556.0654139970777,347.92584745490575,None,E01,1,1,4,53
M020,2024-02-23 02:00:00,72.27721965488972,,95.74361490452476,45.49107180786955,,47.05069991007387,1357.6204152078685,535.8487324384057,Critical,E00,0,2,4,53
M018,2024-02-23 03:00:00,76.17847134493661,0.5102650430742028,101.72400959841575,43.47445550017095,227.14438158466206,59.279748805888374,1536.7746685178183,1232.9655735122933,None,E02,1,3,4,53
M017,2024-02-23 04:00:00,77.61065256613671,0.3771093239385182,110.09849050102625,53.19378525960718,226.99527129081486,50.04104584077,1369.163143234958,,Critical,E02,1,4,4,53
M020,2024-02-23 05:00:00,77.46736803114389,0.32732790826955865,98.09212734305258,39.58763023745045,217.56652813926354,,1371.5650949796475,313.4859735234222,Minor,E01,0,5,4,53
M001,2024-02-23 06:00:00,71.39533250432407,0.4169289540342539,99.82158479932944,42.21947740255777,227.64680188271635,42.78455410626183,,1166.6088595251763,Minor,E00,0,6,4,53
M022,2024-02-23 07:00:00,,0.3991611950914943,91.79257250288472,52.43295526745644,217.22821481530224,52.78164181450014,1663.8502008885202,793.0392932232342,Minor,E00,1,7,4,53
M019,2024-02-23 08:00:00,73.37076409039393,,114.90581465513795,35.717059594935854,221.94840880665276,50.030018135924855,1294.1784847458196,755.9143477102311,None,E03,1,8,4,53
M019,2024-02-23 09:00:00,75.79425715539479,0.30363565479240723,101.23410357713368,38.11148779908816,221.6001796441172,51.94667252054944,1444.3262374343374,937.9947364933597,None,E00,1,9,4,53
M010,2024-02-23 10:00:00,73.69252734500928,0.37229313889420745,108.62203823645393,47.31991967713154,213.12448721101015,66.31423923325349,1496.8259244102924,1249.4076234029358,None,E01,1,10,4,53
M021,2024-02-23 11:00:00,73.48204024490505,0.26698908388285436,100.2391776645408,61.06182844019489,,,1640.0612761853379,917.3818985616375,Major,E01,0,11,4,53
M010,2024-02-23 12:00:00,67.58548805849809,0.3966434077018864,100.6821365219473,54.70163684668017,237.87287101425198,56.3359467610422,1733.7530469471578,405.542527373182,,E00,1,12,4,53
M002,2024-02-23 13:00:00,,0.3483938241260969,87.99752887318351,57.90484882718997,212.86491397780603,56.43695312724001,1449.3569935700073,1246.2531577109644,Critical,E02,1,13,4,53
M023,2024-02-23 14:00:00,89.07176636944584,0.36967064788407683,82.79390504245947,,222.9596741332443,42.72675310423901,1564.7231684672631,1059.7212253841003,,E00,0,14,4,53
M006,2024-02-23 15:00:00,69.7512295512595,0.33975551933116704,110.01524169468767,62.9409362853957,224.63839341173286,,1488.6538763467763,824.68577402254,Major,E04,1,15,4,53
M003,2024-02-23 16:00:00,,0.3324307825588147,100.62446571409936,24.10581090598429,219.5662696697448,37.7393460935307,1487.8834306914616,1076.8689758993958,None,E01,0,16,4,53
M016,2024-02-23 17:00:00,69.32276841391642,0.28922381781897,,69.26687062081618,225.37191948290524,39.8433171009509,,,,E00,1,17,4,53
M006,2024-02-23 18:00:00,69.0718805906284,0.40533011502789634,,70.82110770216043,,,1309.744277131559,1217.6051286301504,None,E02,0,18,4,53
M022,2024-02-23 19:00:00,81.26669686871203,0.45427928257190064,92.77548657765101,50.479396194442685,213.037987615061,49.76700333920113,1494.2539422362931,1100.8440440079355,Critical,E02,1,19,4,53
M012,2024-02-23 20:00:00,67.96217389363521,,108.49841600907988,54.98715164922615,224.29453835310866,40.199930421497626,,1266.163704304776,Minor,E00,1,20,4,53
M001,2024-02-23 21:00:00,69.15551715980183,0.38874783534797663,113.9211501667315,44.54400163193666,215.6423486180452,49.686638507303854,1396.8281348588855,1180.5571465302837,Minor,E00,1,21,4,53
M024,2024-02-23 22:00:00,62.47504305761219,0.3802528537262169,95.02980788981958,42.48517964311996,233.92535346667862,48.76776393498858,1554.8889748506397,1527.8776345707604,None,,0,22,4,53
M013,2024-02-23 23:00:00,,0.3505668467944201,105.37186630690445,37.669555495627954,223.43300221773669,40.92616970295121,1292.5854137875788,1833.8952776310784,Minor,E01,1,23,4,53
M007,2024-02-24 00:00:00,61.749600642279916,,101.52019946145285,44.41185580482692,214.39877179131798,62.20469491624355,1511.2279831917792,1193.9462692861855,None,E00,1,0,5,54
M017,2024-02-24 01:00:00,75.79082819527157,0.2588881854222585,99.03576847937819,51.671201707268445,222.73831643158914,39.40379438686283,1661.0614721899783,951.354751083734,Minor,E01,0,1,5,54
M014,2024-02-24 02:00:00,88.79818333102386,0.29533126341939003,114.81567216142656,50.03860616596106,212.60116448872304,58.938598510124415,1473.7691885460194,625.2634791555562,Minor,E00,0,2,5,54
M001,2024-02-24 03:00:00,69.79992723809687,0.20026966934996476,96.37438683181799,68.83923686029486,222.06223263994875,31.9657902249688,1382.6187835890446,1458.5393298942422,None,E02,0,3,5,54
M019,2024-02-24 04:00:00,61.99945240205857,0.44856215109339304,109.92570109613989,46.20329454963062,218.1944176826679,48.86213429141275,1328.9834818813945,839.0022182568193,None,,1,4,5,54
M011,2024-02-24 05:00:00,77.3999979865784,0.3757392260425799,103.0513865363364,27.134057263859635,213.38503065285235,40.41900133567236,1546.86292734065,2139.018715912117,None,E00,1,5,5,54
M018,2024-02-24 06:00:00,67.63845024641905,0.34790272661206145,99.86488542108145,,213.2844688437042,44.764362259240066,1611.3619691897072,2311.6693223865623,Minor,E01,1,6,5,54
M023,2024-02-24 07:00:00,79.79608158332124,,110.97613738426463,30.34854866088277,239.4794740653047,64.4812356442926,1493.2686705551332,1114.7882937433533,None,E00,0,7,5,54
M016,2024-02-24 08:00:00,70.30782571326033,0.22232904014857194,102.32107598738422,38.287308893934906,220.7311382536135,47.224259103493175,1444.3570973393971,533.9994645585662,None,E00,0,8,5,54
M017,2024-02-24 09:00:00,68.20910586550332,0.3498361028269129,99.22857976070175,48.26091769621083,216.54608668296643,41.16360962345127,1268.2910975033506,1461.5136104537717,None,E00,0,9,5,54
M007,2024-02-24 10:00:00,70.93225466552587,0.48793429758387835,111.03553738385627,50.006100987158696,,,,2039.515804405904,None,E01,0,10,5,54
M006,2024-02-24 11:00:00,76.54666056561712,,109.99409803017514,27.654740172833375,223.7693288232207,47.15402467172936,1417.2879915729022,675.0897030784475,Minor,,1,11,5,54
M011,2024-02-24 12:00:00,70.63547621546606,0.41046586100887067,109.61570656923101,36.04233316351656,214.89203172357392,51.20570534019856,1424.187970769068,1959.22089421317,Minor,E00,1,12,5,54
M022,2024-02-24 13:00:00,69.01965178323776,0.3164068314627527,,27.23061046472958,211.24305626485003,42.684363549292755,1693.969912404226,460.3988857391158,None,E00,0,13,5,54
M014,2024-02-24 14:00:00,70.80701038212676,0.3538667481502206,103.52141300590729,52.46055675987073,219.74068482476613,43.07826854349825,,618.31957368103,Minor,E01,0,14,5,54
M009,2024-02-24 15:00:00,64.36886889299468,,,59.20055861643463,219.68024728678932,43.698553585495866,1299.8690805169308,1323.5854540970627,Minor,E04,1,15,5,54
M020,2024-02-24 16:00:00,74.38218961376388,0.3257833858883419,,30.337943469041832,,56.387465139693944,1527.7590874677448,1606.6834564635328,None,E01,1,16,5,54
M022,2024-02-24 17:00:00,61.27964043693054,0.3016926564363506,104.87823707178143,56.94791943657438,212.86966176448274,48.18536198107438,1453.7626803256628,1173.4242341890858,Critical,E00,1,17,5,54
M023,2024-02-24 18:00:00,69.33527127380691,0.44926493878873347,102.08445498003623,56.16934493189596,,41.61391805153986,1437.7439195573518,1379.7677853667337,Minor,E02,1,18,5,54
M008,2024-02-24 19:00:00,,0.35318904747795166,105.42245933861746,,216.24290108547737,51.29455574882094,1532.718149873345,1641.7651162489503,Minor,E00,1,19,5,54
M018,2024-02-24 20:00:00,73.8182896975963,,97.85630553796005,,215.13308659413678,,1530.7090858621743,1688.0742953746826,Minor,E00,0,20,5,54
M015,2024-02-24 21:00:00,75.54192343791834,0.3020325774630719,111.98544504141194,32.14492776966325,222.21200054590958,54.58882238433061,1383.163522542932,951.0800753035686,Minor,E00,0,21,5,54
M012,2024-02-24 22:00:00,71.60972596368714,0.4484671946272683,106.23155353418261,37.85690895709449,237.8098238637939,46.145590134987,1428.9961975598856,854.6179161256927,None,E00,0,22,5,54
M010,2024-02-24 23:00:00,79.0184770859131,0.36915390921742275,104.34021272411871,63.50005016171033,230.65412136269893,49.37942791327927,,1621.4303982662852,None,E01,1,23,5,54
M003,2024-02-25 00:00:00,77.54819518061875,0.3804351338350261,103.94964186965491,,235.5353557543081,53.373429072986895,1520.0490831019465,1381.6854864782683,Major,E02,0,0,6,55
M007,2024-02-25 01:00:00,74.67684602548604,0.35921405180004223,109.25825045994851,32.918064288116355,215.4584695277277,,1557.9904425773705,1435.493243024194,Critical,E02,1,1,6,55
M014,2024-02-25 02:00:00,77.56527466388125,0.31461675126024485,,46.77418265942329,,57.08978289648692,1430.0203300406042,935.5265199845543,Critical,E03,1,2,6,55
M023,2024-02-25 03:00:00,76.50254132642146,0.34988220326535197,99.0978235716297,29.45582794961301,221.81820653095335,50.131549025641874,,1455.2226170158997,Minor,E00,1,3,6,55
M022,2024-02-25 04:00:00,69.36321891991867,0.31901868334074435,107.92248304658636,51.17208060247619,227.89090793375811,41.19189749523321,1614.0417288513072,,Critical,E01,1,4,6,55
M005,2024-02-25 05:00:00,63.936606529852,0.41716822438513496,101.39241792033636,33.26803128873883,223.66163166438523,41.13262155329226,1505.623112489275,1298.8965755262116,Major,E01,1,5,6,55
M017,2024-02-25 06:00:00,74.52217275505575,0.3357859983051936,115.33541433200263,,,49.2048114724977,1487.660585478157,1244.7083312758355,Minor,E00,1,6,6,55
M003,2024-02-25 07:00:00,75.27653538498858,0.245244494054427,108.78182248837572,49.505904581182705,225.75598094884836,45.59819351676754,1471.7347985246433,1247.4715115091153,Critical,E00,0,7,6,55
M017,2024-02-25 08:00:00,78.5428319468314,0.2324403385507501,94.99512545150645,66.00280419362663,223.8794444289478,56.036852975672645,1425.9135124520872,1512.479039635509,Critical,E02,1,8,6,55
M009,2024-02-25 09:00:00,66.38207234972823,0.22912972933757025,118.64568551560212,71.37345072283077,205.85450800469684,47.70598469988903,1387.4424922299809,791.9185522387294,Minor,E00,0,9,6,55
M012,2024-02-25 10:00:00,66.56141364433702,0.39325795302877586,83.18368131208136,32.52161393064549,219.00700615109497,,1464.2234014872288,1470.7704533290673,Major,E03,0,10,6,55
M018,2024-02-25 11:00:00,74.75940159784662,0.26939469820385886,105.09883792535234,37.84072407941617,,43.21103106868397,1554.0958706518477,1208.2603798544133,Major,E02,0,11,6,55
M011,2024-02-25 12:00:00,71.57299806688148,0.3710060043086997,94.4300213644377,51.186387420448305,222.2193729055511,49.81603219115954,1393.3014340966874,883.3792719200105,Minor,E00,1,12,6,55
M021,2024-02-25 13:00:00,,0.35956021622439893,115.05744234938416,59.025472179704465,223.75576776798238,,1490.9519403287015,671.2725883024583,Minor,E00,1,13,6,55
M014,2024-02-25 14:00:00,74.25064898252515,0.3454703983563156,102.0224485223623,20.0,213.98860938284042,48.81497366334328,1477.0276064927882,1955.4702460911253,None,E01,1,14,6,55
M025,2024-02-25 15:00:00,60.885462510066276,0.38068836423676583,93.64963627930302,,222.04968485123746,45.576286688574655,1713.3366973337754,1172.2198024148754,Critical,E00,1,15,6,55
M016,2024-02-25 16:00:00,66.32846068875975,0.3610812475963368,97.86804230224334,39.15428428123325,219.2292591104725,43.08956039985135,1586.7333662954097,1058.0129748232375,None,,1,16,6,55
M008,2024-02-25 17:00:00,80.11008823716064,0.16031891800533346,94.28854833067527,21.91174561163627,218.37237412317515,49.8498357609425,1584.7877158006631,742.5303048811547,None,E00,0,17,6,55
M020,2024-02-25 18:00:00,82.9492741068427,0.3273462331406057,97.55378417143937,28.95398664009156,214.565948575733,61.2745181451296,1610.4053787411494,1635.4616552488458,None,E02,0,18,6,55
M011,2024-02-25 19:00:00,64.70606178916823,,,38.18670648430864,227.31889883730528,39.09124456328786,1434.5166799567576,1604.4338025292664,None,E00,1,19,6,55
M014,2024-02-25 20:00:00,70.02365077552383,0.4648197967528499,93.99075305039156,45.70578023978946,222.76374866276547,49.600658509567616,1665.2110444641232,1527.400071413764,None,E01,1,20,6,55
M004,2024-02-25 21:00:00,72.25573513847223,0.4680520331607748,102.16051049266099,57.09723432316973,221.95638219951476,36.28902475521758,1519.1006431731696,1175.5867403669765,None,E04,1,21,6,55
M003,2024-02-25 22:00:00,82.68736156548941,0.254579464049032,103.12979330725386,49.252177380984776,236.4062772999326,46.716622317268616,1494.6401680743652,1500.5031758900318,Major,E02,1,22,6,55
M015,2024-02-25 23:00:00,,0.3255192290481059,92.02954886979227,56.370473246011834,223.7903933561397,52.10215491170179,1354.2324680835115,870.4711510453734,Minor,E01,1,23,6,55
M005,2024-02-26 00:00:00,69.13869586180033,0.24037196304044012,86.73384989564802,45.32069203016715,229.60397350114715,37.356999359256406,1451.8063429717304,,Critical,E02,1,0,0,56
M025,2024-02-26 01:00:00,,0.4563919552577058,102.48765161719658,36.54064863675602,222.18346262048877,46.44152362560452,1288.0873327678087,1178.2704879595765,Major,E04,0,1,0,56
M022,2024-02-26 02:00:00,69.75126508369046,0.42089993457039854,104.25536440895627,42.795000553553116,217.17469049590648,52.32415567946753,1470.2179116312252,1306.8188276024687,Minor,E02,1,2,0,56
M018,2024-02-26 03:00:00,76.33321025379874,0.3745411520804222,105.84173409568987,53.34620816963053,211.52690142684514,51.04910473073147,1430.8439010229743,474.73573963297184,None,E02,1,3,0,56
M019,2024-02-26 04:00:00,63.13714220932543,0.3616266402882147,104.40939505275303,57.390746031921395,221.93112102398226,52.711666137768596,,1947.8753334309022,None,E00,0,4,0,56
M015,2024-02-26 05:00:00,70.97260353544604,0.4466441770244632,112.58173420589591,43.22550378667384,198.69208369634794,42.20322690666871,1333.6853256910877,1847.4124541348262,Critical,E02,1,5,0,56
M002,2024-02-26 06:00:00,62.042418970041574,0.43479276363320973,,33.85061685140354,222.1797366071295,52.32086163014638,1584.4324188423413,739.9866460286174,Minor,E02,1,6,0,56
M010,2024-02-26 07:00:00,65.66739731426577,0.43106312876592845,121.43862557132461,49.027897913846836,222.52318714395892,45.199934187675936,1571.10391592173,1430.9446661909146,Major,E01,1,7,0,56
M013,2024-02-26 08:00:00,77.03520813091357,0.3819675901847582,124.80517757466356,50.73577156610664,218.25945936122338,,1702.7734895092585,605.2082757964246,Critical,E01,1,8,0,56
M023,2024-02-26 09:00:00,71.70056765347972,0.3255540190340086,85.93517929884229,59.792629032637414,219.26106911259697,,,1233.5455503314452,None,E01,1,9,0,56
M006,2024-02-26 10:00:00,70.08536555668215,0.403698738241229,82.42289095011324,36.854845524484745,209.99064385552725,47.68312497286298,1518.7446833476838,321.7091529502271,Critical,E00,1,10,0,56
M013,2024-02-26 11:00:00,67.50750225611449,0.407122933367858,99.94086961722628,36.98643294881175,231.0848289605658,50.79101675865969,,1083.134238118777,Major,E00,1,11,0,56
M009,2024-02-26 12:00:00,70.67606356055231,0.3366553771285628,104.03385943904257,54.073922370474904,217.3019923511238,60.795456404506105,1531.3566993170143,1004.8964251456059,Minor,E01,1,12,0,56
M004,2024-02-26 13:00:00,,0.3254125756816031,,40.11079714789069,212.22325802877307,50.694376309810046,1448.7176391918476,1662.6966880147468,Critical,E00,1,13,0,56
M003,2024-02-26 14:00:00,77.89749723877057,0.4293319288690747,,39.603789807850745,224.35728852186793,51.50628601344038,,1867.3908955898785,Minor,,1,14,0,56
M010,2024-02-26 15:00:00,56.249119895419184,0.4664881276138724,97.838063396813,60.04967844168292,220.88604886232267,53.00392182786293,1576.670464066376,1876.3951344590516,None,E03,1,15,0,56
M003,2024-02-26 16:00:00,67.00943295442315,0.2975422953359663,94.44839389268701,28.54793272462593,,60.02469760438931,1990.550768498556,1663.3035116203375,None,E00,1,16,0,56
M002,2024-02-26 17:00:00,,0.33156363271864175,95.65687312119164,69.67443767730613,216.28773307578047,46.94484470259096,1640.0248601790486,1232.9670543617326,Major,E03,1,17,0,56
M009,2024-02-26 18:00:00,71.40682130422628,0.37456531535182885,98.39865304748636,37.64837504270608,219.9548904580695,38.77519204497864,1529.5688777389973,1355.3190230242983,Major,E01,1,18,0,56
M006,2024-02-26 19:00:00,74.42025745516035,0.3840619298424027,106.7480987524812,55.400740833608545,230.76652776428293,37.243621791004216,1558.0549870067482,1353.3749097267894,None,E03,1,19,0,56
M014,2024-02-26 20:00:00,73.60524171675932,0.3134343548531094,96.10607442667336,43.6944040568955,223.75637128389235,55.31356208168082,1556.984213119452,727.8726347441548,None,,0,20,0,56
M001,2024-02-26 21:00:00,70.17079282203956,0.48184644412408306,97.68825037666636,48.25634741846563,219.7247337559401,51.78565595396504,1489.1653101800898,1658.3703954297355,None,E00,1,21,0,56
M008,2024-02-26 22:00:00,,0.37954666858816194,104.56173475235482,41.84656200285885,226.8194710057699,47.94926024714431,1590.7764026086068,1476.0230388866237,Minor,E01,0,22,0,56
M012,2024-02-26 23:00:00,70.526991061587,0.3871968385929387,98.40962881963848,55.278919824395686,220.22025512902593,,1481.3443880854825,1494.6010278090898,Minor,E00,0,23,0,56
M025,2024-02-27 00:00:00,78.89245409893645,0.47312188570582275,108.93368440516312,40.8321135117652,223.2124182066828,51.44666164030094,1378.618596495714,287.4114623266122,Major,E01,1,0,1,57
M016,2024-02-27 01:00:00,67.60795240256572,0.3185656862328787,92.64395014211951,38.12464233785879,221.20902185589335,51.67778581387524,1557.7994106998076,1381.099590751944,None,E01,1,1,1,57
M023,2024-02-27 02:00:00,71.62315966113627,0.3438097686490405,90.9090899482761,66.7601019104399,224.71824334411076,53.83863846440113,1573.8404569651354,1602.256478854878,None,E00,1,2,1,57
M009,2024-02-27 03:00:00,73.10005328399052,0.26226744396848595,102.43703227214674,45.3525923641643,216.4468466063445,41.1306645565198,1482.503369427443,1193.902697762854,None,E03,0,3,1,57
M012,2024-02-27 04:00:00,,0.3379354669422495,103.23430769811837,36.89165326776551,210.8852570914994,35.88555546899175,1537.18296226045,999.7034299498454,Critical,E00,0,4,1,57
M011,2024-02-27 05:00:00,70.19815045058212,0.24577507332452458,93.0803240473327,27.116560921057214,227.2547852033184,42.69178497033963,1615.3067622367778,655.0355360911492,Minor,E00,1,5,1,57
M023,2024-02-27 06:00:00,77.75283993606577,,110.7487632106194,67.38693637243176,232.03942654250372,39.19096912536679,1493.7827903415073,626.3404480831815,None,E02,0,6,1,57
M024,2024-02-27 07:00:00,79.39187641959013,0.3793997725048994,115.39949447816181,38.37689548253698,211.2649513299224,38.776592523955344,1446.3595131030154,1261.7330769829434,None,E00,0,7,1,57
M025,2024-02-27 08:00:00,71.6174744100561,0.33060514850730216,94.97716629727428,,221.43433339317255,62.55789079507676,1414.8820675724785,1106.0985455166917,None,E01,0,8,1,57
M019,2024-02-27 09:00:00,70.73568612553943,0.34297034045275065,111.89840538184953,49.78625221695459,216.4090384855658,31.863984212326827,1469.5457440951893,1100.4899977159669,Major,E01,0,9,1,57
M013,2024-02-27 10:00:00,70.0256779677107,0.4033026490632293,80.94294262399421,,227.0670295360061,53.757637678441114,1684.187028509389,1811.5696026641237,Minor,E00,1,10,1,57
M014,2024-02-27 11:00:00,70.4650611945445,0.27049427391770714,108.6088981337442,47.03812574793597,221.97316587862707,57.25598571601333,1476.1968947186347,697.6339495119677,Major,E00,1,11,1,57
M025,2024-02-27 12:00:00,77.125439163461,0.36429175072167663,93.13789783097266,71.59141127132034,246.61977829143956,57.89971707271803,1543.1340107465523,1061.7192131824947,None,E00,0,12,1,57
M008,2024-02-27 13:00:00,73.38605986353308,0.3989656864521121,107.80858145577712,20.0,217.5885321175159,52.217856138469436,1461.0625951502777,1877.6436697449212,Minor,E00,0,13,1,57
M009,2024-02-27 14:00:00,73.41173825501922,0.22524081458149306,92.30979211234667,47.57209823409006,232.29833869580105,,1450.7722817007273,1075.1631101573848,Minor,E00,0,14,1,57
M023,2024-02-27 15:00:00,65.24865893772099,0.3979456603991413,99.45209972298564,41.81755670963931,233.07704516280907,64.26719784736946,1394.4837377996262,1226.5150857600593,None,E00,1,15,1,57
M010,2024-02-27 16:00:00,,0.23281562757169028,93.51907522766528,42.442879379003244,224.2687796724005,47.58215160725932,,1129.9628562220237,None,E02,0,16,1,57
M006,2024-02-27 17:00:00,84.86068094866188,0.3417683861303927,98.28895441774335,46.79174222570285,220.29666655502555,53.57977360225075,1437.9496399716727,1482.313814347082,None,E02,1,17,1,57
M015,2024-02-27 18:00:00,70.93304564826786,0.26856262271333414,114.63939223144355,41.80495020604648,220.75870157992023,60.206352658837204,1652.839749304779,377.98332588897983,Major,E00,1,18,1,57
M009,2024-02-27 19:00:00,67.35136802652984,0.450187260550301,99.13649762725275,47.25756800625967,220.08163881684527,43.10432570457222,1487.0997307201212,1118.6581157891906,Minor,E01,1,19,1,57
M023,2024-02-27 20:00:00,,0.26900152620933565,116.88241299140668,44.71707045413935,229.06639769930513,48.04073674631262,1494.6563150967195,1221.777877063076,Minor,E00,1,20,1,57
M023,2024-02-27 21:00:00,73.69085129210131,0.23448670756242318,96.91349951125731,29.23730186178421,213.01890962337833,44.99342741776559,1478.3782124075599,800.7186129770643,Minor,E00,1,21,1,57
M008,2024-02-27 22:00:00,75.46892950118713,0.3593346499117421,111.93411763045441,49.57639245373055,218.71212821537682,53.68782381030039,1544.5276972691427,1337.4366987366893,None,E00,1,22,1,57
M014,2024-02-27 23:00:00,71.1717175483108,0.32104079139854236,,53.59265342039497,217.74251233821192,34.81520597332274,1678.9091716646399,1514.5514297962723,Major,E01,0,23,1,57
M025,2024-02-28 00:00:00,70.08796145653918,0.24467763399352466,97.70792755697447,38.495212589903,206.19044463100832,61.49301583571356,1375.2268719658402,1380.7750161305407,Major,E00,0,0,2,58
M019,2024-02-28 01:00:00,70.98248176501626,0.38680706394083947,,67.41475293868885,,,1533.337168855871,1911.711411295265,None,,1,1,2,58
M006,2024-02-28 02:00:00,63.70357097820824,0.2105950656285224,112.30164480637714,61.026860947969126,228.5033550511467,54.719529372000046,1311.7463613994582,1026.6561026250827,Major,E02,1,2,2,58
M015,2024-02-28 03:00:00,71.47243554348061,0.2774631319191812,101.4819902882886,55.127427590054054,214.92625253150746,31.09348679109713,1646.7849892041,,None,E01,1,3,2,58
M016,2024-02-28 04:00:00,,0.30973472107054506,83.29533464282004,54.98184892833617,228.24105965323795,41.67888725040507,1487.0234782888137,1390.4176099332558,Minor,E02,1,4,2,58
M017,2024-02-28 05:00:00,83.10277940306253,0.4061555674508598,89.5189627622115,45.36116343131865,207.33073823170173,61.92375336161905,1320.610480024681,1105.7535396774867,,E00,0,5,2,58
M001,2024-02-28 06:00:00,,0.4406827856909206,91.89870200496479,58.69646525681305,220.1916360256195,48.5807530366569,1346.907223282213,1653.3595798484528,Major,E01,1,6,2,58
M008,2024-02-28 07:00:00,,0.4271947573129301,107.47240235289735,63.849055344745224,218.98993223449023,36.207488697857286,1597.6668068510978,1315.2946743193452,None,E00,1,7,2,58
M022,2024-02-28 08:00:00,,0.3392708346676437,106.4400598692502,54.69628815374338,220.70198966719673,51.77297726302146,,719.5821918145425,None,E00,0,8,2,58
M007,2024-02-28 09:00:00,88.43702479864983,0.18008842286433904,97.59680453631104,38.15659989825161,220.66036136201677,,1533.394640860945,1500.2382512455417,Critical,E00,1,9,2,58
M008,2024-02-28 10:00:00,77.19819740991024,0.37735971148529907,95.61192165105942,44.523822740560796,219.3836666942287,54.251939040846324,1448.5744213162275,1000.2503823230821,Critical,,0,10,2,58
M009,2024-02-28 11:00:00,,0.45294016174572294,105.73110592680042,51.88404039571308,,48.79675828315084,1476.6289840724528,1070.89964510904,Major,E01,0,11,2,58
M005,2024-02-28 12:00:00,75.54663908658334,0.43636532854694976,90.96381526054432,55.05293884855373,,59.08450874850705,1419.1384779163686,1100.5236956691876,None,E00,1,12,2,58
M004,2024-02-28 13:00:00,67.54791945066155,0.38240643068206037,103.66135182360283,44.07027342547739,230.9057699128113,44.38390411303994,1385.6580063431409,1494.1165377003997,,E00,0,13,2,58
M009,2024-02-28 14:00:00,63.877154882718855,0.26673480649630826,102.98014397496186,38.198297434715144,215.3702484007288,54.32071225863062,1441.5076039873009,1631.5943485358255,Minor,E02,0,14,2,58
M022,2024-02-28 15:00:00,69.90978382059556,0.3132285097460109,97.80328325546589,64.01048384853398,238.04272010549172,51.08014114772831,1568.6364202006982,1136.205077269233,None,E00,0,15,2,58
M001,2024-02-28 16:00:00,72.54915863543317,0.4853670079121972,103.18142372036573,32.13216342577251,214.91868437829405,,1464.8899621158498,1113.2638457510548,None,E00,1,16,2,58
M008,2024-02-28 17:00:00,60.76706698539962,,100.81675482459748,33.70401893240498,,46.968026041267386,1550.547924602329,381.14192732989306,Major,E00,1,17,2,58
M002,2024-02-28 18:00:00,65.10504425676818,,103.97935595805232,29.074466285983036,224.56965202535918,47.25126085300002,1470.931219760213,916.0693893401295,None,E00,1,18,2,58
M015,2024-02-28 19:00:00,72.06201337909413,0.4159786085815699,89.32718153215924,33.67739016450811,217.66595275717245,50.25802732986745,1573.3493616730113,821.2938402966245,None,E02,1,19,2,58
M007,2024-02-28 20:00:00,69.55096094406628,0.319818852863613,104.91601584422962,59.96813852542804,231.0589056996083,47.65823361314894,1549.7930698335151,1324.4774340576562,None,E02,1,20,2,58
M020,2024-02-28 21:00:00,74.36886762687655,0.26727714144567644,108.21281063601818,60.36999307815844,224.36169426702403,55.86455929501851,1435.1134980876816,1157.1726092745664,Minor,E01,1,21,2,58
M015,2024-02-28 22:00:00,64.71199003614863,0.4569579825106111,102.56761136451556,44.111453586417966,218.36078112732847,45.71211747004836,1385.5586820339165,836.4655107165745,Major,E00,1,22,2,58
M020,2024-02-28 23:00:00,76.2846824913198,0.3822739184701598,104.809726807932,50.95577274668137,230.9701181843585,62.546327978718416,1614.678316195284,1261.081318910482,None,E02,1,23,2,58
M016,2024-02-29 00:00:00,64.89744541763883,0.3232739184935975,99.1206454607219,44.87394506851301,211.8760657558542,45.354651852042004,1402.3933752862235,1172.9377034389568,Major,E02,1,0,3,59
M011,2024-02-29 01:00:00,81.85640581162578,0.2697957614870339,107.13066053010435,30.69627808856454,215.47613184371878,57.36064624834887,1560.0941969756968,183.83083507563038,None,E02,1,1,3,59
M022,2024-02-29 02:00:00,61.7054502937301,0.49331845947019565,100.52197702383883,71.6172840920932,224.50056345542194,57.70573492876957,1503.7311431586206,1643.1682114773018,None,,1,2,3,59
M012,2024-02-29 03:00:00,65.44467437769953,0.34828837268773744,90.81646974036312,61.496879580839725,,51.32689732271423,1444.4324874704357,1604.356289204496,None,E01,1,3,3,59
M024,2024-02-29 04:00:00,74.50422481819098,0.44781296437286455,106.56172923906608,49.253032863956506,222.58097508124362,50.614079841890245,1551.5360592351606,,Minor,,1,4,3,59
M025,2024-02-29 05:00:00,81.98539950898584,0.4125543481226608,86.92683001993782,34.72932093129276,218.98246142274573,44.168263874326485,1664.1453766294483,1341.0389998459386,Critical,E00,1,5,3,59
M015,2024-02-29 06:00:00,73.89025821669702,0.3135368906835736,102.26223795430707,42.30078747396264,217.98844745645695,45.863428402856464,1575.0614281401076,1069.8912905542732,Major,E02,1,6,3,59
M017,2024-02-29 07:00:00,75.37714752109434,0.3140941219507153,96.92621719962416,36.690893382960375,229.0512074078031,51.758268769036775,1515.5147625211414,558.2207227517864,None,E01,1,7,3,59
M007,2024-02-29 08:00:00,72.10522141003835,,,,221.9231571962899,49.63891521065806,1694.5776777753595,2065.489543384406,Critical,E02,1,8,3,59
M021,2024-02-29 09:00:00,65.84160927530884,0.45237621328339844,101.37590999940964,48.71907809519218,213.02208982079438,59.46467340792579,1299.0879285031272,1499.9060873371418,Minor,,1,9,3,59
M017,2024-02-29 10:00:00,69.05916991056372,0.21861588167154855,94.32569447345605,40.906494074275656,212.56078109443928,46.36328165001076,1366.5353014670998,1576.2411735655382,Minor,E00,1,10,3,59
M023,2024-02-29 11:00:00,64.72854168011234,0.38848461826875347,104.09764811302266,27.547046965115975,232.10769050075143,46.84748431239891,1444.2659619656954,1086.1822223377674,Critical,E04,1,11,3,59
M007,2024-02-29 12:00:00,64.32774019333877,0.3415149636693466,100.45437306097601,,214.24990710408989,36.682155142688885,1670.3188043088594,1650.3907008015594,Major,E00,0,12,3,59
M020,2024-02-29 13:00:00,74.41049351591847,0.27766737859430457,95.06164838870242,47.85032096197621,222.1818485366785,55.14822290972528,1613.1405294079766,651.9085530696918,Major,E00,0,13,3,59
M012,2024-02-29 14:00:00,65.26093210747223,0.3683222266302038,110.70543656037054,50.47910400233313,230.80725147789653,54.425750575551476,1294.0456614341879,,None,E00,0,14,3,59
M005,2024-02-29 15:00:00,73.91732404034016,0.25552822463095237,101.63826088239598,,,57.81665516794574,1447.6349860751143,1495.925022986239,None,E02,1,15,3,59
M005,2024-02-29 16:00:00,64.18906348667342,0.31734812517477295,105.04640746739585,26.25586661604944,213.93886073863933,58.26749015682163,1341.1408074573078,949.2771305283604,Major,E00,1,16,3,59
M015,2024-02-29 17:00:00,73.77829812070053,,111.33270983595537,44.00039362922596,211.87444723853028,56.31157231561399,1495.1459182861736,1564.2849200917597,Minor,E00,0,17,3,59
M008,2024-02-29 18:00:00,69.06790458622223,0.31501461150908006,,41.1213358921572,234.95910778277087,56.648927599744816,1608.2198845243522,1321.500990012686,Major,E01,1,18,3,59
M003,2024-02-29 19:00:00,80.43969320190386,0.3449965054436606,,,,54.88055010288346,1617.0784557782715,1283.846953175824,Major,E01,1,19,3,59
M011,2024-02-29 20:00:00,73.94231337347439,0.27891033366661594,97.57873439192157,55.87293088051404,215.57384612879008,56.11274652814514,1532.1610622748426,,Critical,E01,1,20,3,59
M017,2024-02-29 21:00:00,79.41469735796485,0.46012253202113085,88.56236969970232,54.180353756512446,222.98002910894292,,1448.997559348349,1361.75052982087,None,E00,1,21,3,59
M008,2024-02-29 22:00:00,,0.38452982633758875,101.65352560383796,56.85926803100579,218.24897240738812,41.20167430594481,1488.5520395512888,1973.018379435023,None,E00,0,22,3,59
M024,2024-02-29 23:00:00,72.336860041465,0.47561941198674385,108.75667452653909,66.64398968971918,224.59044163916496,39.89444780296625,1581.9936001322046,1270.114562079441,None,E00,1,23,3,59
M020,2024-03-01 00:00:00,66.11347705130233,0.3387944021645386,102.83451855514627,,208.25782299660378,60.161384087622416,1781.676413425047,1422.3862036770934,,E00,1,0,4,60
M013,2024-03-01 01:00:00,69.5183685435335,0.31158470263920235,,58.19058984971801,218.3168049287488,43.736323540862266,1357.7880582029152,1481.4089439413654,Minor,,1,1,4,60
M024,2024-03-01 02:00:00,70.42737466353222,0.47308909301451196,106.96049723861174,50.92632688602874,225.4215099787404,45.01710254926158,1690.6619180579519,742.2341308151728,Minor,,1,2,4,60
M011,2024-03-01 03:00:00,67.64485067587717,0.30953581820882103,107.45199323820593,,225.44858461613845,50.053258132718895,1529.286737076092,1146.9697963941535,None,E03,1,3,4,60
M004,2024-03-01 04:00:00,64.70698284692583,0.33751955846076126,97.59022245018949,43.145756607747494,215.42037378956778,40.05056442303311,1598.4303900957673,,Minor,,0,4,4,60
M001,2024-03-01 05:00:00,63.51889605808408,0.400403318734812,107.90689340202817,,211.82631964321735,53.044358234725635,1522.2199146520816,350.0361377674107,None,E01,1,5,4,60
M024,2024-03-01 06:00:00,57.961511305755614,0.2633591934191905,105.02372331514701,47.77719996845233,,32.95687837832551,1668.5032432369956,1515.5889568239938,Minor,E00,1,6,4,60
M024,2024-03-01 07:00:00,65.66192121897926,0.3997906279355555,94.51594566174377,,209.50029883500764,,1539.5617720986086,827.2705456641984,Minor,E00,1,7,4,60
M019,2024-03-01 08:00:00,75.76496338003106,0.39083429463152214,110.17040892974148,52.26817068036404,,51.590529504163094,1422.1485902827071,1471.853248984991,None,E01,1,8,4,60
M003,2024-03-01 09:00:00,62.4090088079203,0.43885277226264824,89.86018461515108,56.77233717767514,221.2592701139277,40.06691013786305,1554.01369387679,896.7890213291611,Minor,,1,9,4,60
M008,2024-03-01 10:00:00,63.79126292248017,0.41230311521070984,99.54204263168852,59.442840552241904,,60.39290482909625,1635.2130045270906,2016.8452555973117,Minor,E00,1,10,4,60
M002,2024-03-01 11:00:00,82.7453914273975,0.44099848470142994,98.74398149782331,64.43113873829121,211.56398874091124,50.37023550906914,1500.025694609881,1088.5772695331336,Minor,E00,1,11,4,60
M002,2024-03-01 12:00:00,68.18102370091047,,,24.887710991149287,,59.05656106049307,1251.1103099260981,1968.464432649157,Minor,E01,0,12,4,60
M007,2024-03-01 13:00:00,73.92627605498902,0.2896130776905057,,30.61199958063818,207.50455145857808,52.86333320682476,1486.2079435495639,,None,E01,1,13,4,60
M015,2024-03-01 14:00:00,75.85390287900297,0.49769897898583537,,80.13378223479742,223.95823256163985,49.90456184046124,1511.7660367219112,1178.6120556624542,Major,E00,1,14,4,60
M002,2024-03-01 15:00:00,75.97515677868768,0.2431313069134623,109.9819349748911,57.11428463831452,213.57722727236845,42.02750276036541,1494.6086326563184,1826.6362366037258,Critical,E00,1,15,4,60
M025,2024-03-01 16:00:00,62.866114616351645,0.2501440844788334,105.78931371793533,47.69337565256414,223.1973740940485,57.43316998639353,1440.5426693545614,832.9729738648276,None,,0,16,4,60
M012,2024-03-01 17:00:00,70.61364192060306,0.3895589628356182,86.43261994495764,45.384450123742745,224.300365739699,53.53003727204234,1658.762023690901,1219.9828944337112,None,E00,1,17,4,60
M007,2024-03-01 18:00:00,62.290636382889645,0.46374902337241447,89.31238159298304,44.31767823486097,227.72797785506253,66.67718322044462,,1415.814705921373,Major,E00,1,18,4,60
M013,2024-03-01 19:00:00,86.67790715346194,0.36326855921399154,101.32935295807015,21.79504130957496,222.0147807759591,56.62720294336957,1511.2772767712902,1361.5155907904884,Major,E01,1,19,4,60
M020,2024-03-01 20:00:00,62.4307484159064,0.4199512589791544,,35.73205074451809,229.00187496930806,46.82077618971586,1512.9578068556884,1217.2091320177065,None,E01,0,20,4,60
M008,2024-03-01 21:00:00,65.71295868678108,0.21029380907696288,96.01536138001347,43.6578288659441,231.0888834779181,52.31537258280852,1751.382389874414,1162.269796413744,Minor,E01,0,21,4,60
M002,2024-03-01 22:00:00,65.75639487095097,0.31503185264732037,115.24258557963866,36.40968149447536,222.0657213639199,53.37710381886154,1498.2677425983459,1538.5769893700224,Critical,E00,1,22,4,60
M002,2024-03-01 23:00:00,63.02003713966272,0.21882365349997182,100.84688122536913,37.97836811340702,222.54821259913567,59.30366636987599,1553.4754684440568,1270.7146564224884,None,E01,1,23,4,60
M022,2024-03-02 00:00:00,80.11556345853927,0.4046287670760062,104.33930192952654,75.70477706376742,215.54020960841174,,1515.0015016130517,1586.5514162302775,Minor,E02,0,0,5,61
M003,2024-03-02 01:00:00,86.53468740650098,0.24169380713876895,107.90315104758757,41.98016350120319,212.09900239552792,48.704197613916676,1511.331386863938,1356.7578849049137,Major,E00,1,1,5,61
M016,2024-03-02 02:00:00,69.1455052841243,0.26055268077771465,100.43966759737968,48.337440099200776,230.25659607448884,40.27583137220624,1711.5550760186018,1460.0820247787053,None,E00,1,2,5,61
M010,2024-03-02 03:00:00,64.07746111893354,0.3859817643472982,120.72849734329895,47.910435420044664,224.84594969951752,35.169291047374514,1366.6015753740867,1653.4252374187984,Critical,E02,1,3,5,61
M020,2024-03-02 04:00:00,58.578447007643874,0.42432770464124103,92.47702158051437,52.073513983477,225.49463244999222,40.883604322247805,,1075.9672537909294,Critical,E01,1,4,5,61
M002,2024-03-02 05:00:00,70.53534768886739,0.3388722324239548,95.15142728084702,39.27260680955877,215.27432314587608,45.265788433822195,1590.50058007656,1642.5797458792622,Major,E00,1,5,5,61
M023,2024-03-02 06:00:00,70.10180746103134,0.38991207528759564,92.45739425373995,59.96377497646419,232.99137202889793,62.034682955923266,1530.820843969954,1137.2741056714924,Minor,E01,0,6,5,61
M018,2024-03-02 07:00:00,68.09222324183914,0.38764517168111645,,50.322746323280825,218.17108860396243,62.156043910862884,1466.0125509646184,639.7356790378212,Minor,E00,1,7,5,61
M012,2024-03-02 08:00:00,73.32825152385738,0.3349201198390269,106.41668699374918,29.554027515304004,213.5852742974506,57.68128043323942,1491.5330725666588,1068.3210181448587,Minor,E00,0,8,5,61
M006,2024-03-02 09:00:00,74.37103885689292,0.27337061619796255,95.64678469825125,43.709952009244454,215.41060699842794,59.84319099049581,1609.6709554679926,910.9190494614867,,E01,1,9,5,61
M025,2024-03-02 10:00:00,73.9384995476274,0.38954239848192496,93.08898900036175,42.93422015193851,232.56953293375392,44.340858114937234,,1350.1338540431973,None,E01,1,10,5,61
M008,2024-03-02 11:00:00,70.10325076818907,0.39291669835425574,111.07912400482083,42.38201453603253,211.11161899192163,37.877473823587295,1414.4444642480316,1085.6887629750825,None,E00,0,11,5,61
M013,2024-03-02 12:00:00,65.39026902255443,0.4125817082163181,102.89350172271088,51.11156162667701,213.99101991955072,41.947771629108686,1528.5331615592233,1251.1488286061829,None,E00,1,12,5,61
M010,2024-03-02 13:00:00,75.9949985868403,0.3718446496855228,111.2833437489307,52.61670227015065,243.188074548783,33.72145145924961,1494.0236970610779,1605.6873718771383,Major,E03,1,13,5,61
M006,2024-03-02 14:00:00,72.07508255652918,0.26820500605644715,99.51880519374755,51.19983699376783,227.52830189059898,41.08835798611607,1556.4506045331586,1794.3095852745896,Major,E01,1,14,5,61
M011,2024-03-02 15:00:00,,,104.0922825794688,49.066984296930755,214.1355532365983,45.95242418899667,1461.4706510427102,1317.0805435543202,None,E00,1,15,5,61
M004,2024-03-02 16:00:00,76.7404532968334,,,46.0276524918741,211.34842113056965,,1355.0030497294565,1634.259961038921,Minor,E00,0,16,5,61
M001,2024-03-02 17:00:00,63.469427585717305,0.31620837889736597,95.00710932500745,20.0,206.61842245321557,51.08365800788066,,1129.1422021538256,Minor,,1,17,5,61
M008,2024-03-02 18:00:00,63.39466675525438,0.3293754913964401,98.84684672952793,54.33471154725808,220.77691316977234,44.482906979930405,1565.8343013010399,574.736413845332,Minor,E00,0,18,5,61
M003,2024-03-02 19:00:00,67.46675568755683,0.3016819975126734,90.52557324561324,50.86024914127772,,,1669.8358811662154,728.2710138914146,Minor,E00,1,19,5,61
M011,2024-03-02 20:00:00,65.66240755025599,0.41221906451981,103.95285458981795,33.18286467994511,232.15038567920772,44.636482524763856,1342.05252544539,1121.7164371191482,None,E04,0,20,5,61
M022,2024-03-02 21:00:00,76.53151065585661,,106.08998997077488,48.3669873407597,204.8481313506925,50.080357605124576,1491.5541355445098,,None,E01,1,21,5,61
M005,2024-03-02 22:00:00,74.10785805592751,0.2804559845635507,107.92128960084256,52.77526177296268,209.39694797941786,41.12014206309504,,1122.8515255472646,None,E04,1,22,5,61
M001,2024-03-02 23:00:00,78.59510396271186,0.32698589807298134,105.33235914536805,59.054964782700736,219.04359537946502,58.70933849635506,1452.4541407958254,1674.3519829843244,Critical,,0,23,5,61
M003,2024-03-03 00:00:00,74.37892090446552,0.46296255937673,98.9743189079758,51.123617318086644,,50.16667700348686,1315.0776124316828,,Critical,E00,1,0,6,62
M013,2024-03-03 01:00:00,,0.4237996384364994,112.41576516061588,48.859221681796406,227.08722001918002,55.43060012773915,1372.0458467982435,844.690082424348,Minor,E03,1,1,6,62
M007,2024-03-03 02:00:00,79.19837868206503,0.23514114377269418,107.13846790183636,56.36126781000891,222.9823981900406,40.2704529030419,1532.462555871537,2049.9442885734024,Minor,E02,0,2,6,62
M013,2024-03-03 03:00:00,74.8183640384103,0.444594296212674,111.10837041325684,41.32151975767061,210.20061127578757,51.39539336972067,1440.0300672242056,546.1023120869586,Minor,E01,1,3,6,62
M001,2024-03-03 04:00:00,72.40860578062632,0.44445941518885784,111.6102936357628,,203.04011760721014,,1400.8308345825303,1939.533744050531,Minor,E00,0,4,6,62
M009,2024-03-03 05:00:00,80.88271820358412,0.26781941717841495,98.99520275754487,37.54664166955413,220.31079748472413,33.64906150265047,1671.6475029069788,1186.5903226141015,None,E01,0,5,6,62
M011,2024-03-03 06:00:00,72.69108529891675,,103.1030356551459,58.323560491455645,,59.344776012826806,1784.846531892003,1106.8624825657892,None,E00,1,6,6,62
M011,2024-03-03 07:00:00,70.17395637049248,0.34494448643569303,106.19652146797982,25.683466628919934,217.85753983558985,40.0046033271101,1493.2283984937965,1196.79227188746,None,E03,1,7,6,62
M014,2024-03-03 08:00:00,66.9730604473341,0.42856970865098754,90.8068656997246,54.80084608980389,216.95653065880435,51.687201723654645,,880.0122061404737,Critical,E01,1,8,6,62
M020,2024-03-03 09:00:00,76.21815275427247,0.46138833788601413,90.9842146209696,45.212507542176084,214.0131678364816,64.30162334463957,1547.5685295020355,1800.6222000565804,Major,E00,1,9,6,62
M012,2024-03-03 10:00:00,,0.28904209149471244,89.60550683203938,56.584647968715515,212.1788629837166,57.63922409868545,1249.7555350552034,923.1985197485122,Minor,,0,10,6,62
M022,2024-03-03 11:00:00,71.69647559139942,0.47263853732640754,99.13519929184088,35.63346755530443,231.11606238582533,38.08049664396592,1337.9798137723467,974.1954018544689,Major,,1,11,6,62
M014,2024-03-03 12:00:00,79.84749374267903,0.19404473229283087,97.33346352630721,46.07980294579555,212.90777362787702,,1549.6378710982763,,Minor,E02,0,12,6,62
M007,2024-03-03 13:00:00,60.17990980817054,0.32423645703194987,88.5146349736381,45.72756107677534,217.79081552985312,59.86743805386172,1333.9518957540693,907.7346177052714,Minor,E00,1,13,6,62
M006,2024-03-03 14:00:00,71.6672797511525,0.32079525315489765,101.19486582158942,50.20660272060547,219.68737515427065,43.46579987338658,1464.4759374850694,919.9019918299948,Major,E00,1,14,6,62
M009,2024-03-03 15:00:00,71.75943052737338,0.4306635917447012,99.23504866626726,32.429256592224235,225.65024268025036,47.120962063105736,1321.9646980409316,893.0547640045086,None,E00,0,15,6,62
M015,2024-03-03 16:00:00,67.63803376555592,0.4408811726157846,109.45792136061594,52.63458105701224,213.18535727042897,46.89694090900428,1506.7511417442552,1129.7179208510295,None,E00,1,16,6,62
M007,2024-03-03 17:00:00,86.30316622789124,0.4167956558803377,116.10383263305967,22.849270463131717,227.8245441720022,54.56031140577963,,754.0998954460437,Minor,E01,1,17,6,62
M023,2024-03-03 18:00:00,71.60284420386743,0.25546149658778733,103.65160272331386,36.98589531459164,215.36266910757377,37.70406857335407,1426.4581574909207,1837.8078759758755,None,,0,18,6,62
M012,2024-03-03 19:00:00,69.55361537037341,0.4103833322259245,94.42695582907012,26.24723991432961,218.70482264594867,55.008881740460296,,,Minor,E00,0,19,6,62
M022,2024-03-03 20:00:00,72.15577268060103,0.3856329378015444,105.17379501877654,54.938632796227516,233.14478868527857,45.01760656875045,1402.0984849424563,1349.6136726877942,Major,E00,1,20,6,62
M018,2024-03-03 21:00:00,59.983117568845024,0.23301359303042862,100.07442338656378,49.801569330108435,212.24617829521065,49.90930396228082,1410.505280031224,1544.7165012359255,Major,E03,1,21,6,62
M009,2024-03-03 22:00:00,67.4407924479305,0.20530903198388187,98.07899796974802,50.47246376278484,225.7672376995254,48.20102970327305,1400.235525857321,2009.9749885593542,None,E00,1,22,6,62
M006,2024-03-03 23:00:00,77.89943981667243,0.4226592503014543,93.10719103056151,62.678272754982714,228.0368869444764,54.7981347264559,1594.3116159717283,,None,E00,1,23,6,62
M019,2024-03-04 00:00:00,68.22632787040335,0.33739304893145283,,41.20869997005837,222.4791824179226,49.83167876673041,1330.379765836067,1100.8676083915898,Critical,E00,1,0,0,63
M009,2024-03-04 01:00:00,67.02674902319838,0.2600372535281587,98.57767190980938,52.31502817695192,219.0597534225186,61.5234755383169,1460.1775115552496,770.9053262954213,Critical,E00,1,1,0,63
M007,2024-03-04 02:00:00,79.8571538190864,0.3354279649903862,106.43277113732358,45.7922681661177,237.00563228065732,57.91543249771532,1549.1780251756525,1335.2378546538487,None,E02,0,2,0,63
M024,2024-03-04 03:00:00,80.04152640571097,0.37548287567792415,104.08820464326293,43.9651853439767,219.88923684464515,43.63741842044321,1609.1758059675235,1624.9186452156237,Major,E00,0,3,0,63
M013,2024-03-04 04:00:00,75.10194283296686,,114.60460914342796,60.67950998494675,221.63262000026242,60.92238212929689,1552.8728850745808,,Major,E04,1,4,0,63
M002,2024-03-04 05:00:00,69.26929599576799,0.24136096928117393,105.39470459077178,69.9825523608245,217.30778580897976,52.55525004103288,1491.2839850055607,1226.0864376943377,None,E01,0,5,0,63
M013,2024-03-04 06:00:00,70.56317360930205,0.4819889832494877,,39.82240004563903,221.20865485903778,51.35906677062716,1431.733325023164,1285.393838828162,None,E01,1,6,0,63
M012,2024-03-04 07:00:00,67.17510023055024,,97.5501570762194,55.004635098238595,227.71294382965164,56.78567241661797,1611.0379616192329,452.0856209019976,,E00,1,7,0,63
M022,2024-03-04 08:00:00,66.03136128582813,0.3265235783828573,91.70029614522632,48.82940295176173,217.79755727271058,41.670811079562625,1395.933080858835,1258.5874189495455,Major,E00,0,8,0,63
M018,2024-03-04 09:00:00,65.7335010701494,,95.44085246517486,48.9733490694053,203.1317563098902,38.96449382395856,1397.735591169313,1492.9100038565111,Minor,E00,1,9,0,63
M005,2024-03-04 10:00:00,68.29167355928875,,94.40129069790459,47.966132748401854,224.10856146253457,50.19953173477215,1662.2998956269244,1181.7267696849763,Critical,E02,1,10,0,63
M004,2024-03-04 11:00:00,65.79167405589153,0.2709265022981768,79.51274545654556,41.003064102466105,211.37332447112948,45.149585303630374,1543.231408840492,1649.4039208089705,Major,E04,1,11,0,63
M016,2024-03-04 12:00:00,62.61776928874111,0.3725873505575878,91.93094573940662,20.0,225.93501153567337,66.58974857258656,1547.4727754662463,1662.7544424871073,None,E00,0,12,0,63
M002,2024-03-04 13:00:00,73.31641601852344,0.2568487294197464,112.81767809092779,63.41771189518187,219.98940214618636,43.88541748628149,1571.8259091794882,998.4405608601558,Minor,E04,1,13,0,63
M008,2024-03-04 14:00:00,73.40757348536063,0.34506260482083834,102.94880170367195,36.66320894793121,,50.32197878317147,1488.6174049138772,1376.7157297111046,Major,E01,1,14,0,63
M004,2024-03-04 15:00:00,82.2047565505699,0.26819999501001984,96.98780915723923,,212.4132498566623,51.53571578365983,1327.476831344724,1217.102547231056,None,E02,0,15,0,63
M001,2024-03-04 16:00:00,67.98996978987178,0.27173412123713,103.18783857712016,42.356485199782945,215.7182303693254,,1530.1399903192143,388.5869301510356,None,E04,1,16,0,63
M023,2024-03-04 17:00:00,73.77660353773962,0.46520058295327466,84.37276379416501,35.594359280959466,217.2797117920532,42.043511823643705,1497.8118867466662,1125.1253342144594,Major,E04,1,17,0,63
M003,2024-03-04 18:00:00,73.87627547564881,0.3541458125999188,102.25678173169939,47.88288170394746,208.14174237906323,37.103476808251756,1396.911289760329,787.639650804305,Major,E01,1,18,0,63
M001,2024-03-04 19:00:00,70.4769746332468,0.3645184539780817,,44.46825077493498,228.89136166972304,61.15547845735746,1369.3137682368078,1253.5958109150986,None,E00,0,19,0,63
M024,2024-03-04 20:00:00,76.46600153249805,0.20920340972430737,99.03107242328495,36.40156825404554,206.99661667110934,50.644151073130715,1494.4155389545158,1473.1002268918587,None,E01,0,20,0,63
M005,2024-03-04 21:00:00,76.65137512110428,0.30820987690352664,85.82408379001146,46.79162419981626,228.77850894382541,56.47794018106838,1337.0640369915673,1112.9526739237756,Major,E00,0,21,0,63
M021,2024-03-04 22:00:00,,0.38228484830930426,96.68847572178642,44.60343968449963,223.39518782938927,56.85357789603737,1482.7910403966541,839.9861425672445,None,E00,1,22,0,63
M001,2024-03-04 23:00:00,70.46616176971322,0.3635895386163253,110.23409595986496,56.13406285545722,,58.24006860612543,1468.3152239667934,1293.5865066825065,None,E02,1,23,0,63
M004,2024-03-05 00:00:00,,0.19921791250524057,102.06903725518136,28.91540654781921,222.76092918907824,46.97709225323977,1485.7020319114818,2177.4821784556584,Critical,E00,1,0,1,64
M003,2024-03-05 01:00:00,63.79347660721764,,88.65351924165147,35.335328149298604,,44.808518749043195,1548.3187085050963,331.08271800665034,Major,E00,0,1,1,64
M018,2024-03-05 02:00:00,67.16449332829384,0.37565911624847825,118.94103343347096,53.70357133004886,216.79657670737583,34.02994371242103,1574.634545425854,1293.1220334224174,Minor,E00,1,2,1,64
M016,2024-03-05 03:00:00,68.26795485658987,0.43986333987390897,89.96953187003894,37.32308467862132,222.38519851487843,42.04078851354348,1414.6203606475194,982.4862197997213,Minor,E01,1,3,1,64
M012,2024-03-05 04:00:00,65.2561694254234,0.30413382167431596,98.05660334709428,34.159172849459,225.84946662813607,50.49720873414693,1604.3749816250431,1029.5671626051028,Minor,E00,1,4,1,64
M007,2024-03-05 05:00:00,74.63954380012599,0.193055189590503,91.70091199478237,37.91650870789667,212.44253840143188,44.38883005040573,1473.6755138313108,1158.123941591619,None,E03,0,5,1,64
M003,2024-03-05 06:00:00,79.17976721392206,0.2802260473736391,91.71198388069119,43.788255399727404,222.7695596187166,40.87279310255148,1710.396166258866,1062.3773488828174,Critical,E02,1,6,1,64
M015,2024-03-05 07:00:00,66.5516254060251,0.273205447279201,96.38279107411874,,198.9893992300219,50.40337247643056,1429.7494905251422,1440.721555309461,Minor,E00,1,7,1,64
M006,2024-03-05 08:00:00,73.70064861446782,0.4015696214445982,105.08920127876863,42.480498766772,204.5632008007995,60.743536346893784,1306.6403952016324,1103.2839095295478,Minor,E00,1,8,1,64
M015,2024-03-05 09:00:00,65.79533316282173,0.15982843881232772,110.32425156175681,32.6572182186162,,49.55187328667456,1600.0370481346,335.24985801832656,Minor,E00,1,9,1,64
M018,2024-03-05 10:00:00,70.17046697436503,0.31861504779491645,96.91065462374033,54.27790712704238,216.65736614524639,40.93744327313534,1551.0745096536696,1711.8677317847687,Minor,E00,1,10,1,64
M022,2024-03-05 11:00:00,67.85802252493335,,91.9188515665206,60.91463714709213,213.17249462005185,60.17939771131012,1644.1993798865894,,None,E00,0,11,1,64
M013,2024-03-05 12:00:00,75.61137389163865,0.35050487239835443,103.82911453327847,22.074855763359228,219.57579621154443,43.80706040911664,,957.2969269946332,Minor,E00,1,12,1,64
M001,2024-03-05 13:00:00,67.92727095694693,0.4127421771323497,104.0637086314335,26.357512590917686,216.8323867610062,61.83497378318515,1780.8010690158485,1219.9087739987049,Minor,E00,0,13,1,64
M008,2024-03-05 14:00:00,78.06996248223987,0.23507411665142383,101.92301068442761,57.03428369729985,,47.89493122237259,1477.3334389794852,1687.0356309134947,Major,E00,0,14,1,64
M022,2024-03-05 15:00:00,70.5256753580268,0.23786073407555738,102.20591850325386,63.837556087508865,206.88760790453358,50.82504086064453,1625.5562238846742,1613.2655386123192,Major,E00,1,15,1,64
M014,2024-03-05 16:00:00,68.10237774243102,0.4506069720491664,99.09946842925055,20.0,,62.48714460479049,1436.945113741654,1742.947677871384,,E03,1,16,1,64
M016,2024-03-05 17:00:00,64.48016842592902,0.35708507560300773,100.78520683644705,54.785238015346,225.91033908207885,39.18802068033983,1559.0131831600804,1349.79100203538,,E02,1,17,1,64
M012,2024-03-05 18:00:00,73.5192270617721,0.3572292053546401,98.54679097101143,64.65455863738535,216.62000358018145,41.59915782583023,1581.362692847527,1507.8134264098599,None,E00,0,18,1,64
M005,2024-03-05 19:00:00,77.37131041335708,0.2717293020325102,108.56194981629697,34.65105281000626,,47.387616307227745,1599.9075347489963,1763.5073167266103,Minor,E01,1,19,1,64
M023,2024-03-05 20:00:00,73.63992753922125,0.3570547210265162,117.82767600564702,63.956013922718526,216.53879868317551,,1593.1591891971784,1062.6857106640778,Major,,1,20,1,64
M020,2024-03-05 21:00:00,85.43298999848655,,101.43722521365754,42.86406862943993,222.839759620027,71.13655824360723,1111.5918005444148,1376.24867240668,Major,E02,0,21,1,64
M025,2024-03-05 22:00:00,80.57872471482251,0.4330809314233955,99.94742201622911,48.77564508687744,218.99676447012376,,1491.7587293101678,341.36394676935356,None,E02,0,22,1,64
M022,2024-03-05 23:00:00,70.15483341169791,0.540948149690772,102.04689092552054,36.36920022543494,220.35557383087277,39.56602004275439,1430.9870832147085,568.0636418024724,Major,E01,1,23,1,64
M008,2024-03-06 00:00:00,,0.38387587375657306,94.73662559213366,57.01234231225667,220.74429448488777,,1454.6537719432224,,None,E01,1,0,2,65
M007,2024-03-06 01:00:00,74.81818031691212,0.30555375301769194,106.11982696883857,55.013425411385604,,51.8570643681121,1465.990827027576,1461.0651481349014,None,E02,0,1,2,65
M007,2024-03-06 02:00:00,66.97188491744589,0.1726439168653739,103.52941127264903,65.69651226875789,210.16302789696425,53.93628610826167,1617.2968799953774,,None,E00,0,2,2,65
M023,2024-03-06 03:00:00,78.99772983919492,0.2320875119820361,96.63623833565848,62.28728842932269,226.12905396458962,44.343303268975205,1524.3095055561648,957.4348253377798,None,E01,1,3,2,65
M014,2024-03-06 04:00:00,74.1696031310615,0.4588403281718995,107.21653455233982,44.890199469393174,232.74837433753643,50.168289147841044,1439.0972084891923,1057.7729051644314,Minor,E00,0,4,2,65
M012,2024-03-06 05:00:00,73.5387534651512,0.27795657097102483,100.1519181467631,82.30054338218275,233.2737232797922,65.56161871239395,1323.8082263590013,1276.7477706757713,None,,0,5,2,65
M025,2024-03-06 06:00:00,76.12172200662489,0.32404155828194414,92.239546892205,61.209511781684405,215.57384071145617,50.28134785488637,1683.9669192243164,274.50957328783545,Minor,E01,1,6,2,65
M016,2024-03-06 07:00:00,,,102.81283556338369,51.48619242054788,214.13463393623462,52.56792018602136,1422.3218402656837,1386.247502202285,None,E00,0,7,2,65
M023,2024-03-06 08:00:00,73.02573211312503,0.45376028595532547,101.89594002719461,33.03414722815666,215.5657404173174,65.11190570898893,,1212.9632879296948,Minor,E00,1,8,2,65
M025,2024-03-06 09:00:00,71.3217577747717,0.3360289155185313,107.683345168885,26.63960724926838,218.59330078284967,44.415794281209266,1756.6642661647193,1298.9716914960668,None,E00,1,9,2,65
M002,2024-03-06 10:00:00,81.05231773993548,0.32167331912337754,106.65237560059879,27.659665715080074,219.58031228698957,43.89273025138195,1425.5870906776497,1150.50822619259,None,E04,1,10,2,65
M010,2024-03-06 11:00:00,77.80530249594682,,99.12618935496991,33.79601415690545,212.01657233394155,46.24254319722004,1466.9184926789703,646.7651936347664,Minor,E00,0,11,2,65
M019,2024-03-06 12:00:00,70.07412095769767,0.30606535283525477,,61.52763187068274,208.16211322763675,45.77671585913545,1527.861514059084,760.7219105425918,None,E00,1,12,2,65
M021,2024-03-06 13:00:00,72.03111869195412,0.3098326557694931,100.01395000046239,50.845066960050275,220.39953845205918,35.4318951012406,1307.2864197975468,1809.3942873818764,None,E00,0,13,2,65
M004,2024-03-06 14:00:00,73.17228549563279,,102.90647103734925,37.6395217995785,191.75672719282767,51.10395314396834,1293.3841319311614,942.9500789127771,Major,E03,1,14,2,65
M008,2024-03-06 15:00:00,74.1708776676299,0.36297040624841403,,43.36957186923951,219.19474544547353,51.73553041801007,1442.206415767402,,,E00,1,15,2,65
M014,2024-03-06 16:00:00,63.86040089436531,0.49921237145910086,102.41129766508894,41.90704316486537,,48.51313160134431,1446.3596265003234,767.0541660302492,,E00,1,16,2,65
M020,2024-03-06 17:00:00,62.74509235319064,0.38071941716448005,99.27390445222585,54.60060804628396,226.24123621290272,51.97976674267202,1516.1071458368945,1194.0015876037385,None,E00,0,17,2,65
M003,2024-03-06 18:00:00,66.67565986798527,0.4305801883665679,107.97453616018579,34.45442685077004,228.38107901684117,52.0648707203996,1382.6406801234816,1023.7267858419634,Major,E01,1,18,2,65
M016,2024-03-06 19:00:00,66.21156934193195,0.2750100376293808,94.60558484725378,49.19623663339491,228.56996608198347,,1552.0776518920393,1085.0007907170811,None,E02,1,19,2,65
M008,2024-03-06 20:00:00,68.13705591616498,,119.83522761723859,48.6010293113604,,52.30911957693384,1241.1939700747284,1063.998811645965,Critical,E00,0,20,2,65
M006,2024-03-06 21:00:00,75.80826385254002,0.29939130573792583,106.10456304123008,34.81358387816506,210.9188479042927,54.46809662985389,1491.5650320014397,1777.5686783628794,None,E00,0,21,2,65
M013,2024-03-06 22:00:00,,0.37768172843075903,90.98011677463992,64.05607235052419,213.48326146506705,37.223188282395355,1543.221156861218,1970.994539532856,Critical,E00,1,22,2,65
M011,2024-03-06 23:00:00,,0.3981960218680389,101.48183464749133,41.45314552172246,222.3008854654512,61.70492817895035,1539.4133088626195,,None,,1,23,2,65
M016,2024-03-07 00:00:00,,0.35349081908010316,106.18146814425705,33.08699850532517,206.83308419967048,40.113629576761156,1480.4668212342326,1034.920649343994,Major,E02,1,0,3,66
M008,2024-03-07 01:00:00,69.23014678247434,0.5185128005032354,97.20504715584232,55.23455975424232,231.14839591571229,40.89409505528874,1420.759369072093,668.3090139080355,None,E00,1,1,3,66
M021,2024-03-07 02:00:00,75.52354597046904,,88.03884761938635,45.653946925855706,217.35495974562133,51.61564249488395,,640.77207553099,None,,1,2,3,66
M002,2024-03-07 03:00:00,75.56971474906081,0.43240717329803674,91.68748846720884,49.90113975190865,224.00138937954347,,1648.0751086404796,1779.742545812181,None,E00,1,3,3,66
M022,2024-03-07 04:00:00,67.65255703087256,0.4035000334659009,,30.78384239770152,205.74859109010526,56.22137043676585,1428.0639077160697,612.5617812276072,None,,0,4,3,66
M001,2024-03-07 05:00:00,72.96997431827732,0.4734352572411031,85.96306821945302,54.74899501970366,212.5921437939332,54.48793868166785,1617.3732885214522,,Minor,E01,1,5,3,66
M019,2024-03-07 06:00:00,85.19308712089399,0.24941214917715485,88.40524342523182,71.06914037429465,204.75456683474897,45.84237588514405,1636.4693599078093,1262.1229272446553,Minor,E02,0,6,3,66
M009,2024-03-07 07:00:00,71.89441242446617,0.4459198182593403,104.29467797547142,29.84599524258644,228.16951595040922,50.86849034788812,1291.692980849039,159.37475469081494,Minor,E00,1,7,3,66
M010,2024-03-07 08:00:00,67.84087832314533,0.2806128981600334,98.21960626522537,49.25050567187434,218.71836208099984,47.46663701322871,1484.6218807157568,699.762201630583,Minor,E04,1,8,3,66
M001,2024-03-07 09:00:00,70.95742566382704,0.3104962616653289,94.43375688316162,35.57628365579985,224.5704396274899,51.394072295397216,1382.670993216359,664.6294987035907,None,E00,0,9,3,66
M018,2024-03-07 10:00:00,72.55306264516099,0.3892974710843167,,77.27527271516955,220.5073094586406,50.54765327684816,1319.7799374979586,933.7178208258972,Minor,E02,1,10,3,66
M005,2024-03-07 11:00:00,71.0929897158567,0.4363254115857506,,59.875589737803004,223.74780043129888,45.96073112339117,1595.0437005593383,1303.4731494985133,Major,E00,1,11,3,66
M017,2024-03-07 12:00:00,71.81187179594099,0.26924963578226263,103.87562744363956,48.38528811635964,217.3004651167318,47.22225667069633,1556.7987502720066,1611.110787752848,None,,1,12,3,66
M019,2024-03-07 13:00:00,63.33931921837896,0.3141218585625588,,30.26559028956695,218.37163528420874,35.18236539757717,,934.5778713345103,,,1,13,3,66
M022,2024-03-07 14:00:00,66.22421714948429,0.3568272450750917,95.71398252332904,,219.26614064952605,56.64104015728464,1369.740369385767,1015.3360987246882,None,E00,0,14,3,66
M018,2024-03-07 15:00:00,71.10398857757102,0.3369543796713,102.77428109269742,53.955294068181466,223.2450532394178,52.38046005590867,1525.255711556898,1152.167570075909,Minor,E00,0,15,3,66
M008,2024-03-07 16:00:00,71.00839217986538,0.4097822442864631,97.94697971636627,28.65009362739011,223.45694736974423,31.54655880493899,1342.74441744795,877.7852959800737,Major,E02,1,16,3,66
M019,2024-03-07 17:00:00,68.60286435084,0.5905149331189165,94.36277352292531,29.026633863095185,242.49149507205874,,1509.2714330608203,1367.123944673139,Minor,,1,17,3,66
M021,2024-03-07 18:00:00,70.93791848354138,0.3793524495968116,84.08449260220857,45.10597518201453,233.45281701903684,49.575777531548184,1420.6138993104566,1379.4775875322462,Minor,E01,0,18,3,66
M008,2024-03-07 19:00:00,72.36608913248523,0.2985362493286378,102.93940676694251,46.6010000345229,205.7699297128829,42.505423069108936,1626.094898259896,111.36962546083247,,E00,1,19,3,66
M004,2024-03-07 20:00:00,77.33648073914715,0.2592444168552703,,49.560376886331525,218.85515617658194,41.79659856507756,1456.422601100561,1455.769436326917,Minor,E00,1,20,3,66
M023,2024-03-07 21:00:00,71.40472958864369,0.3272322260490076,95.86090033853301,39.72569642619464,216.75283327787602,44.4942226500188,1527.7490592495421,1250.882605281852,Minor,E00,1,21,3,66
M004,2024-03-07 22:00:00,74.39461923178952,0.28418250797798467,,56.041758553573025,230.24104384648,42.54779732817437,1528.0041628746933,1303.5074450255056,Critical,E00,0,22,3,66
M015,2024-03-07 23:00:00,68.75039819139647,0.3827284854382796,100.1020998292282,34.65822344428288,217.47401629919028,43.62249599650184,1490.9040465535477,1671.8379720890532,Major,E00,1,23,3,66
M006,2024-03-08 00:00:00,75.4325743415909,0.38164151450489586,,52.51973224267729,223.71431101957333,63.60507373085164,1512.639850761239,485.481963947607,None,E00,1,0,4,67
M004,2024-03-08 01:00:00,74.25438178567414,0.317578225683253,100.78207105059442,47.56944814401751,201.30350695775905,52.96900795506154,1536.4536288041422,697.8035307277734,Minor,E01,1,1,4,67
M020,2024-03-08 02:00:00,77.19490201907891,0.4889468509648648,113.10452416393723,52.20778902754239,207.89119350885377,66.28808254298778,1392.4327166780306,1171.9043409044668,Minor,E00,1,2,4,67
M004,2024-03-08 03:00:00,76.28076277466693,0.2985186876532074,105.63819602084023,59.18397662310646,236.7383454328197,51.80590892496161,1548.3527209153635,271.44965666435183,Major,E00,1,3,4,67
M017,2024-03-08 04:00:00,75.53241373728687,0.34163982524712777,99.14173528260767,39.536011858741425,220.40195518566597,54.63412576067065,,1115.3396719301609,None,E02,1,4,4,67
M018,2024-03-08 05:00:00,71.40949554805331,0.3947413866122872,105.90623004877251,37.067069618166855,212.01231981224785,42.95435845545827,1547.6817652123011,1538.4261252968458,Major,E00,1,5,4,67
M002,2024-03-08 06:00:00,73.46963536226681,0.412443842563888,100.38929822712863,,221.94296696978031,48.65577294043437,1457.499190671682,1358.6555294637624,Minor,E04,1,6,4,67
M005,2024-03-08 07:00:00,78.38105357070916,0.4394303565080239,100.36154203618123,20.771974848925964,,49.346558630893874,,1231.5976335125292,None,E01,0,7,4,67
M020,2024-03-08 08:00:00,68.08755258358323,0.3799947535295267,110.37091037848818,42.88831010316626,,54.960739562878,1456.3486593231235,1106.9104680358364,None,E03,0,8,4,67
M013,2024-03-08 09:00:00,,0.42356388905515974,92.81553697487585,43.709725429564635,208.3790564860479,49.6041313539825,1485.7512091474791,1028.8518324648292,Minor,E02,1,9,4,67
M004,2024-03-08 10:00:00,73.08858838770217,0.3034424279580442,100.18647718443967,31.967002512674078,213.69023025765256,,1357.477520836758,1005.8079316978682,Major,E00,0,10,4,67
M025,2024-03-08 11:00:00,74.49167814159271,0.41426573722452675,,34.5468036015787,216.66930648433097,,1665.6079220638578,1291.489351508048,None,E01,0,11,4,67
M007,2024-03-08 12:00:00,67.05536100441597,,102.47192446539913,63.28144628755115,228.9655945146937,47.57713861983819,,579.6429578392725,None,E00,1,12,4,67
M001,2024-03-08 13:00:00,71.55142461952015,0.4559020672327475,97.04757611704977,55.510077363633755,223.71236806146527,46.75447148460465,1415.5283039135356,1785.246178870109,None,E00,0,13,4,67
M024,2024-03-08 14:00:00,71.4360073546273,0.23320948054400198,86.35072187700665,29.86071750334052,225.10819228753675,,1594.3405128757743,904.9443180606374,None,E00,0,14,4,67
M001,2024-03-08 15:00:00,58.708319306379174,0.2864971819079253,81.83722446245032,39.69182338657314,219.79380278908815,58.65842951222973,1674.9441825261613,,Minor,E00,1,15,4,67
M014,2024-03-08 16:00:00,70.68243606444744,0.40761986785571114,116.60944951808598,49.87203229987684,226.58279278695667,47.5805471094527,1385.084751711021,1232.1452083617744,None,E00,1,16,4,67
M025,2024-03-08 17:00:00,,0.1644044864083022,102.4680945700065,,213.01184584525407,52.63118003568539,1240.9880721172574,738.5442334398916,Major,E02,1,17,4,67
M015,2024-03-08 18:00:00,71.03824234306188,0.3844404321651845,95.3274148873099,35.29565621513481,214.13835244014663,48.7475589227573,1682.0159203248209,1717.06593888042,None,E00,0,18,4,67
M015,2024-03-08 19:00:00,80.49548564746361,0.42418630974519567,102.79565511303872,40.94105059460962,223.26072857165505,58.50093914301857,,,,E02,1,19,4,67
M010,2024-03-08 20:00:00,,0.3096537326714692,92.4186068935732,58.087930623989685,217.76682087978259,34.09529871982145,1437.6611169222683,571.7349609697434,Critical,E03,1,20,4,67
M004,2024-03-08 21:00:00,67.05226457277233,0.3198866999921661,97.35038978082987,59.17681563022487,219.88923321309736,52.42375876477405,1505.680728415838,1170.571832772348,None,E00,1,21,4,67
M015,2024-03-08 22:00:00,56.326825210083996,0.2748103856932067,92.47247685605628,36.17463818649276,218.68691777668323,39.960716002337186,1455.7104990567648,1282.9465476211883,Critical,E00,1,22,4,67
M023,2024-03-08 23:00:00,69.11450000295515,0.31349170161880174,88.69381132348397,,230.02760331649182,53.12561199574408,1855.13492617117,371.4650751288412,,E01,1,23,4,67
M003,2024-03-09 00:00:00,69.626138675244,0.31552020486267696,83.16012043329663,,230.44442346143097,48.82762758916634,1436.3150961384815,351.7821279415607,Major,E04,1,0,5,68
M023,2024-03-09 01:00:00,68.94013694199447,0.30220111078741346,87.21874086216933,32.901174090167395,214.99067391549002,38.173111132204,1539.2790494770156,866.5349792590847,None,E02,1,1,5,68
M011,2024-03-09 02:00:00,78.64606403690256,0.2983625275550852,108.17030211149968,41.43510584099948,205.92104522487415,52.701118294533586,1655.0695059785774,674.7115491751679,Major,E00,1,2,5,68
M014,2024-03-09 03:00:00,77.16370513402178,0.33102966505781245,92.10494431031975,29.829189744028326,214.30802479289886,51.79345455726718,1654.4912635605167,782.5907611993888,Minor,E03,0,3,5,68
M005,2024-03-09 04:00:00,72.46714034560382,0.33018269790407145,104.27913689442303,58.95666284583715,212.82431882745632,48.15023074066597,1631.5185418694396,674.778303363873,None,E00,1,4,5,68
M016,2024-03-09 05:00:00,69.77632167876082,0.48118923299027394,107.65317911876171,63.62966451186364,226.6539867263926,49.16347538001615,1448.9189089520999,1151.0424950164343,Critical,E00,1,5,5,68
M005,2024-03-09 06:00:00,78.15713800864118,0.32240703998180925,100.13263748165966,40.073123021110916,227.36397981419566,51.29208865998509,1481.7481629074566,843.0895513286772,,E00,1,6,5,68
M007,2024-03-09 07:00:00,71.88145284098489,0.37409051513343006,97.61146230143143,37.21104824946824,211.75140653569616,59.42576162552484,,1645.586542177237,,E02,0,7,5,68
M019,2024-03-09 08:00:00,67.09037976648925,0.3096181923466589,101.06418336422131,57.65513325178291,213.96396193156122,47.48538505173811,1491.0605476356927,1272.108109327153,Minor,E00,0,8,5,68
M002,2024-03-09 09:00:00,61.70250793509269,0.308728295691098,96.66703706780709,59.593787291760215,208.16791130195915,58.10425565117223,1503.9368053118287,1517.7252953545005,Critical,E01,0,9,5,68
M012,2024-03-09 10:00:00,69.35211303662591,0.2306940623587164,,31.627063177289816,221.07502818818207,49.70039783531853,1589.0067844334953,524.6929699862843,Minor,E00,0,10,5,68
M015,2024-03-09 11:00:00,76.52786170303565,0.24000436265322345,115.01227099315594,43.2234639749682,219.64066858066073,60.3658769961445,1715.458483557219,948.7105343237985,Minor,E00,1,11,5,68
M004,2024-03-09 12:00:00,85.65923213725854,0.26551012042429,111.59849464296764,44.29273934554519,226.31297453951143,48.118866652316285,1585.3571572799606,1254.4864459417886,None,E04,0,12,5,68
M008,2024-03-09 13:00:00,72.36966207713685,0.3628587784332049,82.78749412181146,35.750684716140974,223.97705035647544,44.66940626819774,1628.4774185298709,1381.1914077278304,Minor,E01,0,13,5,68
M009,2024-03-09 14:00:00,67.40786690927817,0.42533215586992096,96.50378592911909,49.63178032904938,224.88162376844946,41.21858796336695,1497.9040752684864,940.9216138103196,Minor,,1,14,5,68
M017,2024-03-09 15:00:00,64.89020875029472,,100.03327311024925,36.600655978992584,207.6639836817141,49.72947609960732,1654.115707634853,999.5480463194141,Major,E01,0,15,5,68
M025,2024-03-09 16:00:00,75.31172937783359,0.31156462390558276,103.70446368338034,38.5168710557235,214.98939170726194,43.65461540829729,1501.3358794575138,1043.3843261720342,Minor,,1,16,5,68
M021,2024-03-09 17:00:00,61.41230368569439,0.2543176503454756,86.18148369838362,43.78388724197951,227.59117843794562,61.235906728423714,,1080.8545813473393,Minor,E00,1,17,5,68
M005,2024-03-09 18:00:00,75.30207060842933,0.33150060341065146,,27.131252613295693,215.69139105229885,43.03029966592017,1596.5399531626217,2065.6789226028454,None,E00,0,18,5,68
M001,2024-03-09 19:00:00,76.90626963757748,0.42530386455950053,110.45431799700314,20.32256076028029,206.97947300424767,44.47981304425447,1547.1270884395462,,Major,E03,1,19,5,68
M002,2024-03-09 20:00:00,74.61767671939718,0.3187182318874417,95.52704545112177,56.019268399659914,226.46391663897325,54.64866487218973,1315.1125175837153,1215.9501333868309,None,E00,1,20,5,68
M015,2024-03-09 21:00:00,,0.3466738119460212,88.10074929237415,36.11612293065784,215.38188003988475,59.48633561607011,1631.201640032021,696.3966113988347,Minor,E00,0,21,5,68
M004,2024-03-09 22:00:00,75.38964392128089,,91.17087353821631,70.61836899630048,228.50109594901502,55.848362985272814,1545.3762758615928,705.8616153698035,Major,E01,1,22,5,68
M006,2024-03-09 23:00:00,73.0256302267698,0.38205306513555365,103.12379714649772,68.66205510100393,219.8526822332775,58.469477411576435,1584.309001425174,1114.7167310289421,Major,E00,1,23,5,68
M022,2024-03-10 00:00:00,67.33125694883645,0.2967935700928238,93.41961850829203,38.92225653937133,217.78224445679137,49.35827120050273,1537.6249589077715,1652.150069594907,None,E00,0,0,6,69
M022,2024-03-10 01:00:00,83.10247393425016,0.3611240700085007,101.9330051374724,73.06863594699152,230.90552712898693,49.470998892290645,1558.3116302071041,1120.3440415737102,Major,E00,1,1,6,69
M021,2024-03-10 02:00:00,69.8899237223369,,92.17018109802797,,209.57875504690264,66.09406293806879,1656.0784783133672,1137.4754610111065,None,E03,1,2,6,69
M007,2024-03-10 03:00:00,76.65451380269946,0.37943374089152,86.04639898092783,37.25623436468308,231.4737694370487,63.52214971099497,1443.1291752555553,,None,E00,1,3,6,69
M016,2024-03-10 04:00:00,57.48831430382571,0.3860738107850931,,20.0,214.88515203563261,55.71361889151434,1556.1166279656923,503.3308252737855,Major,E00,1,4,6,69
M016,2024-03-10 05:00:00,79.65882529668558,0.2542988209651083,103.1855192903118,,221.29895888252807,58.85285230138923,1406.7077977356216,1374.7578297933171,None,E00,0,5,6,69
M005,2024-03-10 06:00:00,80.81258246792748,0.3622604592170041,97.32999311009507,45.375550498573745,221.37456156340465,56.86826123474398,1569.2016161488702,1098.2599410035536,Minor,E00,1,6,6,69
M014,2024-03-10 07:00:00,,0.3417698719402856,95.82910622654713,50.17633902892439,216.58304141150003,40.35220435095525,,1378.4123892857283,,E00,1,7,6,69
M014,2024-03-10 08:00:00,75.35262620842656,0.3881274178020478,111.71920295260188,42.253965881946606,213.90309847938448,,1424.2837516024135,,None,E01,1,8,6,69
M010,2024-03-10 09:00:00,75.35109108964538,0.4081942935713393,104.7322403642298,31.273716832813626,217.0414224882789,61.9741943121177,1511.2396726720358,814.3599291616799,Major,E01,0,9,6,69
M019,2024-03-10 10:00:00,68.14329858215565,0.3834214722887223,109.17450425308607,39.875680026945915,211.8834985296576,55.76271342662886,1431.7548818717783,1290.1639477979509,Minor,E01,1,10,6,69
M017,2024-03-10 11:00:00,75.28273383263604,0.3287764652634173,95.3304585800864,53.479647431340474,235.69568514358423,49.491282715458965,1454.6398884181872,683.5795228767938,Minor,E00,1,11,6,69
M014,2024-03-10 12:00:00,,,100.40533232143663,40.74749559150947,,,1542.57683182106,,Minor,E00,1,12,6,69
M019,2024-03-10 13:00:00,68.34745845812805,0.28888560565828236,103.21759132797226,,229.27157803543955,52.95441526342979,1532.2078631546233,,Minor,E00,0,13,6,69
M020,2024-03-10 14:00:00,78.7616588592738,0.25756346046413503,95.59944712548926,26.76735494330825,228.21738366861052,56.044637106325155,1269.5426077687175,1816.239686019902,,E02,1,14,6,69
M015,2024-03-10 15:00:00,77.84794614420122,0.12632993208074395,99.23574312797088,46.0944057813393,222.9034379116549,52.99625156617616,,853.2439457455821,Major,E01,0,15,6,69
M007,2024-03-10 16:00:00,67.76174698730524,0.3450901333783991,95.331117280934,31.656816702149648,218.91456772746974,54.32929811902804,1463.600030003322,669.2448009192342,None,E00,0,16,6,69
M019,2024-03-10 17:00:00,67.59854193899376,0.2924917492354595,103.19247358001773,56.02231439637735,,54.9013533352117,1450.2830470732858,1034.7349157118133,Minor,E01,1,17,6,69
M018,2024-03-10 18:00:00,68.12642038525397,0.37784281332527453,89.42884668919535,36.19078919723782,224.57735813803333,60.39739261546496,1364.7414108453104,1443.6343932894747,Minor,E00,1,18,6,69
M025,2024-03-10 19:00:00,76.39583739879295,0.21201408241689423,104.57576015397646,41.45155091405092,220.8037476847724,61.43965217636107,1494.5530438207932,100.0,Major,,0,19,6,69
M004,2024-03-10 20:00:00,66.00009131513762,,102.48570561394328,70.96780278893246,207.46600807485092,46.39127104787492,1437.2378872834922,1550.213145449055,None,E01,1,20,6,69
M011,2024-03-10 21:00:00,74.14027583421571,0.38291889341051394,98.37353177194143,41.32110932759294,205.45350946999915,52.84408868758742,1652.8227353165812,1116.553762372145,None,E00,1,21,6,69
M024,2024-03-10 22:00:00,76.48108086380577,0.27791146975557135,103.59613716521667,39.713102206403086,232.07190579049418,60.168071348378916,1290.0682558021892,743.2359679280914,None,E00,1,22,6,69
M013,2024-03-10 23:00:00,71.4705272982414,0.3786479724029003,97.08047629013618,52.02746383078717,198.92228877427624,48.94752478389714,1384.3291691929794,,Minor,E00,1,23,6,69
M024,2024-03-11 00:00:00,78.06038218118957,0.3110084183452371,94.63895406938171,23.576858373292165,221.5654812290148,39.52883067030705,1376.2041635257058,903.5707825602325,None,,1,0,0,70
M001,2024-03-11 01:00:00,,0.34770341831540014,104.34980923830942,60.00971186134231,218.12017588405266,42.73081445761537,1531.038929016784,709.957796393835,Minor,E00,1,1,0,70
M001,2024-03-11 02:00:00,70.71686639403651,0.39166106044917987,104.69611204123498,56.92728052146714,221.28640916683278,43.283367689445946,1640.7753557373712,424.55829618506016,Critical,E00,1,2,0,70
M020,2024-03-11 03:00:00,66.13652261320887,0.4166957916180719,95.94183808952772,51.2934209384967,210.8802660701277,46.33456797054563,1560.3746143811015,1492.1915780738725,None,E01,1,3,0,70
M009,2024-03-11 04:00:00,78.10306408572123,,95.25558166205553,20.0,222.805419903473,,1368.6423456812197,976.2078831893112,,E00,1,4,0,70
M014,2024-03-11 05:00:00,,,98.53621212991635,41.88705961829068,221.64813147340058,58.23284866577629,,,None,E00,1,5,0,70
M011,2024-03-11 06:00:00,74.09863090629035,0.3179372796334245,95.58395477748786,29.725605287936006,242.08809397823805,47.785407330876936,1402.8987935107125,1537.9111005780828,Minor,E00,1,6,0,70
M011,2024-03-11 07:00:00,71.57210359724439,0.39458687541608706,112.20095287905815,58.48928140751448,221.03984037213877,60.08881370121145,1560.9277588680893,1222.3457425134234,None,E00,0,7,0,70
M024,2024-03-11 08:00:00,65.68330162133003,0.27851224915621753,102.53180571355365,57.63073304707214,230.7858808546251,40.95765321141624,1446.0515711743174,,Critical,E00,1,8,0,70
M003,2024-03-11 09:00:00,68.34538113706007,0.33753533823518556,100.11680186837772,49.65611867796928,208.01051459641565,47.173417779292365,1330.4642381706155,,None,E01,0,9,0,70
M020,2024-03-11 10:00:00,,0.3229881131146967,92.53820021048777,30.562665634319846,228.16076254436305,50.834218830972326,1570.1647823273065,1793.5343225114714,Critical,E00,1,10,0,70
M023,2024-03-11 11:00:00,,0.34276467516767245,105.91191557629313,62.93153052629916,221.81018642365476,56.485292802364754,1651.5910240281353,1401.2376415192625,None,E00,1,11,0,70
M017,2024-03-11 12:00:00,65.94509795179894,0.2793502229525436,95.10716080044467,41.852866331766144,222.15790947222467,59.149014121648904,1478.5593062759567,853.9953715038611,Major,E03,0,12,0,70
M010,2024-03-11 13:00:00,73.83196972409215,0.22036389534515213,94.77802151135168,66.66445280280679,,45.6934616647096,1514.4480454007655,610.8868102236963,None,E00,1,13,0,70
M005,2024-03-11 14:00:00,71.12331581043273,0.386451983117175,106.18091730461269,48.184644802351784,233.6507053704771,57.94734806726888,1319.2438549308233,839.4429061484559,None,E00,0,14,0,70
M018,2024-03-11 15:00:00,92.72427841346509,0.4174891996442054,103.09858176793519,51.081696226999775,222.04083572578057,36.54485740802765,,1241.2131747583037,Major,E00,1,15,0,70
M012,2024-03-11 16:00:00,73.71074304805363,0.22454775297512902,,,213.72702360651382,,1278.1099600114628,1770.5025101239682,None,E00,1,16,0,70
M004,2024-03-11 17:00:00,69.71625091760181,0.3758248312648351,98.73783388988552,61.883466933381705,215.07249568582844,39.27147974023335,1494.6333840646726,,Minor,E01,0,17,0,70
M009,2024-03-11 18:00:00,80.52016750672263,0.42582280403916234,101.00415696438095,52.3012066115233,226.53701995091765,53.57315152410209,1463.0469604499015,940.4354072491033,Major,E01,1,18,0,70
M025,2024-03-11 19:00:00,60.95378299624293,0.3917137732733626,97.28323075375071,62.31470031017546,223.57964366576104,59.03349222596499,1565.5479129335722,1608.5776743361148,Minor,E00,1,19,0,70
M007,2024-03-11 20:00:00,72.56592093828658,,101.28290932551843,47.13049438256448,207.75621070378386,,1476.2816191042814,1026.3951811688596,None,E00,1,20,0,70
M005,2024-03-11 21:00:00,83.96657096808643,,85.52249597672791,44.435536088930405,224.11713459087443,36.88657671560683,1618.5314204087738,1885.5917891866368,Critical,E00,1,21,0,70
M018,2024-03-11 22:00:00,71.30280429384148,0.3556684655544992,77.3518352052742,52.14156195478573,211.3412611455465,46.42214070387095,1604.6719917642283,1140.758892709779,Minor,E00,1,22,0,70
M005,2024-03-11 23:00:00,61.60019373211153,0.36734495411928164,92.19625409303784,62.3104861090945,223.50606415811274,55.7354649698886,1461.3048090158386,1667.1080454929195,Major,E04,1,23,0,70
M023,2024-03-12 00:00:00,69.62449221353641,,102.2579769741372,57.20081168687007,213.55556769185128,55.50635931305892,1379.5873351251253,1353.1128771111232,Major,E00,1,0,1,71
M022,2024-03-12 01:00:00,80.72710824575422,0.3373905758917704,74.20035017183288,46.658685685851275,217.74814612260485,52.20744953662839,1270.0606379511182,1482.8361122444578,Major,E02,1,1,1,71
M025,2024-03-12 02:00:00,74.25641757792462,0.27421437931140696,93.25163146208394,22.7133779084652,215.6415323376843,,1672.0282863791529,,Minor,E00,0,2,1,71
M023,2024-03-12 03:00:00,66.9668633429249,0.3795881803916196,84.6179122464049,54.72463247245588,232.15130386588308,,1386.8968794113716,,None,E01,1,3,1,71
M007,2024-03-12 04:00:00,67.88854315692586,0.3829598146089466,98.05900661974921,27.7355424305521,223.21478200248015,61.010083118624706,1320.4279279467037,1367.5679243548852,Major,,1,4,1,71
M006,2024-03-12 05:00:00,68.64179837310112,0.364057548782317,115.6631940636468,45.42006907382806,230.08890401845863,51.30991880635467,1515.5828883703512,1519.2558609891678,Major,E03,1,5,1,71
M009,2024-03-12 06:00:00,74.16718730432397,0.357769555154988,98.26259204268719,43.6108057515531,,51.82862349401059,1321.4950397194773,1410.4246351139388,Major,E01,0,6,1,71
M012,2024-03-12 07:00:00,80.02917679763192,0.46754746414222736,99.13997723735305,27.98677820321264,220.37444273543952,54.02448304255434,1515.4621548665775,493.02151549256183,Major,E01,1,7,1,71
M022,2024-03-12 08:00:00,78.31453807679503,0.30629348507986226,106.71384752630586,49.470037078486,,61.683542427397974,1459.6426988953267,1303.072941171006,,E00,1,8,1,71
M019,2024-03-12 09:00:00,74.73607309265478,0.4397004568219659,100.17045246248459,70.85181288248732,214.40435467525762,52.004433469092746,1610.8414730998672,937.365080227321,None,E00,1,9,1,71
M017,2024-03-12 10:00:00,64.0101314396551,0.29861828715447136,98.28006583848529,41.24873362584096,230.03902487943503,48.47060283750124,1600.4035598421688,981.6480593423718,None,E01,0,10,1,71
M022,2024-03-12 11:00:00,64.03240491603935,0.42762654010694995,107.41316739316004,54.19055594895756,213.53992922056617,53.05216090786304,1632.3987124253433,,Minor,E00,1,11,1,71
M017,2024-03-12 12:00:00,75.19951212728257,0.43633572850563807,103.77509720409445,73.2682780649053,219.85267894768305,49.911120976184705,1524.7514073409905,1879.1675694505832,Minor,E01,0,12,1,71
M010,2024-03-12 13:00:00,63.92717341240263,0.3294864157618682,102.30900609253162,55.35135862810648,224.29502125468073,50.001995805567894,1396.999201231977,1107.1795620805956,,E00,1,13,1,71
M011,2024-03-12 14:00:00,70.64659787358838,0.46626741378425834,98.88975877946028,37.26188030810726,,35.87312503133435,1375.5736994453027,1989.152244343737,Minor,E01,1,14,1,71
M013,2024-03-12 15:00:00,73.82490267711707,0.38283251207222624,97.23148236218348,47.84417755347298,209.8195868629913,54.18265276812362,1436.3164112138443,,None,E00,1,15,1,71
M003,2024-03-12 16:00:00,65.17443602782387,0.28859092912016027,107.3373670818533,50.76936219731178,213.06382460913764,59.37164039018083,1739.3129819114126,1692.6970820639895,Minor,E01,1,16,1,71
M019,2024-03-12 17:00:00,65.85442599384682,0.3238090383927553,97.30829904096662,62.205757599287544,224.89160063016718,,1470.0974322408417,1372.2768208136624,None,E00,1,17,1,71
M017,2024-03-12 18:00:00,71.4352736125931,0.4292933614274656,109.8500230348481,59.56860408765703,217.0582674942952,57.607931754390485,1519.3218595680112,1283.4226607443134,None,E00,0,18,1,71
M019,2024-03-12 19:00:00,,0.4146145291313655,91.62282906968574,20.0,208.82121192910898,49.575981510147805,1682.231488846013,1753.2649498458425,Minor,E02,1,19,1,71
M014,2024-03-12 20:00:00,78.36911262248255,0.27593717190344963,111.47027163604622,34.72554537364588,219.43218612394088,51.16540954540802,,945.3868565406106,None,E00,0,20,1,71
M020,2024-03-12 21:00:00,75.64232060862331,0.3402519881466652,103.77632066470734,44.159679328636784,219.04822795100984,59.531221577452584,1410.161839214384,1711.0276830520472,Minor,E02,1,21,1,71
M024,2024-03-12 22:00:00,72.44193956995316,0.36424660879435583,92.25172061558395,32.816555249547655,221.41531985047123,56.93883434529423,1587.6189209790418,1116.6741559494942,None,E02,0,22,1,71
M015,2024-03-12 23:00:00,67.52283147865771,0.3144676787647073,104.07182907641845,,224.2339305675784,,1448.5829029696622,943.1573578524349,Critical,E00,1,23,1,71
M012,2024-03-13 00:00:00,65.57455802493288,0.5150459806362303,94.79757681346176,36.29257814699187,,44.61826843535118,1534.6950308329474,669.3365897550899,None,E00,1,0,2,72
M003,2024-03-13 01:00:00,68.93473747002511,0.36635646203837274,100.2674244347798,44.95667271014806,213.85461524393125,44.56835231399084,1561.458822209205,1834.1415754174293,None,E02,1,1,2,72
M020,2024-03-13 02:00:00,,0.3456731466367865,96.10698290283798,38.69658380626273,216.7133722502974,47.339453401030525,1440.68337613823,1656.5043786189783,Major,E03,1,2,2,72
M023,2024-03-13 03:00:00,74.01974223976406,0.4333595730980663,98.93670268693538,33.036680939083915,227.4223095463026,42.455738758882106,1522.3645879331948,1008.7746697361283,,E00,1,3,2,72
M018,2024-03-13 04:00:00,59.40058808564927,,107.53144635047893,45.49757549741795,215.6545210636556,39.42835913558976,1692.0055442234586,1418.1674668834128,Minor,E03,0,4,2,72
M022,2024-03-13 05:00:00,67.28593783039499,0.4205199327432126,104.1480932171735,49.11705810302556,216.83926353072752,53.74909780848789,1424.8158319520783,1250.6398337468072,Major,E00,1,5,2,72
M022,2024-03-13 06:00:00,79.22704530963694,0.23325873230919103,90.99707686584738,39.37683463241434,207.96584735795057,53.20440315568464,1658.0271099587205,1058.8349251235736,,E00,1,6,2,72
M020,2024-03-13 07:00:00,72.47529028682483,0.31824421676281034,91.45522846673249,61.46092586968406,219.7705562391901,51.96980713787828,1429.1403842248874,1585.903264582059,,E02,1,7,2,72
M013,2024-03-13 08:00:00,63.49794652138208,0.42343492928640725,102.16620488212267,45.692572990553714,222.76216371808442,52.82996194387067,1716.2482569920624,949.8333725246521,Minor,E00,1,8,2,72
M003,2024-03-13 09:00:00,86.13492708958891,,102.74549701516621,34.541835964381434,204.19605425242446,38.29030643643328,1397.3416861228184,323.3434255382894,Major,E02,1,9,2,72
M001,2024-03-13 10:00:00,71.8263496061114,0.29586930008958046,94.60444016490322,31.505552131801988,211.4379969472551,46.1595801186277,1452.7373156858905,1303.9349205975116,Critical,E00,1,10,2,72
M006,2024-03-13 11:00:00,74.30600375588045,0.2877124854646946,,42.44436236089606,208.62617811605298,47.652252448907724,1680.9906929840572,1226.7064394416548,Major,E00,0,11,2,72
M011,2024-03-13 12:00:00,74.3971485362708,0.3897212501259321,106.50795949815677,58.36104784244946,,50.3880483440354,1686.2679301039793,962.6914061093789,None,E03,1,12,2,72
M019,2024-03-13 13:00:00,69.79442720303888,0.3063876273557601,94.99538907692164,35.1157354902824,204.70118981242626,38.321895856504,1598.2111992122257,843.0318568819125,Minor,,1,13,2,72
M012,2024-03-13 14:00:00,,0.3311995457571224,94.22195747347206,52.150553807960414,219.37052322309853,,1370.178059777224,576.24072739118,Minor,,0,14,2,72
M001,2024-03-13 15:00:00,84.73004991039565,0.411348351731601,98.17749429029402,46.134682920171755,,46.50817238331252,1509.889108556566,1054.911317377671,Minor,E03,1,15,2,72
M006,2024-03-13 16:00:00,78.01923521770651,0.3119128472870191,97.34516471140672,,,58.466283214139345,1500.1498383068376,849.9071191599191,Major,E02,1,16,2,72
M025,2024-03-13 17:00:00,76.93162320665206,0.21242019739250198,110.04925994985422,49.68301756392683,,52.09496230792481,1397.3024288797665,1585.758373406965,None,E03,1,17,2,72
M025,2024-03-13 18:00:00,75.45773515030926,0.2589240895075883,107.87618378395909,36.62128512688969,222.77174709420535,58.17252956781192,1583.6204598542693,1406.601048027437,Minor,E03,0,18,2,72
M010,2024-03-13 19:00:00,65.98009565782989,0.3506968910004196,100.28055610801113,53.83643434517624,228.29578640398245,49.02055090515418,1406.7968283524106,1006.1864391185413,Minor,E00,0,19,2,72
M021,2024-03-13 20:00:00,,0.21956037960689806,105.42324448711372,54.24026389075164,219.13910711556647,50.00791114700032,1345.1292735030484,1409.0878494710348,,E01,0,20,2,72
M018,2024-03-13 21:00:00,66.9412040519295,0.3291987707891875,106.5838018107564,40.23586785245023,202.08850213652826,53.99260733965705,1305.4958942054716,1157.0101090174155,Minor,E00,1,21,2,72
M024,2024-03-13 22:00:00,73.69972078890387,0.25255324386292055,,31.03205154803988,229.18186233716526,48.582313463906,1705.4754341633313,1092.220326633725,None,E01,1,22,2,72
M023,2024-03-13 23:00:00,62.16366056721259,0.46479573048059186,103.22094943495271,51.43242229471885,223.20211724048247,45.00219613120484,1438.7420071361023,1178.0760869366238,Minor,E01,1,23,2,72
M016,2024-03-14 00:00:00,59.754846896114884,0.501559981633597,104.75350043273825,45.762182121180025,219.73538907992724,38.08171661346933,1441.2593734175207,1908.523877679074,None,E00,1,0,3,73
M010,2024-03-14 01:00:00,73.90974721591869,0.2759262028360552,103.90084578919107,26.801398899149355,204.1570252141121,45.216662602903355,1376.3196281444905,1457.6073959547498,Major,E02,1,1,3,73
M016,2024-03-14 02:00:00,67.14540439683056,0.3679731076026542,93.76956937219367,48.054251987887355,217.61353117466362,56.68949805305903,1664.1509675681323,1080.6071179309763,None,E00,1,2,3,73
M008,2024-03-14 03:00:00,60.064994572216364,,94.57832194123151,37.356085223745524,212.99618215954627,60.085393141561646,1334.3699717997692,1557.545181347837,Minor,E01,0,3,3,73
M009,2024-03-14 04:00:00,75.24365701768245,,97.6912427065116,26.81277549765023,210.2697658962842,43.81474478754135,1355.5039459011407,1543.123153326203,Minor,E00,0,4,3,73
M016,2024-03-14 05:00:00,84.72048462630474,0.4762428529569064,94.34668576762489,40.774603879340376,,36.13010013281359,1461.3806279084472,1303.8869210685389,Minor,E00,1,5,3,73
M015,2024-03-14 06:00:00,80.33736155148037,0.317331801659146,88.21519541891477,60.39502481048236,215.7122649160189,57.4128869876758,1497.4119821413904,1068.572077808443,,E01,1,6,3,73
M015,2024-03-14 07:00:00,70.45609268840596,0.329977377643402,105.40761568759233,,216.23920957884027,50.55438934119108,1579.036230053287,1042.1561525787713,Major,E00,1,7,3,73
M010,2024-03-14 08:00:00,72.05307184018167,0.2840229512940612,102.77126501495201,56.36102522408841,225.91701093276882,39.22362542835617,1418.928575567096,769.9413450188871,None,,0,8,3,73
M011,2024-03-14 09:00:00,77.32623754070347,0.4302332564365404,89.28506738965963,,222.04457712095478,25.113684668602478,,1272.1969218493464,Minor,E02,1,9,3,73
M001,2024-03-14 10:00:00,,0.12157133082331809,98.07266630617971,52.1495664402612,216.03588141506842,42.29271487164609,1419.7454717768069,956.0529509302381,Minor,E02,1,10,3,73
M016,2024-03-14 11:00:00,69.93878568704581,0.31900418749278653,98.52571346197898,46.183734977736016,,46.29643306380768,,1025.312330638789,Minor,E02,1,11,3,73
M015,2024-03-14 12:00:00,72.20506629434745,0.34678797341051787,,31.739390085426376,216.36113143632278,40.78679264903879,1367.5469685245898,1449.6071547328345,Major,E03,1,12,3,73
M024,2024-03-14 13:00:00,73.80368884058721,0.30372458691043597,91.34462041081873,34.133977213770784,218.02044615919195,55.53525093140088,1407.1330502895848,1874.8730055192693,Minor,E00,1,13,3,73
M013,2024-03-14 14:00:00,75.32325792167299,0.4104481855411817,89.16804611204469,37.71382889330755,224.67240147500675,43.49945739363797,1359.7749060369758,1349.6804923776056,,E01,0,14,3,73
M012,2024-03-14 15:00:00,71.2015413479324,0.43414190987793316,104.15779596827129,61.81630891963596,211.65951896298802,50.09921555855076,1590.1085723198871,1157.9414577352297,Minor,E00,1,15,3,73
M002,2024-03-14 16:00:00,71.27948852958754,0.25115723409843393,87.72830390185102,57.920288773445336,231.6675137400448,68.98791431002383,1379.898991696927,1192.4945644772408,Minor,E00,1,16,3,73
M005,2024-03-14 17:00:00,80.27899397852633,0.4965440657639563,98.1386920555627,32.041469240078094,224.6781759290211,,1484.0605332171492,1655.1858854650613,None,E02,0,17,3,73
M009,2024-03-14 18:00:00,79.25712421465732,0.25037188229525387,97.39138251393419,45.64069338499439,198.0965760730083,49.07585295567211,1376.4540789243395,1355.0810390441995,Minor,E01,1,18,3,73
M010,2024-03-14 19:00:00,74.86446344061653,,99.01372545418572,40.16871428696727,220.68279387542833,49.256578240692235,1359.0646708764912,1277.4944186918153,Major,E01,1,19,3,73
M010,2024-03-14 20:00:00,82.31465442013757,0.3604879388974986,102.02174096942281,43.1387935283918,228.32589314700638,55.352115782703876,1632.7843815307372,1305.8281512681392,,E01,1,20,3,73
M010,2024-03-14 21:00:00,69.6813254266415,0.31474092320203295,112.78856494249125,38.567486172573275,223.1096472652864,54.36068033803335,1692.3330694972226,628.5530006921532,None,E00,1,21,3,73
M020,2024-03-14 22:00:00,81.73784069177628,0.32134431492269144,87.2040623952728,,216.7012723222547,,1652.2801450323525,1356.1905640836753,Major,E03,1,22,3,73
M004,2024-03-14 23:00:00,,,107.01265266186199,44.773121557516376,219.5112657628404,46.71077658611865,1323.4396987199596,849.9123529959547,None,E00,0,23,3,73
M009,2024-03-15 00:00:00,91.62615673328753,0.3645892503304647,79.90273675094897,47.59388165521528,221.42655958536815,44.66136843765571,1340.0895267375283,1357.766963685662,None,E00,1,0,4,74
M005,2024-03-15 01:00:00,64.84510843930514,0.2855891954039932,111.14968919053855,47.69109847359988,226.15670603698652,47.738854883794886,1737.4054891102994,905.924146293854,Minor,E00,0,1,4,74
M008,2024-03-15 02:00:00,,0.33362420296251266,83.65704527570274,32.66675790046776,,64.61296801122698,1469.480073594996,1436.4678282516145,Minor,E03,0,2,4,74
M018,2024-03-15 03:00:00,74.51278696920329,,119.49115710427833,46.30264437408633,215.1598531741076,54.93958016956732,1335.0245667193142,1138.7709831783195,Minor,E00,1,3,4,74
M002,2024-03-15 04:00:00,74.38340431787395,0.26494653310482885,96.88185736418276,57.7478018614421,233.10862502453983,49.36189913457295,,741.8555854593528,Major,E00,1,4,4,74
M009,2024-03-15 05:00:00,83.70083390505012,0.29278818082794716,110.32306448618428,62.67229182576847,220.26357778624748,59.95625744531574,1508.0862050626708,,None,E00,0,5,4,74
M001,2024-03-15 06:00:00,67.98975190020279,0.2695017757113192,108.67324818728692,31.226220387366688,232.22321709502464,51.5077701713424,1568.339646679887,2082.3554160017684,Minor,E00,1,6,4,74
M024,2024-03-15 07:00:00,,0.3205891561074637,96.50808726956473,26.776785151335254,243.884744302274,,1231.4531595110614,290.7779334483953,None,E00,1,7,4,74
M019,2024-03-15 08:00:00,,0.38027324338278906,97.1220062544992,45.745614960498266,216.06372154553551,63.31171758488776,1460.847015575543,1266.5366767670525,None,E00,0,8,4,74
M007,2024-03-15 09:00:00,76.22788699332389,0.35844972479245735,93.30272829494179,58.31025090882041,,48.748808483200385,1613.8564096794757,795.7737960963373,None,E00,1,9,4,74
M005,2024-03-15 10:00:00,,0.48820413436624555,106.29896133155431,,217.87575431376052,31.951786048394723,1423.1565482166632,1750.7505896528573,Major,E00,1,10,4,74
M003,2024-03-15 11:00:00,80.44655283152518,0.19526828903960577,96.61225516625225,53.16355291295766,228.79194174118985,37.20299030129961,1648.20004404791,1526.5236997173129,Minor,E00,0,11,4,74
M012,2024-03-15 12:00:00,79.37594958789248,0.3828538676349932,93.44813177559412,28.67701174912173,229.9111669742103,59.02148336999308,1341.98939076041,1274.3639979757077,Minor,,1,12,4,74
M019,2024-03-15 13:00:00,75.59750711874227,0.35044941669670465,104.29820809564922,38.13615018876007,238.17581988125477,37.33280353660726,1486.490368018111,1566.9728955027995,Minor,E00,1,13,4,74
M015,2024-03-15 14:00:00,73.22608612325372,0.40709692396603764,92.822588468754,20.0,219.7055558454698,60.79379637828291,1697.3905779588254,,None,E02,1,14,4,74
M023,2024-03-15 15:00:00,73.35664806026622,0.4001525643017286,97.36814166598398,43.2901434090485,223.9044521244199,,1361.8969185222845,1202.4477514112075,None,E00,1,15,4,74
M009,2024-03-15 16:00:00,71.52758524656373,0.3384505774905376,100.85684691897755,20.0,214.30584279236362,,1532.5772602125724,960.456382844612,Minor,E00,1,16,4,74
M007,2024-03-15 17:00:00,75.84471080551585,0.36208558993997286,94.86056408590986,60.99194042208573,199.94412040497906,,1570.2119717416547,1055.6341658891727,Major,E00,1,17,4,74
M012,2024-03-15 18:00:00,72.18680911766987,,96.06761055264052,63.657857614907215,219.6827784188126,54.18691884737837,1510.9684614843502,1014.3755414046935,Major,E03,1,18,4,74
M006,2024-03-15 19:00:00,66.90885014788415,0.39295759855481177,112.27986560911566,46.68772190474119,210.76996597008232,52.53253762221291,1469.994238213193,1204.1378423066665,None,E03,1,19,4,74
M025,2024-03-15 20:00:00,65.70845013103445,,98.36611839771882,26.849122707864836,225.14685762607735,49.69175884959439,1394.8417943342818,443.1594719044069,Minor,E00,0,20,4,74
M005,2024-03-15 21:00:00,67.48778247808625,0.4043778507054522,97.1229843217311,49.50855184695812,204.94885343568671,41.47649014214681,1523.5855505135971,1611.8657373298531,Minor,E00,0,21,4,74
M012,2024-03-15 22:00:00,73.33279345529671,0.3483778589034723,98.59899889545022,67.3095907015313,214.0853368742597,52.868227005676616,1487.6811808787004,1978.7486726337017,Major,E00,0,22,4,74
M014,2024-03-15 23:00:00,71.83826498138876,0.31590565735182374,,50.70882599624313,222.14143362912367,35.46380721961045,1327.6446123218977,1027.1136501377382,None,E00,0,23,4,74
M002,2024-03-16 00:00:00,73.2920627597325,0.3337226760387291,91.72909053860909,59.21980788589104,222.97889733930498,57.45201057356547,1631.9816943800763,1669.9807819534938,None,E00,0,0,5,75
M012,2024-03-16 01:00:00,75.00487880127666,0.3388562635788133,103.4177232036671,39.17801625964536,219.62048602019146,51.57596030437262,1390.7939219257173,,Critical,E00,1,1,5,75
M012,2024-03-16 02:00:00,68.23607444449873,0.44081126323363506,,34.545479425999396,234.93876134344887,53.71357206468869,1330.7621297392739,959.0788315485368,None,E00,1,2,5,75
M007,2024-03-16 03:00:00,80.79396101007208,0.5763445564273959,85.69075692740707,44.14965589004821,232.55570908647292,29.06474741283871,1428.5181772777041,1047.2863945630065,Critical,E00,1,3,5,75
M004,2024-03-16 04:00:00,70.39373503771516,0.4353909576905267,114.35404482727009,21.87953574071124,214.52538005547262,40.994130366288616,1392.8736597130262,1234.2769933781,Minor,E00,0,4,5,75
M002,2024-03-16 05:00:00,69.39943809131094,0.31042719498771704,111.68650848610565,72.16906273576734,232.8752773422909,45.953870455845355,1469.0110882854199,911.4774896235268,Minor,E00,1,5,5,75
M001,2024-03-16 06:00:00,74.89431742399472,0.3940847276999695,93.5954965380413,46.67580055776592,234.09761159032143,55.389425899444724,1350.905863877955,1442.472922955737,None,E00,1,6,5,75
M013,2024-03-16 07:00:00,60.980938785749565,0.39713304162402385,91.02058769842174,55.40127545240409,,42.45751250504147,1553.7565685124075,992.2880160905554,Major,E02,1,7,5,75
M003,2024-03-16 08:00:00,67.25679330166248,,101.82441197620194,39.46189765924552,220.36322498281726,70.3840300344056,1665.7260929390557,770.709443451569,None,E00,1,8,5,75
M024,2024-03-16 09:00:00,77.886436792151,0.26174404919455224,88.5930936973497,26.482963561700547,219.5942275749872,47.89349899185816,1512.7037909982073,1192.0334407661624,Minor,E00,0,9,5,75
M007,2024-03-16 10:00:00,61.575468425627335,0.3455703349758248,110.91426362961805,62.10977796817051,214.8400048947411,41.87203596027213,1326.685730408242,922.4258580304603,None,E03,1,10,5,75
M017,2024-03-16 11:00:00,78.70544518159893,0.40653953218910044,96.25237011398086,31.510796624680417,215.63465856328423,48.505201032595565,1390.4136389483065,1069.074064209634,None,E00,1,11,5,75
M017,2024-03-16 12:00:00,81.0668193981548,0.23717342126789998,112.97445542647053,49.1860651628309,230.55458057917275,42.392420319413965,1526.5536114604577,1178.2762941002793,Major,,1,12,5,75
M013,2024-03-16 13:00:00,69.7832679730575,0.29953714926419156,93.40477303690986,50.31701773583343,223.4990091452028,40.52526811285714,1263.965558763997,,None,E01,0,13,5,75
M023,2024-03-16 14:00:00,73.75087660455786,0.3900856196293284,99.10238331546624,45.8874156441466,215.56648362350506,58.087837018915245,1352.0661445977416,1783.5461194029278,Minor,E00,1,14,5,75
M003,2024-03-16 15:00:00,78.71452250910616,0.3529206529289406,110.13770085261893,35.58498916581362,212.59203142115638,54.1059248908057,1302.2995405058684,1525.0576849623671,Major,,1,15,5,75
M006,2024-03-16 16:00:00,69.19926487173888,0.4491391534419297,97.41408416288935,43.20441315568523,213.9351168110922,54.12915542563616,1513.8515111572726,,,E02,1,16,5,75
M007,2024-03-16 17:00:00,77.20665312315708,0.2512042782146559,102.17673394540593,33.599390087491436,218.68915822372068,60.21402471666991,1759.4615133923812,,Minor,E01,1,17,5,75
M004,2024-03-16 18:00:00,67.97310722921597,0.5146515453414618,,54.71013231070725,227.30535909845807,53.89337591190149,1348.681458615026,1454.3155716049548,None,E02,1,18,5,75
M008,2024-03-16 19:00:00,69.13438624000092,0.2423405289501294,95.55162039332667,51.85856312997857,213.11935064461017,41.46074343922822,1597.959564942995,1283.4853091531934,Major,E00,0,19,5,75
M008,2024-03-16 20:00:00,67.20398121405016,,89.90608727561848,44.74317080282523,227.21362054509268,55.669148671680205,1432.3348358530616,1951.9406939980188,None,E00,0,20,5,75
M020,2024-03-16 21:00:00,74.05588319516882,0.3458761054351885,88.33031522953938,38.17978233965964,221.5756539865704,40.98705021328747,1341.579259634182,1104.5347550426006,Minor,,1,21,5,75
M008,2024-03-16 22:00:00,78.9478143153933,0.2705878750227793,104.667461995503,70.2878147973842,221.1427355402558,46.17569054156612,,,Major,,1,22,5,75
M022,2024-03-16 23:00:00,70.89532240729702,0.34728710351685843,103.11022709598095,29.375232166159968,228.20636918516738,49.6342550825711,1759.1813221060477,666.145029604768,Major,E01,0,23,5,75
M020,2024-03-17 00:00:00,64.37250504052558,0.34483911847317333,108.49330538464872,26.464642837669892,226.74686974351832,48.82255834528717,1549.4235026751417,,None,E01,1,0,6,76
M023,2024-03-17 01:00:00,65.5037590662791,0.3362958051524798,97.80764224813927,44.01592823246372,208.76385685942753,35.67053479426137,1543.5012766183766,1873.7888182562774,None,E00,1,1,6,76
M003,2024-03-17 02:00:00,74.36759652822325,0.2910312277462254,88.55410193919566,41.90343208114912,211.3278908335325,42.25916362930882,1507.4724714199642,1027.2176048138108,Major,E03,1,2,6,76
M025,2024-03-17 03:00:00,83.06469848036562,0.38028593068057837,81.17798154974739,58.170989457052585,218.16386801059684,49.819930777495536,1482.2104284163229,733.0209517131578,Major,E00,0,3,6,76
M016,2024-03-17 04:00:00,74.36234999588639,0.3277864019662981,122.94370027481361,52.753397459360066,222.84778258424947,,1540.8094472354446,1180.9102188967775,,E04,0,4,6,76
M025,2024-03-17 05:00:00,69.67862069609248,0.42725654095283344,104.21538414830002,45.35430704378447,230.9166052417866,59.0100627870081,1581.1342101258017,1705.5906963358316,None,E00,1,5,6,76
M009,2024-03-17 06:00:00,,0.3373739423230185,101.09433404865835,51.00405339383368,220.52054020689923,60.37988613156934,1699.6008760379427,894.5901239679552,Minor,E01,1,6,6,76
M024,2024-03-17 07:00:00,70.56300818647952,0.2824746803993387,102.22911808251052,50.7859889789959,233.62957038979872,41.03691213756778,1437.2720049779523,1183.3178128056948,Critical,E01,1,7,6,76
M015,2024-03-17 08:00:00,69.73028869581476,0.231860261370963,88.5492884141405,70.24268064218342,,50.47803797664008,1515.2863861336693,458.2043233865175,None,E01,0,8,6,76
M002,2024-03-17 09:00:00,66.24924536582841,0.337952339798614,93.64102407229562,48.04036068594522,215.69937076576448,,1489.3857412923155,1012.4641937821411,Major,E02,1,9,6,76
M011,2024-03-17 10:00:00,80.45069306547813,0.26115568000461636,113.94664102392994,36.82707440784607,217.55453996378432,48.926256758269304,1622.8874405854642,1598.8797877260945,Minor,E01,1,10,6,76
M004,2024-03-17 11:00:00,56.764752495026016,0.2555026702196655,105.26677828681775,47.38201319793853,213.46217979493582,46.74416419744225,1788.0096910017141,886.2630711283601,Major,E01,1,11,6,76
M024,2024-03-17 12:00:00,76.78715520167562,0.38692201164028905,93.8912187389765,,229.27523585558433,56.88176768224174,1627.0277340349944,691.2377767399748,None,E02,1,12,6,76
M008,2024-03-17 13:00:00,69.21753037321479,0.22556309571856253,,44.60822950295565,197.84135270659232,47.80638561424816,1595.7892692670669,889.5546511007713,None,E00,0,13,6,76
M006,2024-03-17 14:00:00,69.53795561129033,0.44885353648330384,95.87444712844346,58.11578965327186,215.971448548931,60.16696146527633,1608.9449288163114,956.1275400672904,None,E00,1,14,6,76
M014,2024-03-17 15:00:00,82.15389093670687,0.3611801469076878,97.47655482221697,52.22620942644506,229.185658241588,45.24202777277965,1652.0907233950368,1505.885541914803,Major,E01,1,15,6,76
M011,2024-03-17 16:00:00,67.7152134467997,0.3469310158282527,116.39316828677363,48.582672523748094,217.50145215144641,46.20329652686408,1789.7336734893647,1351.910965155879,Minor,E00,1,16,6,76
M003,2024-03-17 17:00:00,67.91958507582954,0.27756638416145896,98.49386099227236,52.79086986684593,228.5830917625,56.3212517367656,1297.7537701900178,1429.1763903358292,Minor,E00,0,17,6,76
M021,2024-03-17 18:00:00,71.21763456648281,0.40350606074400563,90.4835857269359,58.239078538532596,237.58147315996916,50.804349787855834,1571.9513928051824,1211.372844556777,Critical,E00,1,18,6,76
M022,2024-03-17 19:00:00,74.48308431487342,0.3497966546481823,99.53118109111932,,220.64307717628606,50.86724845695652,1190.2548426287344,952.0554188401754,None,E00,0,19,6,76
M019,2024-03-17 20:00:00,,0.3019732350081438,102.11470774702401,50.369470803473504,,34.72534817930006,1614.162420361975,889.4538569223686,Major,E01,0,20,6,76
M016,2024-03-17 21:00:00,62.55684641678469,0.3639877287656112,89.75562737930103,41.206662785847705,239.35310018953015,47.17269337954818,1566.1245545222353,1372.9311164314659,None,E01,1,21,6,76
M011,2024-03-17 22:00:00,66.80581091470941,0.23220501811924335,103.21732427562091,20.0,223.21672565768375,56.91229964925374,1434.3807634975085,1835.6011458562834,None,E00,1,22,6,76
M014,2024-03-17 23:00:00,79.68800313878711,0.23552710079156025,109.67132761817255,56.73808112409275,219.61549450089356,43.73032014292782,1179.5963212186703,823.705968622691,Minor,E00,1,23,6,76
M014,2024-03-18 00:00:00,72.44866073481307,0.2715869740289245,101.10937026600611,51.18243016324684,227.2197225394005,55.605344525118454,1498.272627491957,792.8066839429129,Critical,E00,1,0,0,77
M005,2024-03-18 01:00:00,74.70652370222294,0.37446690873267996,93.62347878520256,46.83191385018961,229.47373402697826,52.14391857585944,1526.741070331644,745.6689226724271,Major,,1,1,0,77
M003,2024-03-18 02:00:00,70.43147275696178,0.3497719174735708,95.7690364994388,36.74338205766915,219.68947764901088,48.402279139883504,1492.427058893812,1532.6111959515017,None,E01,1,2,0,77
M007,2024-03-18 03:00:00,68.04301382296038,0.42342854858890266,86.7293121867051,56.58182404008667,,60.862037303485366,1425.4286431139087,1183.1427964033437,Critical,E00,1,3,0,77
M012,2024-03-18 04:00:00,,0.2856007103481996,98.92931812717971,41.91316289006242,233.73916254637066,47.281247794027394,1392.385378807071,1422.1587346570404,Major,E00,0,4,0,77
M005,2024-03-18 05:00:00,70.87084885769352,,,44.58693466744819,217.83508433822303,47.83882372365424,1493.7857504300434,996.8127767563659,Major,E02,0,5,0,77
M003,2024-03-18 06:00:00,69.33978072283723,0.3420290613323303,92.82693932107617,44.32813692998108,229.54983016385808,48.31090892520462,1403.774812100398,1447.2943403393922,Minor,,1,6,0,77
M022,2024-03-18 07:00:00,78.57685419813204,0.283986836368135,115.51760120822102,50.39822061798598,222.10293818562272,,,1084.945863286953,None,E00,1,7,0,77
M010,2024-03-18 08:00:00,,0.3769715369499043,106.33823596360918,31.216415867638457,234.615721261268,56.13566054971821,1490.5556715272528,582.0297783527745,None,E01,0,8,0,77
M015,2024-03-18 09:00:00,68.43163593735602,0.3453791699228337,85.65778128841247,51.75062234288816,213.20763261875652,38.219558445551684,1293.0400884689166,1569.1592949664155,Minor,E00,1,9,0,77
M014,2024-03-18 10:00:00,72.06148010410139,0.30596165640982204,85.82189953193954,,213.19215678373916,56.944362146170334,1521.2039359986616,1185.5098935157241,None,E03,1,10,0,77
M019,2024-03-18 11:00:00,72.00162062452908,0.3529399361000864,92.12780957836945,36.770355517210135,226.83589121464001,50.544784541630634,1549.7029756592835,1075.8804182235067,Minor,E02,1,11,0,77
M019,2024-03-18 12:00:00,73.55766808741929,0.3409328729843825,112.58548325407418,55.62288057069299,210.95728554738156,54.432276638410684,,1312.5163125221334,Minor,E00,1,12,0,77
M008,2024-03-18 13:00:00,84.55001453637293,0.3392418352037748,107.1273736844189,33.05965846685315,220.93302769991672,69.13480333274286,1611.376687738995,,Minor,E01,0,13,0,77
M022,2024-03-18 14:00:00,74.01748947811423,0.321118479506244,112.9896975644663,55.60130881212559,232.387273863679,45.90671679076676,1392.157093326029,1372.2892408148493,Major,E02,1,14,0,77
M010,2024-03-18 15:00:00,57.7316762234952,0.2586536022774453,100.08167429250204,46.21640069650686,205.72134288853118,40.20263542995595,1671.0991753575665,961.6757515880164,Minor,E00,1,15,0,77
M021,2024-03-18 16:00:00,73.95779366058936,0.35523357911264103,98.32408537630178,25.220679013559135,223.21711422886858,51.55039222793424,1333.6761389057763,1137.5579376903895,Minor,E02,1,16,0,77
M011,2024-03-18 17:00:00,72.22727996693759,0.29380999383950096,90.01992411151501,61.373710219757996,229.69396311459417,52.81733469110782,1503.380032829997,1655.717493547124,None,E00,0,17,0,77
M003,2024-03-18 18:00:00,72.26070014610875,0.2785769792649152,102.79747139933437,48.723044727161934,219.79273867957212,56.97287463513807,1590.4881719026212,1456.8778585261682,,E00,0,18,0,77
M020,2024-03-18 19:00:00,73.47568385637702,0.33315101091281746,98.43065466466383,49.72951039067844,,45.692986048142195,1675.0434552525992,1129.4473559157655,None,E04,1,19,0,77
M001,2024-03-18 20:00:00,71.82793027395121,0.40138185809205246,98.1226224761451,57.08690772701711,217.89913593524793,43.35914503157943,1726.668122019253,1159.5665362458358,None,E01,0,20,0,77
M020,2024-03-18 21:00:00,71.68432744166766,0.36299294553836864,112.9444067284227,62.99064893473558,213.29184170820753,37.736233175021724,1652.9668557616185,175.7722025458275,Minor,E00,1,21,0,77
M002,2024-03-18 22:00:00,75.67826525862472,0.3128200454149688,98.98923517708351,47.412322754593525,220.55326580013153,39.0600517689767,1483.6062470186946,871.2432520815304,Minor,E00,1,22,0,77
M006,2024-03-18 23:00:00,,0.31000577594924994,110.64785155238148,52.40744786995282,217.78635551718196,46.67230222961428,1569.5606270603244,1266.8508686943087,Critical,E01,0,23,0,77
M016,2024-03-19 00:00:00,66.31388198616494,0.3945069283532137,87.2954027108591,49.45423116740911,,49.067320512647065,1526.9284810686604,894.3339936727461,None,E01,1,0,1,78
M024,2024-03-19 01:00:00,90.14268871573435,0.18222849613869316,121.50489786290338,40.88558751957984,223.72917915969353,66.52107333117473,1414.8678139438089,669.4269616970057,None,E00,0,1,1,78
M011,2024-03-19 02:00:00,67.7048553373126,0.4058155492439636,97.01383630595704,25.998764365258268,232.63292497697108,36.45933347425459,1486.124972083625,1392.0598878872395,Major,E01,1,2,1,78
M004,2024-03-19 03:00:00,72.60085747476046,0.21881889575487623,105.65747218619221,47.5790647092505,222.62256703075602,52.68321061746428,1715.7384559368695,1722.5777780022133,None,E02,0,3,1,78
M006,2024-03-19 04:00:00,,0.25092144641739134,,,230.7493245635501,44.19251317357667,1577.539390832715,911.441054566504,Minor,E02,0,4,1,78
M023,2024-03-19 05:00:00,72.69881049030853,0.31400139181157416,,51.99999556029188,,,1747.1241105045876,1550.0041119560528,Major,E00,1,5,1,78
M019,2024-03-19 06:00:00,66.40064669586398,0.5019086900051591,106.55224072047243,32.1909217082827,215.3068775814545,45.574113014587404,1370.100170728963,1489.9222936229125,Minor,E04,1,6,1,78
M003,2024-03-19 07:00:00,69.34516234289994,0.46741935520099864,,58.170258067738864,,,1454.2130941095356,809.272773671802,None,E00,1,7,1,78
M010,2024-03-19 08:00:00,78.27038799462674,0.3994541429057995,94.29484399163385,41.28636177772392,216.600418846811,58.233523154444676,1549.8310195093622,908.9250991611899,None,E02,1,8,1,78
M007,2024-03-19 09:00:00,,0.37495796648068147,94.38959820654486,20.0,208.14268927059123,49.095191710481934,,1921.2410686869232,,E00,1,9,1,78
M005,2024-03-19 10:00:00,75.41045714744891,0.21964061223912673,100.36245458787793,57.21484578219025,222.84608694975083,61.51289557749571,1485.9859097133142,753.1909168783594,Major,E03,1,10,1,78
M022,2024-03-19 11:00:00,61.372770969648826,0.3609730714016489,99.07604841851732,,211.5828030556123,56.08086936308209,1596.060102413857,,Major,E02,1,11,1,78
M016,2024-03-19 12:00:00,83.02137101897408,0.31155449370080196,111.14504076679628,66.36874047741492,223.874426204791,61.140471708309164,1595.1549678097726,1986.29956849997,None,E02,1,12,1,78
M005,2024-03-19 13:00:00,64.84871213434874,0.29283314664640947,105.62134547956063,58.773280807169016,207.55297533487024,49.65490229609627,1333.449251350776,972.4522817514452,Minor,E00,1,13,1,78
M017,2024-03-19 14:00:00,81.17136488576318,0.36083621629822615,99.43661144429527,42.26640871604208,221.36794399582084,57.61438998547799,1590.4129889987842,1741.1963627760917,Major,E02,0,14,1,78
M011,2024-03-19 15:00:00,78.12926319588891,0.31702229933873105,104.8486236696614,50.512318149053556,207.43413596581655,43.853895304112136,1628.7917253650492,791.1933724849974,None,E00,1,15,1,78
M002,2024-03-19 16:00:00,75.46399645070808,0.4108509682178195,83.62677537762647,74.08702278786124,225.39091813097542,43.0427277244649,1535.5386075971433,,Critical,E00,1,16,1,78
M012,2024-03-19 17:00:00,66.87009131454971,0.21448316626711325,95.07751221094607,57.00008445404382,216.8529594112842,67.4386051213166,1279.2046432366665,,Critical,E03,1,17,1,78
M005,2024-03-19 18:00:00,72.90953906891714,0.35525079956421873,102.3025680665511,,216.08165513971588,41.31302489293146,1466.779645107988,1013.0136614924677,None,E01,0,18,1,78
M007,2024-03-19 19:00:00,69.17447153613084,,108.9229240151396,79.66984793047524,229.01203880994345,46.51115493847685,1552.5528281172205,1239.8945250275121,None,E01,1,19,1,78
M022,2024-03-19 20:00:00,72.17423742903175,0.32132549197590143,,46.41097213147786,217.4274386542912,34.815945368676196,1396.1154444079507,1497.7745128046113,None,E00,0,20,1,78
M018,2024-03-19 21:00:00,70.50076644548665,,111.66591199982125,51.981777826546036,220.88682081658504,43.23309502838766,1610.1969421325348,839.2027412778077,Minor,E00,0,21,1,78
M004,2024-03-19 22:00:00,59.76833696056555,0.27178844961729526,106.9435188642021,33.76544173128889,218.41107034424863,42.04611548688748,1587.5508282176365,,Minor,E00,1,22,1,78
M022,2024-03-19 23:00:00,78.73070490590753,0.3614962497518725,96.09336460742925,24.903373612861326,224.05913935474516,44.637674351770634,1516.1384012260316,1615.089768307189,Minor,E00,1,23,1,78
M015,2024-03-20 00:00:00,71.51335706070384,0.33513632563535145,98.87975483236984,41.54637249661975,228.34355937810076,,1502.0928161969816,1057.0870948544332,,E03,1,0,2,79
M022,2024-03-20 01:00:00,69.09119760298658,0.3037589194376178,103.26737348990858,45.46089701242222,,54.328283058143455,1523.1463649212026,1106.0708693838449,None,E01,0,1,2,79
M019,2024-03-20 02:00:00,,0.3170599259792356,96.41091557714908,48.9511630129183,216.26665144354322,41.945523797873584,1499.5128596747363,1964.6882974324942,None,E00,0,2,2,79
M009,2024-03-20 03:00:00,74.15075745820062,0.33918136761691514,112.25032142333275,27.962747438709034,229.67237574884658,43.68266762163403,1345.7415023118424,1058.0741734046048,Minor,E00,1,3,2,79
M014,2024-03-20 04:00:00,66.63746197023316,0.29625144412057514,91.13019092566168,52.92809186541537,212.66918909503826,58.66808183551018,1448.3871703106113,1011.136603011751,Minor,E00,1,4,2,79
M014,2024-03-20 05:00:00,58.46894664915574,0.3504966132727928,102.52885160339508,35.03537371147588,214.06014469297594,63.64234455021194,1508.69706810351,1658.4661597704505,Critical,E00,0,5,2,79
M018,2024-03-20 06:00:00,74.44277881924965,0.3305276364833747,105.88357450884045,52.30481231273298,218.97759411350322,60.04733486864302,1670.232339534352,639.7769220442527,None,E02,1,6,2,79
M007,2024-03-20 07:00:00,75.11461798774093,,97.49242408431118,56.21911779412381,228.3744036176703,36.8293510446867,1583.0452737009791,1168.6671324504928,Major,,0,7,2,79
M009,2024-03-20 08:00:00,70.8022090519342,0.4612889563732088,95.68960533880602,40.25389091936845,210.63878864445115,59.51525713912012,1676.6781565463732,1233.663696549179,None,E00,0,8,2,79
M007,2024-03-20 09:00:00,65.11258274885995,,99.39134962840001,33.43417281278881,227.13187315310924,64.8295108521147,1331.4053886232236,,Major,E00,1,9,2,79
M008,2024-03-20 10:00:00,72.53361324533572,0.3232101437163932,106.49598810228139,63.523791808603534,219.5620232414562,36.43240570073079,1457.258728377531,573.7603794826817,None,E01,0,10,2,79
M005,2024-03-20 11:00:00,63.212805790118466,0.36021023015772957,96.00121601977717,55.47494513159035,216.53013181131092,58.66160445469683,1748.8629747078678,1227.6401775058087,None,E00,1,11,2,79
M001,2024-03-20 12:00:00,65.83661641987405,0.2781225904258544,91.44863050472566,46.82371600616889,228.78245093078343,51.80173292055637,1410.8438162118136,1475.272293874467,,E00,0,12,2,79
M024,2024-03-20 13:00:00,,0.31942598752549917,109.20467821594421,62.62113316415824,213.57863337049642,47.38289832321736,1408.4486754101003,928.3778075502845,Major,E03,1,13,2,79
M002,2024-03-20 14:00:00,77.06363442534933,0.32759457846932266,103.1943717834847,45.999140687706166,238.28540922999943,50.84946278199356,1467.389439849838,728.0770942850372,None,E01,1,14,2,79
M023,2024-03-20 15:00:00,69.8243342973785,0.2627244263063082,108.06285944391614,37.55391347766419,218.58686569166173,53.54608455683135,1742.1734092317613,1702.4325323796702,None,E00,0,15,2,79
M001,2024-03-20 16:00:00,69.31280152934124,0.37711478335960924,106.07465385013953,32.97957522752688,221.19873363384832,,1419.4170977765941,1411.2511482305795,Minor,E02,1,16,2,79
M020,2024-03-20 17:00:00,83.72815509246747,0.3146071108171022,117.43911446625572,43.706410375756285,232.34324012862874,58.84811623563669,1566.8981375288847,1055.27882543039,Minor,E00,1,17,2,79
M009,2024-03-20 18:00:00,74.11477498313228,,108.91977628485236,54.26064573577912,221.4074374286425,37.944581448774585,1547.0440860330832,,None,E02,1,18,2,79
M013,2024-03-20 19:00:00,74.03396706284896,0.3101896098613651,94.20736350500144,61.67711058129382,,44.81062198260255,1268.5813412951002,1296.695880457506,None,E00,1,19,2,79
M008,2024-03-20 20:00:00,69.78179552874735,0.557136341345017,103.76214373785267,45.2821225924137,204.37473226024818,50.74852416726573,1498.1187242154042,1915.6859802207593,Major,E00,0,20,2,79
M013,2024-03-20 21:00:00,68.42176999417933,0.3036169394878191,95.54009023165163,59.55749913522813,216.4592236786323,62.577749895395755,1433.6489768343008,1465.667776253129,None,E00,0,21,2,79
M012,2024-03-20 22:00:00,58.8815613598971,0.20519261322799204,96.36699068929732,42.42876682197563,223.17387022738075,28.18006782457543,1581.3566415955268,644.0538084171355,,E00,0,22,2,79
M014,2024-03-20 23:00:00,77.81244319154135,,88.69999679507761,35.62082377612975,228.65135438098727,45.11331675020963,1708.6884286432785,936.5043140628123,None,E00,0,23,2,79
M010,2024-03-21 00:00:00,74.68985823453828,0.4031511835886804,97.7110945450677,29.324241194395338,226.1575724660873,37.77687461130316,1458.6541995366008,955.6378807976167,Minor,E00,0,0,3,80
M014,2024-03-21 01:00:00,70.92500404071951,0.44355168841781906,104.3602743082776,,225.40825686346312,39.04497953522482,1458.6491176007723,1323.8240161340723,Critical,E00,1,1,3,80
M021,2024-03-21 02:00:00,,0.3022741966039002,99.47182635893007,29.776110870604143,228.48846273883623,57.88588076354202,1802.139388389877,,Major,E00,0,2,3,80
M011,2024-03-21 03:00:00,76.41686557356633,0.43952647687448243,91.20505277401047,69.1141395742824,223.8001572272634,45.74491525645636,1414.6150184227429,749.0851940308786,Major,E00,1,3,3,80
M010,2024-03-21 04:00:00,62.67173956152088,0.40191129998897807,87.81584534025347,50.27155711571215,202.854527785681,31.330416202492273,1338.839801959869,1435.6559670935903,Minor,E00,1,4,3,80
M004,2024-03-21 05:00:00,68.46071201067717,0.33673639083097373,116.89476748384453,43.85262181002826,231.53762602010949,48.7324875981378,1665.3086291627862,1600.0468789209003,None,E01,1,5,3,80
M009,2024-03-21 06:00:00,65.18218282264482,0.3317687601360625,102.601286024332,65.66402114814689,213.2986800076512,66.28687590768554,1493.9239753055692,1158.906221989817,Critical,E02,1,6,3,80
M004,2024-03-21 07:00:00,82.62905569492048,0.3626609158490957,93.40744664320091,29.37279157234194,222.50900005891333,35.54647042540958,1533.9983326813865,1283.7833595596871,None,E04,1,7,3,80
M005,2024-03-21 08:00:00,77.2539331911198,0.41142190755075486,103.69426767762302,43.35428596925107,221.4480380893376,54.26349900377176,1767.780731326944,812.9773260948838,Major,E00,1,8,3,80
M024,2024-03-21 09:00:00,58.783844153187815,0.3778106195916515,117.51348862244869,,220.3786209525588,,1331.6425131399544,990.9850437426118,None,E00,0,9,3,80
M003,2024-03-21 10:00:00,62.917430240160144,,104.96369887716716,43.27151391930399,211.1516745249197,49.60461856258104,1476.5445038977173,,Minor,,0,10,3,80
M013,2024-03-21 11:00:00,71.20592595985508,0.33780550670815823,77.70345704777174,74.36176534085433,204.49045388932166,65.42400255785697,1351.6477388528729,1423.4346007082377,Critical,E01,1,11,3,80
M021,2024-03-21 12:00:00,69.16535872756545,0.48868844183053467,121.21833350389554,54.42725807329846,,44.72151344830815,,,Major,E00,1,12,3,80
M024,2024-03-21 13:00:00,64.05370675153867,0.3675849658107334,85.20602815767698,60.67111090358679,226.6099074979547,61.56752030623786,1433.6395606138103,1068.1230999742656,Major,E02,0,13,3,80
M004,2024-03-21 14:00:00,83.66857342590293,0.41085277988178304,98.35190443698534,61.01873788145845,208.4270250994866,59.679497772286226,1359.2474894502714,1052.2470632402594,Major,E03,1,14,3,80
M005,2024-03-21 15:00:00,73.87523948389547,0.38779194910744624,90.9327655997372,45.01922952297645,212.95775223993596,49.73973856995293,1587.8732946381506,412.8727066319106,Minor,E00,1,15,3,80
M010,2024-03-21 16:00:00,74.84889793717855,0.36913504207983916,94.0799831202143,39.14146002485308,223.34437323039654,38.10236675670013,1501.2394939659082,1842.349753657947,None,E00,0,16,3,80
M014,2024-03-21 17:00:00,67.84791030460671,0.3576089230010548,102.2752774798611,43.61471616143504,211.7806026010584,41.98616060058505,1349.8041829792946,365.82164976003105,Minor,E00,1,17,3,80
M024,2024-03-21 18:00:00,,0.41281734377274854,83.43181192961113,33.15680996023648,,31.24650329826252,1357.1564403711106,1368.7521931722224,None,E01,0,18,3,80
M006,2024-03-21 19:00:00,69.71740343410794,0.4003049564717478,99.27803531608329,44.20844540124247,220.65457212856074,,1524.9369838002892,1215.0838825236156,,E02,1,19,3,80
M005,2024-03-21 20:00:00,,0.3684725434608084,109.17873938193088,44.94712740906047,222.26114191304126,53.79440407340307,1299.507140218645,1093.7270783894191,None,E00,1,20,3,80
M007,2024-03-21 21:00:00,75.66601175895156,0.3014366232116478,93.25407740329959,65.27081994383045,211.6221924145722,50.63373961562976,1527.2981122046333,1196.7229366106824,Major,E00,0,21,3,80
M022,2024-03-21 22:00:00,62.2260146096382,0.376989116388393,88.87771952046276,52.11930852872973,221.12754333264942,49.01828922751094,1660.7468220845146,934.8067797909333,Major,E01,1,22,3,80
M001,2024-03-21 23:00:00,81.5821671591059,0.34530944444723416,98.88555918275406,73.35141069344247,223.19083802290962,60.8607339742923,1580.0472353904318,1461.1261529210103,,E00,1,23,3,80
M010,2024-03-22 00:00:00,,0.3284220862058447,,20.0,209.81439580774358,52.382385343543476,1425.200988243288,674.5728274316328,Minor,E01,1,0,4,81
M003,2024-03-22 01:00:00,,0.5375143182476247,,30.39547559964069,221.71874380844662,45.56283874236351,1532.9208325905097,1331.1258565155345,Major,E00,1,1,4,81
M004,2024-03-22 02:00:00,,0.24226640846045203,,,214.26733416204266,51.17782606970764,1349.8108572971846,928.8946139688502,Major,E00,1,2,4,81
M023,2024-03-22 03:00:00,66.46100925583085,0.41709590013402376,104.15347664948898,62.90993356817046,220.9913214454886,66.38004088078915,1516.354062484262,1029.2288024151223,None,E00,0,3,4,81
M001,2024-03-22 04:00:00,65.02859867040112,0.2896130339022318,104.76210809153385,43.685073596599835,225.78463202405715,54.97733511873278,1460.7780570798625,1040.0372706102048,Minor,E02,1,4,4,81
M009,2024-03-22 05:00:00,73.50178603598903,0.3591836842540377,91.4748261243481,27.386077972184985,218.5899278350613,46.88065428507317,1375.277830875966,1133.8577745685466,None,E00,1,5,4,81
M023,2024-03-22 06:00:00,72.39589981150948,,92.58197084316993,42.058506766212446,227.30732332783245,,1574.8460043153382,1400.8613410941855,Major,E00,1,6,4,81
M016,2024-03-22 07:00:00,69.21352908461292,0.2826341703623156,101.0919359520458,30.62882090694103,226.3265118739228,53.70702987300547,1262.7031282849925,1185.6818078934944,Major,E00,0,7,4,81
M002,2024-03-22 08:00:00,65.91558484268832,0.2993289141620915,92.28022673529867,28.276490782202334,227.26264076207596,46.63131171016385,1357.7024672252755,1573.1917865498528,None,E02,1,8,4,81
M012,2024-03-22 09:00:00,64.40042238161494,0.348774038399388,101.4292958615743,,223.22487951881067,45.92364372168768,,1617.9586633639099,None,E00,0,9,4,81
M025,2024-03-22 10:00:00,,0.2906948129658046,111.7443722289285,40.78069359983218,228.80613512351525,49.9094242362396,1439.4230932218823,1323.507159915826,None,E02,0,10,4,81
M011,2024-03-22 11:00:00,69.2064793224684,,99.5214185501735,47.077834353630166,223.08076242824197,,,1473.036088743848,None,E03,1,11,4,81
M014,2024-03-22 12:00:00,67.88635804585043,0.3125829394755693,90.29106906048607,43.88452383398296,206.66191706925366,,1590.5111843607192,,None,E00,1,12,4,81
M014,2024-03-22 13:00:00,81.28253691678965,,103.13682797857399,41.98205250469862,213.66343474592205,,1512.6374475445216,634.6684035317693,Major,E03,1,13,4,81
M017,2024-03-22 14:00:00,71.5060459308436,0.2569567607739951,98.57876216384307,34.9120676125484,218.30994346719237,56.95210341825078,1506.9796897573449,1630.4545825988373,Minor,E00,1,14,4,81
M005,2024-03-22 15:00:00,79.62025760356156,0.22352179484920418,98.7987437000695,41.27238474994024,219.3022156049369,50.06858729472283,1498.5891674889053,1817.938480641217,Minor,E01,0,15,4,81
M021,2024-03-22 16:00:00,68.80048690390382,0.33397105147328654,103.8025829830303,49.04682574228976,222.86191007396692,52.756706781248994,1664.6189939950143,1373.4683450345178,Major,E00,0,16,4,81
M025,2024-03-22 17:00:00,73.46865770279194,0.2402044513373683,105.52829922222661,62.02362374476744,213.54438499871978,52.02899057161872,1282.1173806486386,1961.6183213186857,Major,E01,1,17,4,81
M004,2024-03-22 18:00:00,71.66714390246199,0.4562788238935815,100.28401732378643,56.36922763864889,236.06966963639536,33.117944196231946,1592.5869645945213,1909.5021953267235,None,,1,18,4,81
M021,2024-03-22 19:00:00,61.81426614289126,0.24291375566535012,99.51455746632573,30.371197230539,219.18033352417348,,1439.0167002139356,1065.1863723700415,Major,E00,1,19,4,81
M021,2024-03-22 20:00:00,80.57002983758348,0.27736193186305114,116.50833192378713,56.86238901883926,219.9384976315373,51.8129713664674,1560.35883819557,1095.8229609491332,Minor,E00,1,20,4,81
M019,2024-03-22 21:00:00,71.1890783578055,0.3789533919832227,109.60443199125838,50.70525613832842,214.63400714292501,43.17710985730412,1560.9331155580885,1412.2429047585192,None,E00,1,21,4,81
M010,2024-03-22 22:00:00,76.47850931779776,0.30895452349565955,106.66836894452135,37.503347992638055,211.9729859185605,36.885899281805024,,950.3542846328172,None,E00,1,22,4,81
M012,2024-03-22 23:00:00,67.48782766523064,0.2437128421092677,,47.185165154238824,218.98957463544937,43.42392542266031,1690.0376997731305,2284.4883355752177,Major,E01,1,23,4,81
M021,2024-03-23 00:00:00,71.01093371052141,0.4927974912050372,91.95405411284021,51.867446203798785,220.2204057935159,57.397140229556754,1335.4757470696095,1515.534133059971,None,E01,1,0,5,82
M004,2024-03-23 01:00:00,66.79888584045987,0.2798856337788298,109.01909108747195,45.56463537387451,219.3047672280372,52.86260549458954,1620.6533641930478,1218.6152310734267,None,E00,1,1,5,82
M021,2024-03-23 02:00:00,79.41599089658035,0.3362619534752415,101.15435317374417,50.76292000988065,233.24124754429963,,,635.9194164453728,Minor,E00,1,2,5,82
M024,2024-03-23 03:00:00,73.86845608470405,0.33535652359257784,95.38264788941493,34.644587796914394,218.98952518897735,53.62476446159171,1444.6972848028195,1300.7674759142744,Critical,E04,1,3,5,82
M018,2024-03-23 04:00:00,74.20232116008533,0.3997216406376604,,68.91398453095816,,42.64934411681218,1744.0514545245246,725.7401947290904,Major,E00,0,4,5,82
M009,2024-03-23 05:00:00,80.14910488262987,0.3823646722469741,92.27053947009482,21.848583252261296,226.5223638278203,56.21235873552901,1584.2293487340855,1503.966946423158,Major,E01,1,5,5,82
M014,2024-03-23 06:00:00,78.93804778139413,0.2921239273588296,108.45863234388689,51.934214679937696,218.6314733685664,54.68591732257371,1449.9354526485733,199.12146010898084,None,,0,6,5,82
M002,2024-03-23 07:00:00,76.59205521681771,0.3271920947789685,105.46429666497428,49.401161556123874,224.31471254984694,,1614.8774791735557,1753.4899073729737,Major,E01,1,7,5,82
M024,2024-03-23 08:00:00,63.46963591777522,0.33411542965207286,101.4530596922268,52.715320721420575,209.7676420932531,50.47072150862901,,1030.342005765941,Minor,E02,1,8,5,82
M009,2024-03-23 09:00:00,,0.40242716487389935,99.65771541099784,,209.83084383120544,56.33972685347618,1448.0538179290827,523.3116127010126,Critical,E00,0,9,5,82
M002,2024-03-23 10:00:00,65.97667118393188,0.26821746595989787,94.55464898200125,59.03036433999667,220.97646851564468,44.00440547430702,1427.2695468219217,1193.443864161997,Minor,E00,0,10,5,82
M020,2024-03-23 11:00:00,76.3652021617548,0.4912677389729047,82.95941884993184,43.704231819860254,218.1470593154252,58.7030637198566,1536.5475810948346,1206.7291799832533,Minor,E00,1,11,5,82
M017,2024-03-23 12:00:00,73.02391165050031,0.29685716287783886,88.69658482671946,30.765420731160784,213.52780174749557,54.52075171718701,1426.335361746086,1174.2729117221072,Critical,E00,1,12,5,82
M016,2024-03-23 13:00:00,63.65692539821643,0.34938754222703844,94.05883728384568,31.862275340688523,220.97481387219986,50.01806317364479,1518.651466966014,1751.890711744101,Critical,E01,0,13,5,82
M002,2024-03-23 14:00:00,70.86753472193263,0.2688007392214731,92.85626894388918,46.496460826051056,221.67280075339983,62.24989123648904,1606.441905294484,,None,E01,0,14,5,82
M019,2024-03-23 15:00:00,63.03532598568733,0.2591288691851568,102.31488499692853,25.841741718462107,214.32082498262787,39.64534745346389,1513.2613341324877,1518.4353924828977,None,E01,1,15,5,82
M016,2024-03-23 16:00:00,,0.2887900113645663,106.49194993578656,66.60607180130906,215.8496334047659,46.318521821052826,1737.180127098316,1100.509770429768,Minor,E00,1,16,5,82
M020,2024-03-23 17:00:00,62.067764976076894,0.28206337476350213,,57.587055366511635,221.73293239554312,44.541993608520585,1501.5847477729556,1370.7995945191287,None,E00,0,17,5,82
M021,2024-03-23 18:00:00,75.17296496030768,0.3210020083091618,111.27133548097147,66.92213185021197,211.83137238944298,52.864728371261315,1661.8846297628838,,,E00,0,18,5,82
M006,2024-03-23 19:00:00,74.26777575620444,0.28147244798653814,93.73681824330696,65.65708186930681,215.16773706046655,,1617.1554500983082,1303.2411339766354,None,E00,1,19,5,82
M006,2024-03-23 20:00:00,83.44769096008129,0.39868866949059467,98.91570298601377,40.777122422380884,224.27148112446932,42.13582448778455,,896.7164944019693,Minor,E00,1,20,5,82
M024,2024-03-23 21:00:00,77.08723973698406,0.29519112732771374,99.59210256577923,34.56804644819788,219.80931176006123,76.44398453790127,1736.6524894566123,1727.8546243943456,Minor,E00,1,21,5,82
M014,2024-03-23 22:00:00,69.46251446506498,0.2874329154583659,108.73749063067535,20.0,216.18237724835296,44.697949626492345,1288.6395597664086,1230.2020688812893,None,E03,1,22,5,82
M011,2024-03-23 23:00:00,76.90842055964691,0.32249217951179115,,,212.77544544814356,52.88546778193294,1531.8197154620016,1465.1473438675334,Minor,E00,0,23,5,82
M008,2024-03-24 00:00:00,63.614016714328926,0.4194987215087406,101.06855131646503,66.18783427003143,,50.021490420074024,1486.5757608482063,1304.9290310851957,None,E00,0,0,6,83
M016,2024-03-24 01:00:00,,0.36504133215272794,86.76125507993663,35.06579211003355,218.94595614823626,50.36925210839742,1513.371967555943,1922.520587319522,Critical,E00,1,1,6,83
M019,2024-03-24 02:00:00,73.99885519245066,0.3430217329078771,92.80074632631396,42.48094806163493,236.20650018589197,43.66070812463975,1452.312006459224,575.8549745302774,None,E01,1,2,6,83
M001,2024-03-24 03:00:00,59.050502023512436,0.24968686610219243,108.76761818958066,38.345157011005405,,58.54037179620505,1434.78520993778,1154.481263079334,Major,E02,0,3,6,83
M014,2024-03-24 04:00:00,71.7770352903967,0.27001040780954033,83.39726189122253,49.49994184329258,209.33708605684197,43.16862996282822,1368.0494637478494,815.9651646383411,Critical,E01,0,4,6,83
M025,2024-03-24 05:00:00,65.87842024728947,0.2605113041972263,110.74394121944502,60.43301621057173,225.65772933919166,35.848567327477326,1511.685993630832,380.14682716526113,Minor,E00,1,5,6,83
M008,2024-03-24 06:00:00,72.60784233091958,0.44147958565706424,103.99731591163385,,213.9289071368191,41.02402054218041,1612.081852407036,789.988312254206,Minor,,1,6,6,83
M008,2024-03-24 07:00:00,65.53358185171642,0.3871394186192153,94.01982937308996,28.826688220432885,219.96114098714693,,1440.7565524440417,1668.8142616820319,None,E02,1,7,6,83
M022,2024-03-24 08:00:00,,0.2896865643753064,93.3436081887417,62.839440471292264,215.28911516412987,60.00376150247954,1460.579098300949,1187.9298714429835,None,E02,0,8,6,83
M002,2024-03-24 09:00:00,72.11596454200433,0.3104939849322041,115.16764239878646,53.796802493421715,236.18203850299201,33.94211453637678,1416.2312727309477,1112.0915534540404,None,E03,1,9,6,83
M010,2024-03-24 10:00:00,80.40219550128798,,111.29124645183536,41.887433263818494,210.9271367062807,56.50983678656462,1380.6779289086012,1509.4004641016954,Minor,E02,0,10,6,83
M012,2024-03-24 11:00:00,,0.2879897148533504,99.04447382765201,65.48499314311692,222.50889804908368,34.14453661114772,1471.662751458617,1246.1729740983192,Critical,E00,1,11,6,83
M020,2024-03-24 12:00:00,67.3881431702312,0.3822210721851326,101.07673383561904,28.619653363321145,214.51740956599,49.78217718815899,1541.1859786432055,1445.3332691994217,None,E00,1,12,6,83
M004,2024-03-24 13:00:00,70.5186848650363,0.32987246454509805,94.83054911271782,,225.9106246350127,40.337987522959985,1650.8815360524482,1329.1376399926307,Minor,E01,1,13,6,83
M011,2024-03-24 14:00:00,63.93458161789961,0.49568174210082244,101.07827182260884,,222.34763056050298,57.12625228937298,,1417.0808317334654,,E01,0,14,6,83
M004,2024-03-24 15:00:00,,0.43752518771618987,94.60877049144564,52.278526032154716,230.0364211692162,54.437287226553956,,1020.1250844879503,,E00,1,15,6,83
M020,2024-03-24 16:00:00,75.53910147789163,0.44166362383267055,99.37165580660655,20.0,225.74494235724674,57.83663406254563,1641.3763966171646,1618.8349634907795,Minor,E01,1,16,6,83
M016,2024-03-24 17:00:00,86.8151762201569,0.3969949882463688,114.48263503811793,41.87155968126781,214.4517290490119,47.638081511295034,1358.5394465247734,715.1471460785478,Minor,E04,0,17,6,83
M013,2024-03-24 18:00:00,68.26898405637357,0.32041386506449676,99.23508762759658,53.84156059243646,243.3296206202674,48.46936848286501,1652.0419739305698,,Minor,E00,1,18,6,83
M010,2024-03-24 19:00:00,70.3932325579489,0.39184536191707087,,44.240037379262056,,38.00603368817919,1447.3255385629825,1638.7685960198023,None,E00,0,19,6,83
M004,2024-03-24 20:00:00,68.5454488533707,0.3255817113829939,89.0690236161202,60.06357327361022,,41.75612320882778,1585.3606147001144,,Minor,E00,0,20,6,83
M024,2024-03-24 21:00:00,73.27268220678735,0.4641193235509854,101.01694205891584,59.661660085689434,221.64432314276976,57.588267478799935,1473.8320124895424,1027.6585809331975,,E00,0,21,6,83
M017,2024-03-24 22:00:00,74.29014320687769,0.3782995568134944,93.91283876405768,33.497236497352894,225.04666901415433,52.93811971043398,1555.0498244442074,2115.3763333722072,None,,1,22,6,83
M008,2024-03-24 23:00:00,71.67975093342893,0.36836522510221104,101.97282513586029,54.88791181600416,224.74235583148192,50.834679961817855,1693.084815082738,1767.436719978766,Minor,E01,0,23,6,83
M011,2024-03-25 00:00:00,78.51795550123819,0.3588950863700656,,33.08804811326112,223.96822478093424,60.096910081321106,1485.4303070643414,1256.6531628224527,Minor,E00,0,0,0,84
M019,2024-03-25 01:00:00,68.29812297747134,0.47181864991526007,105.52200107660705,45.648185293857075,227.73185723137098,39.59886251602937,1619.580007827486,811.8089426956058,Minor,E02,1,1,0,84
M018,2024-03-25 02:00:00,77.91704428734427,0.24963747663142496,91.51868102565595,52.873538991691454,226.94536807682104,55.76118319031006,1532.9564568885096,385.9660251090839,Minor,,0,2,0,84
M012,2024-03-25 03:00:00,75.2309871218465,0.47868014793681085,,34.97660482487302,213.2194706701112,40.566747047776325,1405.6776334652138,,Minor,E01,1,3,0,84
M008,2024-03-25 04:00:00,71.92782048060631,0.33696923347821034,97.29357426048023,54.443114226772586,236.8644328320579,61.82299096463483,1482.5295346433954,1706.3474192231497,Major,E01,1,4,0,84
M017,2024-03-25 05:00:00,70.11038015545712,0.2515695716929044,113.74711169823095,38.93573104617716,235.75110254040172,54.35579338218855,1475.0274691391526,1358.3082713695703,None,E02,0,5,0,84
M017,2024-03-25 06:00:00,86.56000655238822,0.29734531878498605,101.37191338743622,38.031629671051824,226.40771916191898,57.716010885588005,1330.5829151722328,515.7199238203802,Minor,E00,0,6,0,84
M015,2024-03-25 07:00:00,67.09794809554752,0.23444349160934916,115.56377558491675,53.47981180247658,220.30957374040497,44.38682588979175,1555.084592012051,1264.127667435824,Minor,E01,1,7,0,84
M002,2024-03-25 08:00:00,73.78759906181048,0.3957559721909948,104.48593920049936,,220.44708706169112,67.45678580216975,1578.9565541301197,1005.2597175893862,Minor,E01,1,8,0,84
M012,2024-03-25 09:00:00,67.49868557854721,0.2773194934757436,111.40324737849983,34.35797436764286,,65.98846312854837,1597.4868991050698,1264.6625984508075,Major,E02,0,9,0,84
M016,2024-03-25 10:00:00,82.71372449172783,0.361806736634329,98.32961434861663,57.49387248036099,218.44492620030806,53.44303216405608,1671.5747821418547,,Major,E02,1,10,0,84
M024,2024-03-25 11:00:00,77.32095797279523,0.4293951921116093,102.76402439592258,46.30268582309921,202.50572468081566,59.402093704754805,1614.4710510731745,1515.7606377519185,None,E03,1,11,0,84
M014,2024-03-25 12:00:00,67.92990072695314,0.3029588150003704,109.74914871215165,27.550566056360463,232.2421076233033,47.58490566353709,1427.6368165475292,1430.4298530630856,Minor,E00,1,12,0,84
M009,2024-03-25 13:00:00,75.07556996058737,0.3312327414882925,107.23967958867239,,229.41962913303058,,1453.1759120482823,,None,E00,1,13,0,84
M014,2024-03-25 14:00:00,73.54617432765933,0.2587643373058789,104.24794622547655,40.12078521307866,206.58650566054075,56.36632414051557,1600.650959166494,1365.7898350031492,Major,E00,1,14,0,84
M005,2024-03-25 15:00:00,68.90025142815156,0.32281500237341615,97.37652133769818,28.163839925262415,227.11990331895555,42.645519296000295,1546.7649565403722,,Critical,E00,1,15,0,84
M003,2024-03-25 16:00:00,76.54898530336904,0.5301816537691361,98.72978804954623,,219.93828313694456,60.48176115347397,1497.860893757054,1421.9743324273593,Minor,E02,0,16,0,84
M017,2024-03-25 17:00:00,74.33583234662646,0.4044553214877309,109.10129561282685,55.8409715643889,218.40763088547465,58.38286510709497,1395.03351660422,1122.6526094754756,None,E00,0,17,0,84
M025,2024-03-25 18:00:00,73.29419228331571,0.3314688706774476,110.76728998985712,34.680983206661146,223.9427320685126,51.881781204302555,1436.3139058371403,871.0977404467507,None,,0,18,0,84
M022,2024-03-25 19:00:00,71.74848173254603,0.3071818374672799,95.25709816576261,30.073862744417987,206.05770248530305,51.43436706162691,1569.9371292860847,1526.0007021590468,None,E01,0,19,0,84
M015,2024-03-25 20:00:00,74.58632695559791,0.3470156623040496,94.04992820516024,52.6728339646319,219.91000654249763,57.914307868396975,,307.37834098605373,Minor,E00,1,20,0,84
M002,2024-03-25 21:00:00,73.37632596895476,0.35910355265355476,92.76692969383826,,,52.196512184770654,1219.2036655301847,982.1502883185003,Major,E00,1,21,0,84
M025,2024-03-25 22:00:00,72.35455999815011,0.32066512049979695,106.63760492584125,35.554764016864446,220.64359171652947,46.764306181606244,1583.2052869015006,1445.3281568455507,,E01,1,22,0,84
M012,2024-03-25 23:00:00,68.15390450407462,0.38710414370397905,92.56419982349985,55.951687915271734,209.06008481302177,37.88394220805391,1435.9823590122185,1689.833870085257,Critical,E02,1,23,0,84
M008,2024-03-26 00:00:00,82.16259744457496,0.28325867569577134,106.54082724817398,,223.57532771500536,57.67119783533808,1556.2244740933581,1388.681198546181,None,E00,0,0,1,85
M023,2024-03-26 01:00:00,65.69748033990872,0.2829128627511012,104.3655227449681,61.15995925165316,228.4785199684967,52.931512002996186,1689.2006715455702,931.1652402349322,None,E01,0,1,1,85
M019,2024-03-26 02:00:00,74.56581731327847,0.3759136819935143,95.63926524507376,59.29268514236347,223.25865171269282,72.04528061551079,1378.4321042938006,1179.6270495661074,Minor,E00,1,2,1,85
M019,2024-03-26 03:00:00,70.0785555461914,0.26819507725049213,112.51087451081013,48.76954946559036,218.1664967105738,49.232710748010504,1299.6488182036048,1316.5098172085654,None,E00,1,3,1,85
M007,2024-03-26 04:00:00,82.5572836166958,0.40103120770037776,88.30192873519019,39.67538153365293,241.5123248233548,52.416288424672324,1466.8322820339342,1824.2137603305537,None,E00,0,4,1,85
M025,2024-03-26 05:00:00,66.57910477665696,0.3490003571322146,113.27626079806848,44.32936736523893,212.6034017152645,52.604028457432506,1417.8239870707505,1568.2391974838974,None,E00,0,5,1,85
M012,2024-03-26 06:00:00,67.588420429438,0.22204635468979503,102.55108691396397,,226.18761040376603,55.20605086412003,,1571.1718065544958,Minor,E02,1,6,1,85
M014,2024-03-26 07:00:00,66.18109162042904,0.35766493878926625,83.41226914673047,29.9098564961412,221.94618964544551,,1564.5639093196564,1226.1677139509209,None,E01,1,7,1,85
M019,2024-03-26 08:00:00,73.94079030570366,0.23203973627877034,112.7350370865729,,236.09850359738752,49.382277977773505,1539.2033129892116,771.6054740333608,,E00,1,8,1,85
M017,2024-03-26 09:00:00,63.76169604258815,,107.77770003375991,27.866998284208986,223.09399852731767,56.62127535102716,1505.550220891103,637.5834656290613,Major,E00,1,9,1,85
M005,2024-03-26 10:00:00,69.1288290314534,,96.5743065326957,47.822239467496956,224.8092419599605,47.3378925726446,1626.9790441589832,1079.493624420212,Major,E00,0,10,1,85
M008,2024-03-26 11:00:00,59.08580506287429,0.4795758951554774,92.28223547806883,45.99664706874644,224.04573585251407,56.3215099502898,1580.4839533811694,1479.772266220591,None,E03,1,11,1,85
M010,2024-03-26 12:00:00,73.44252812476854,,87.44746604929291,37.16749601437664,211.5334197691381,,1478.2320715424726,999.2455700249059,None,E02,1,12,1,85
M024,2024-03-26 13:00:00,68.99871084746242,0.2757515245637722,119.32356929448312,54.84599046455689,213.04895637300905,53.21496854043942,1576.2298353965748,1428.8698612337566,Minor,E02,0,13,1,85
M018,2024-03-26 14:00:00,,0.20854820953110076,92.61294500670525,32.4647956088603,217.79465698695455,59.20909130866248,1314.5262796574455,882.1258293366632,None,E00,1,14,1,85
M010,2024-03-26 15:00:00,78.51365641784435,,,36.72198311787312,227.65906253983363,48.18115523958828,1627.6498289812541,943.8316451775878,Minor,E02,1,15,1,85
M019,2024-03-26 16:00:00,64.15399860969036,0.264511897801874,102.1433529948012,54.36631781895007,221.86477390953027,38.38519031397401,,1763.2039620595517,None,E01,1,16,1,85
M019,2024-03-26 17:00:00,76.78166214016929,0.47780166608139657,86.89685226591108,56.14578936151365,218.34612090648088,47.86928055711219,1355.9184603362244,,Minor,E00,0,17,1,85
M010,2024-03-26 18:00:00,67.79375505607317,0.3492779738503894,92.14761281244355,35.45128556749388,230.97759840892266,43.39555855129914,,1077.4045112344324,,,0,18,1,85
M011,2024-03-26 19:00:00,81.60942826737255,0.41533931629282167,107.95975355328375,47.78451125691888,204.14056191350315,32.99411158783037,1624.5048471439131,867.7795650593101,Minor,E00,0,19,1,85
M023,2024-03-26 20:00:00,,0.33004783612145894,103.71368475855503,35.65431311065162,209.63343895871168,49.146546982619434,1407.8808851220654,1579.5659656781359,Major,E00,1,20,1,85
M015,2024-03-26 21:00:00,65.95171277475583,0.3374232758203548,96.90904032208495,42.63192559707235,200.0272016394956,51.59224527239581,1549.2717565615428,1550.5840923964001,None,E00,1,21,1,85
M004,2024-03-26 22:00:00,,0.3477161084243764,100.14645338345103,46.726048729818764,229.6664840392805,58.16609074246918,1605.4532362692994,1455.6789242315676,None,E00,0,22,1,85
M018,2024-03-26 23:00:00,75.63315123134586,0.4274577523014712,96.46023575839997,51.724394385791214,219.22619084341562,40.88551634995209,1502.9325661405987,1128.8686136468723,Minor,E01,0,23,1,85
M015,2024-03-27 00:00:00,70.425731215739,0.37181373289722186,99.50401752504769,48.81070816191731,227.73033422954234,50.708208196174766,1396.2488233202257,,Major,E00,1,0,2,86
M013,2024-03-27 01:00:00,70.98394495787181,0.2759866309566334,93.90550893952278,,219.125933335741,59.0247306564034,1492.3316236736462,1194.0656230195477,None,E00,0,1,2,86
M019,2024-03-27 02:00:00,,0.4635759896660492,95.35808544378058,32.05801995471594,228.1854693482157,,1330.8729011967835,1763.0399488877101,Major,E01,0,2,2,86
M023,2024-03-27 03:00:00,67.50786675978026,0.3295029150709581,95.11457489963654,49.65931967168997,218.98598147060747,54.289774074242594,1441.36133170666,836.3844500397712,None,E00,1,3,2,86
M009,2024-03-27 04:00:00,72.54776263305273,0.3181135913286346,94.19311318515396,51.61278421435559,223.27929140078308,,1367.1324887222956,1218.9813708850431,,E00,0,4,2,86
M011,2024-03-27 05:00:00,77.72776676191384,0.15193462884256753,108.35128797133186,53.26721436104559,,35.10068578733745,,1854.316831781058,Minor,E03,1,5,2,86
M005,2024-03-27 06:00:00,76.8547049303136,0.3944079713812936,106.16093913610442,36.365757846349354,222.70165831910373,,1347.6824740692552,1078.30683248803,None,E00,0,6,2,86
M017,2024-03-27 07:00:00,71.04232399487597,0.3570708847763318,92.54109385287241,55.987027399003296,233.47789776166272,,1510.0102941089835,1149.0071823007986,Minor,E00,1,7,2,86
M011,2024-03-27 08:00:00,70.26656471488405,0.3569947959621331,90.44484965965944,29.193181658678096,207.00460389407465,47.19429727586199,1635.9444140486255,659.838997555015,None,,1,8,2,86
M009,2024-03-27 09:00:00,61.56710722487441,0.32180227302224274,98.74178685495507,39.83018215147141,219.45293315301822,61.0940797697703,1643.479784507477,1449.2802548196948,Minor,E00,1,9,2,86
M018,2024-03-27 10:00:00,65.66253004400883,0.3097347511907052,117.24230078631638,41.69377101247003,221.58389771342422,55.073774278364695,1350.546848487047,903.7608163325924,None,E00,0,10,2,86
M011,2024-03-27 11:00:00,73.9101553594484,0.3241293701218699,91.77835837042761,29.85109124996041,220.38629611224252,64.15485732090285,1420.0683167529983,578.158609723007,None,E02,1,11,2,86
M012,2024-03-27 12:00:00,71.17270686634659,0.38242126097890955,98.71020488236768,41.51146786194235,216.8169182355729,54.65971859908175,1602.3318323185551,818.5765558027076,None,E02,0,12,2,86
M012,2024-03-27 13:00:00,72.44956247139736,0.39473824411233455,100.70976330974129,47.65777097213761,215.72226972471833,64.82030961845292,,,Major,E00,1,13,2,86
M007,2024-03-27 14:00:00,78.23552165780437,0.3338277888137781,99.1308626076388,23.090733817999972,232.2401172432873,52.40000022905538,1426.1758444302145,567.9579619809311,Major,E00,0,14,2,86
M004,2024-03-27 15:00:00,64.87606134562635,0.41642562460217314,96.3343210062441,40.263739394749855,219.43423129159228,39.05763492769466,1441.6236503198954,645.6738659546552,None,E00,1,15,2,86
M021,2024-03-27 16:00:00,,0.3444718073287765,109.24063977758843,24.019188812840113,239.503572271179,44.9519969582378,1509.871770632147,1423.7136610407802,Critical,E01,1,16,2,86
M003,2024-03-27 17:00:00,73.1322657804673,0.3147041507313441,103.63566898354763,69.49846541180334,224.2261998909988,58.1469077212601,1280.0048939351868,1171.0462579769248,None,E02,1,17,2,86
M009,2024-03-27 18:00:00,67.7750403745529,0.36388909024351546,106.7664425899606,47.549894603207804,217.68275547379451,57.989517098437304,,834.4042488847448,Major,,1,18,2,86
M017,2024-03-27 19:00:00,80.5888626835645,0.2548429507054297,104.71503959733064,46.509951405972096,224.42143072371707,47.515188402305796,,1071.4930811049196,Critical,E02,1,19,2,86
M004,2024-03-27 20:00:00,77.45152080967888,0.3662902816355474,107.15158657444789,47.78488093990969,220.8714629635017,64.4344065204753,1453.306594130522,1895.2682320560841,Minor,E00,1,20,2,86
M017,2024-03-27 21:00:00,73.74079996253253,0.24204725261315396,112.6752466637925,52.25424756720999,230.7359941355151,47.168258896900554,,1712.6926931740654,None,E01,1,21,2,86
M019,2024-03-27 22:00:00,82.76539067597152,0.2780591128011365,110.64835173430667,56.737858198014344,210.65822144487615,53.695815934908964,1669.5136347599343,1157.0265948304655,Critical,E00,1,22,2,86
M017,2024-03-27 23:00:00,63.00662832233915,0.20869160152983626,118.59843167676732,26.237352854224042,,53.474266001109484,1526.3315058349124,1526.472910701345,Minor,E01,0,23,2,86
M008,2024-03-28 00:00:00,71.9536423133659,,109.73873025125754,60.722131169121084,222.88784808386666,39.356238454435875,1585.0751544726047,1248.4012353836008,None,E01,1,0,3,87
M001,2024-03-28 01:00:00,74.19802181360437,0.4626743591616366,94.64442578777995,59.94990352820705,226.68556718448752,49.11606461707497,1341.464086562791,490.32229059473343,Major,E01,1,1,3,87
M023,2024-03-28 02:00:00,66.51266971923647,0.34180463372429953,106.77849633444663,44.20384066970949,222.28724359694343,69.04263660853395,1341.902224421523,418.73759498846033,Minor,E02,0,2,3,87
M009,2024-03-28 03:00:00,73.80428725090637,0.3950509765603189,105.68348143187676,43.5752557118016,225.37980143175272,42.621864884650954,1549.6945449168743,836.2668865013155,Minor,E00,0,3,3,87
M021,2024-03-28 04:00:00,65.36050503727273,,115.3623592418575,20.0,224.203494901762,55.00126061827323,1623.3077890243683,569.6987290992731,Minor,E00,1,4,3,87
M005,2024-03-28 05:00:00,76.14334390964552,0.37828390936840667,92.26273186658969,30.072106053580935,208.15679843736262,40.76493949897753,1364.4914103342592,1308.6267328723718,Critical,,1,5,3,87
M005,2024-03-28 06:00:00,78.34700860877344,0.2964351568788384,104.46360865114349,51.226191315157884,222.24991763045213,42.538486598890216,1487.7837333057182,980.0241862788608,Minor,E01,1,6,3,87
M020,2024-03-28 07:00:00,73.63400040676997,0.3060701978084914,94.55143724186433,59.4074095957187,230.53424530857146,38.685698103153356,1309.5332577688037,1370.1316179998519,Major,E03,1,7,3,87
M024,2024-03-28 08:00:00,,0.35004607457561043,104.10036083280107,53.746043065401565,221.37413563849051,57.52856779063964,1415.8127012445723,1376.278404536872,None,E02,0,8,3,87
M022,2024-03-28 09:00:00,66.1992388730038,0.30569737483173526,98.28202668320225,44.091419210660526,209.52033444036147,,1469.1571281581964,1476.0109830612605,Minor,E00,1,9,3,87
M019,2024-03-28 10:00:00,75.38826001927896,0.31093391001305976,103.83575043352711,68.11047240682133,217.32914305524122,60.1399531653208,1558.6566287190549,827.7516268735269,Minor,E00,0,10,3,87
M007,2024-03-28 11:00:00,72.1271918610742,,88.71729451134861,57.06210667640566,,45.749438964479474,1247.3069210096428,1406.2686833753005,None,E01,0,11,3,87
M023,2024-03-28 12:00:00,55.83598429384507,0.4218309396540548,106.34581185244718,,234.3650422623844,51.023994087620586,,817.815049494931,None,E00,1,12,3,87
M017,2024-03-28 13:00:00,79.45698230320944,0.2347175262565935,101.6484761214888,71.18532782344096,204.34923135058182,53.29104661575111,1479.5341112570816,1484.5359726108736,None,E00,1,13,3,87
M005,2024-03-28 14:00:00,72.819939037523,0.2927281337469846,101.21754305417524,31.845993183520793,222.88985695281715,37.06498941652188,1655.326490053006,,None,E00,0,14,3,87
M004,2024-03-28 15:00:00,67.08555201599972,0.31751969291606247,115.60182639877864,27.337917353550523,212.54233954695906,51.62919400208059,1583.8436837629515,1489.261429515885,,E00,1,15,3,87
M022,2024-03-28 16:00:00,77.96973358539998,0.3919362262315676,96.94013281385742,39.946735354512924,224.06181677071,52.799182273495084,1602.2760385238962,1129.168982818047,None,E02,0,16,3,87
M007,2024-03-28 17:00:00,67.93475992255861,0.43001529119539594,102.73812339817586,35.89631786375298,,59.12013589844214,1742.4355535002492,1426.7073014225216,Major,E00,1,17,3,87
M020,2024-03-28 18:00:00,67.86928729437471,0.5391377553991719,100.80216559231404,40.62082062615721,218.13482226696482,42.323972884801286,1406.2062485703025,586.6920253039721,Major,E02,1,18,3,87
M004,2024-03-28 19:00:00,74.15011590608422,0.31740286926021366,101.58431328192586,54.577088356813384,225.0527936183304,43.46382522026816,1516.2532086983285,496.5177475444056,Minor,E02,0,19,3,87
M008,2024-03-28 20:00:00,82.68623075545376,0.3208989899960579,117.77443123714224,44.592245140743856,229.11916573187372,,,1386.7184330749662,Major,E02,1,20,3,87
M008,2024-03-28 21:00:00,81.74152306783732,0.39119990109464,100.51045673930999,,218.68342635661156,61.29913580173135,1487.734887060724,1723.093776339132,Minor,E02,1,21,3,87
M008,2024-03-28 22:00:00,74.15826899342464,0.3022448296731598,95.4617616040939,45.70577779450685,209.30271786268014,45.25997995204693,1586.4113574960104,,Critical,,1,22,3,87
M017,2024-03-28 23:00:00,74.77431395310192,0.3401326696956638,114.96722236357778,20.0,231.40458256862192,40.11837075317667,1635.2803545269746,1206.0738419607123,Major,E00,0,23,3,87
M023,2024-03-29 00:00:00,,0.3209473323851518,97.5384898764883,26.816873904983193,226.6295588723278,,1454.1288448904186,1375.545420671929,None,E01,1,0,4,88
M023,2024-03-29 01:00:00,64.45809794778391,0.16648422546670744,87.15857482232755,40.37626481484694,224.51005145316515,41.89341593893875,1355.425636485924,,Major,E00,0,1,4,88
M019,2024-03-29 02:00:00,75.8648900229119,0.3586263261106082,94.07325034856919,34.88485438382715,214.47226680704998,53.182248794824886,,1064.246906990025,Minor,E00,1,2,4,88
M006,2024-03-29 03:00:00,67.59555919113883,0.3372347328488047,90.02730004765715,42.218550154246586,227.8834869943529,41.361321787117014,1397.7398444089656,1445.2973139380802,Major,E03,1,3,4,88
M025,2024-03-29 04:00:00,73.91086840077948,0.43898617351798297,85.6002762694844,61.84954055529708,236.3394051463075,57.78323768802622,,1243.2745693964162,None,E01,1,4,4,88
M014,2024-03-29 05:00:00,70.63519423435598,0.3503843285275448,97.09587996505492,44.10660603128163,219.02951735800994,,1580.6079240381205,1245.022889062859,Minor,E00,1,5,4,88
M014,2024-03-29 06:00:00,75.0072499626853,0.26216767651800793,99.43827227781254,29.133981387324173,220.75594159832409,58.032799532875096,1558.2755582681853,,Major,E01,0,6,4,88
M018,2024-03-29 07:00:00,72.70862079003876,0.33193307889143336,109.44422332103125,35.48280255282392,211.47847477042905,30.613531052017635,1600.1042789796247,1187.5402598699268,Critical,E02,1,7,4,88
M020,2024-03-29 08:00:00,53.5618183750722,0.203624200980436,105.03521289649652,65.52691090790704,214.24366398759284,35.93479431624972,1459.5337599326494,1040.8346694865124,None,E03,1,8,4,88
M024,2024-03-29 09:00:00,73.07335027023109,0.26523575153602497,104.67067446502934,63.38992765750818,211.40344490893628,60.341380995845725,1621.0768491021572,1062.2472361911748,Minor,E01,1,9,4,88
M015,2024-03-29 10:00:00,75.85291771379558,0.39448541777070983,92.85431995841824,52.150529227786585,221.0465802391724,44.24383215163833,1501.721848975923,983.4383710658713,None,E00,1,10,4,88
M016,2024-03-29 11:00:00,74.67557009003072,0.33268616920324356,107.07946609571292,26.250203151656038,217.27376837820114,38.268937984880786,1465.9013479164012,1189.0879280874299,Major,,1,11,4,88
M019,2024-03-29 12:00:00,71.38448432274852,0.41457557676486456,111.12986269118989,48.681659221249795,222.98240205330134,48.378412747579624,1368.1436894307255,852.688885678612,None,E01,0,12,4,88
M007,2024-03-29 13:00:00,81.85297015158244,0.21231754243853662,103.15656713236928,,212.86479330073988,51.93876597704577,1249.2077666573782,1204.8359109706428,Critical,E00,1,13,4,88
M008,2024-03-29 14:00:00,73.86823877472996,0.3330277021873373,103.3801402903834,45.30648250068288,,48.7358838446089,1312.3286738566526,1053.9873685538969,Minor,E02,0,14,4,88
M016,2024-03-29 15:00:00,74.62603980115864,,89.88246160240017,38.15986733268769,212.37171019966306,53.74411317194249,1525.8554692827984,827.1625158270263,None,E00,0,15,4,88
M002,2024-03-29 16:00:00,78.26695136430341,0.41690940078292443,108.43548646084263,40.64842747356307,221.5005726215824,52.66000148839987,1391.0976106132957,420.5635582342759,None,E03,1,16,4,88
M009,2024-03-29 17:00:00,74.1755579981796,0.3970933937716636,114.24664439009135,37.32342111375513,206.941405600428,52.241210747434565,1302.5683887568077,1578.9863791494308,Minor,E03,1,17,4,88
M018,2024-03-29 18:00:00,,0.3949576505061808,102.5836191923747,31.25911249969171,221.21262646123833,60.7869679054228,1449.6749584496415,1498.5239149425279,Minor,E00,0,18,4,88
M025,2024-03-29 19:00:00,57.36997551732227,0.45789870266588706,95.24514177306013,61.39185402561893,217.77015776970796,49.88655738710021,,878.0583557170559,Minor,E00,1,19,4,88
M013,2024-03-29 20:00:00,69.13727458789151,0.3242339023499403,98.70404115209726,55.587765540356344,221.44771271137992,49.65135797980297,,1472.6672226985127,Minor,E00,1,20,4,88
M010,2024-03-29 21:00:00,76.5656731552867,0.44345565847105034,96.6366342798993,41.580846689000275,206.78186661393667,56.42249191574632,1496.5355794240577,790.0850801401443,Minor,,0,21,4,88
M012,2024-03-29 22:00:00,69.88142201149317,0.27690556943841843,97.11640277471764,,225.23772539148402,54.42127766165163,1492.6966534888886,1077.148358106246,None,E00,1,22,4,88
M018,2024-03-29 23:00:00,76.80707023369038,0.2743385575164014,105.18386450955248,,,,,987.8880868899063,None,E00,0,23,4,88
M014,2024-03-30 00:00:00,72.89236905552164,0.4026922600048837,102.23571289336273,73.11460269691274,221.73690172289488,49.263090023316565,1576.0686925006614,1088.9636344987432,None,E00,0,0,5,89
M001,2024-03-30 01:00:00,79.72839642157311,0.24466814831138387,108.03149284777095,55.47082417098846,205.03940591138232,53.50583278676955,1478.7822505883398,1458.4719779026132,None,E02,1,1,5,89
M014,2024-03-30 02:00:00,70.22869975727603,0.390093593989327,102.96722035822577,55.01723542473726,210.05813379012852,45.305374878117426,1490.840122476548,1039.2503597865687,,E00,1,2,5,89
M011,2024-03-30 03:00:00,74.80568895940613,0.3570919235604928,93.08729620817454,45.45577215683201,216.87876671110607,45.68659635204394,1624.5414306979476,,None,E00,1,3,5,89
M018,2024-03-30 04:00:00,75.03531038721215,0.4250296910058411,,39.78691249907789,,38.86833201160943,,1497.290886262728,Minor,E00,0,4,5,89
M022,2024-03-30 05:00:00,81.00961123578716,0.3458389224531577,95.49727141769715,61.59252303193938,224.21817078744076,26.937765096109157,1477.8161706386031,1224.6831906817952,None,,0,5,5,89
M025,2024-03-30 06:00:00,61.76017616199433,0.3539234262406869,98.50823938705238,52.82726541079421,221.0390003311235,47.007370866279466,1460.7532129406607,963.2848022163619,None,E00,0,6,5,89
M016,2024-03-30 07:00:00,,0.3856485495047434,114.3577095313167,35.045496551347206,212.60553467241118,51.018286382431135,1459.8194286089015,1296.2566938556304,None,E02,0,7,5,89
M010,2024-03-30 08:00:00,77.09109663233102,0.30361453149581547,115.63919673318102,50.44639865207806,211.1498804032101,41.236686502921344,,1597.0647994474828,None,E00,1,8,5,89
M012,2024-03-30 09:00:00,81.27537887867189,0.3005655584756845,106.69280960357268,55.04863306104975,222.2132415277237,61.02297715960878,1631.6275649654892,,None,,0,9,5,89
M005,2024-03-30 10:00:00,73.44042907585248,0.38321006078903935,100.95011037466894,20.0,225.60551438549942,41.626398604828985,1417.8231243682565,670.1486077786515,Major,E00,1,10,5,89
M024,2024-03-30 11:00:00,70.24377501347108,0.3479498533608554,89.10678224396484,33.931358488983996,221.67179281173605,57.300244458288724,,690.182384303209,None,E00,0,11,5,89
M022,2024-03-30 12:00:00,76.54271021204667,0.32148802578870034,101.76006644584066,,233.67645766470184,53.349360307059136,1504.9905954896385,1599.633681236817,Minor,E02,0,12,5,89
M022,2024-03-30 13:00:00,77.2122160513901,0.34420511302116324,93.67994162850357,21.90646435405493,214.54030621411047,67.41068313645908,1667.000046272792,1084.992220378666,Critical,E00,1,13,5,89
M009,2024-03-30 14:00:00,69.84202992799615,0.4616191655486831,113.04417517252736,23.806426009376473,221.43495952619958,,,319.9976241993719,None,E00,0,14,5,89
M009,2024-03-30 15:00:00,73.98184387306527,0.3189887115282075,87.15115448167609,41.754459115268865,206.45460220717678,38.42979148708453,1609.4547740283351,908.0393351284064,Minor,E00,1,15,5,89
M022,2024-03-30 16:00:00,79.08316357447181,0.3169586270702589,103.07587466664094,50.898531109139306,221.68836416533784,58.43493284599961,1428.9506678830683,1024.3832144682033,Major,E02,1,16,5,89
M014,2024-03-30 17:00:00,83.34275395964671,0.23047890427362533,93.00608497879705,51.45340448281342,231.75498570684238,63.580654679717846,1345.7508904403344,1074.9722330957823,None,E00,0,17,5,89
M018,2024-03-30 18:00:00,76.45562975541175,,99.92387851613222,63.988794632297534,211.66792893910508,35.82230184472983,1517.7031206152794,1505.9713734049897,None,,1,18,5,89
M013,2024-03-30 19:00:00,72.26483337999356,0.39598184578682744,105.32854552248845,45.987166654673985,,55.113031262259206,1269.9378028561007,828.3328714322313,Major,E02,1,19,5,89
M012,2024-03-30 20:00:00,,0.40853386809766074,108.17574951025678,40.52816575847374,,,1443.8456478486694,1574.2129549724318,None,E01,1,20,5,89
M016,2024-03-30 21:00:00,75.34437934316173,0.3575752321141373,,29.311684966137022,,48.29737455962295,1357.2680619368734,,None,E02,0,21,5,89
M021,2024-03-30 22:00:00,71.3059629451233,0.4169083501156618,106.08973240145222,40.38446860287557,223.73551755262412,30.6243627077022,1399.240897080678,685.3837054555788,Minor,E00,0,22,5,89
M009,2024-03-30 23:00:00,73.13784299413433,0.4011861281316169,94.70023921110318,53.490351695960726,232.63705395846887,47.63233687609259,1571.4831420695348,1072.210525155706,None,E01,0,23,5,89
M021,2024-03-31 00:00:00,65.65274241281475,0.42790651607845837,101.96430707818577,54.03266644184542,221.84380129823634,45.35144628334084,1563.5959753469347,1397.8668336910223,Major,E01,1,0,6,90
M007,2024-03-31 01:00:00,,0.4189011858834293,108.01765931550293,48.17542808074191,,62.23820690450851,1480.5647923552992,1215.8248751877843,Major,E00,0,1,6,90
M011,2024-03-31 02:00:00,65.15889163710793,0.4598984737275076,102.6567958251199,51.5653792235366,205.80840512465593,49.2912696558544,1538.401026211904,,Major,E01,1,2,6,90
M023,2024-03-31 03:00:00,69.40732943728193,0.3381214783403625,95.76525042901355,60.3166027088951,224.77709221417913,46.701510666133366,1435.1172933354717,965.0335737921599,None,E03,1,3,6,90
M024,2024-03-31 04:00:00,,,97.76766105949254,45.9032621174395,224.13790192415732,45.3079002482842,1791.1993502162018,,Critical,E00,1,4,6,90
M024,2024-03-31 05:00:00,83.94592127933183,0.3964603120579794,108.12524850038352,61.407826053002815,209.39030347231366,52.60598093433252,1536.1004972535889,1040.6152183151246,Minor,E00,1,5,6,90
M008,2024-03-31 06:00:00,69.46390209088604,0.4046387232525943,,36.28023792840785,212.28537076823827,50.454945539985054,1429.161347518824,2218.46626375401,,E00,1,6,6,90
M022,2024-03-31 07:00:00,68.00390511623762,0.45989967753667976,92.44547892794037,44.12050746551411,224.83201441758533,43.680440580242845,1605.0439951119502,672.2192158060654,Major,,1,7,6,90
M024,2024-03-31 08:00:00,68.69509849599724,,104.81271007849388,,217.57830476546422,52.11216499484497,1648.8223317233826,,Major,E01,1,8,6,90
M025,2024-03-31 09:00:00,,0.48618307191051957,96.48685124366563,,228.89550711175445,45.54196053214078,1407.0937305143036,,,E00,0,9,6,90
M001,2024-03-31 10:00:00,55.125918038963874,0.3933897786228573,88.37553442920249,32.82618664090262,222.4858154440436,29.261921730358615,1329.7727720338144,1708.489848221684,Minor,E00,0,10,6,90
M019,2024-03-31 11:00:00,,0.36601674143570395,110.80654933633528,,,55.3441832263943,1353.5455338251543,1530.9762894886044,Minor,,1,11,6,90
M025,2024-03-31 12:00:00,88.38773225495731,0.2530511815071977,91.20319769696074,22.68388211012816,218.6364077342159,54.58547281001759,1419.6052731470056,836.1739265317744,None,E00,0,12,6,90
M020,2024-03-31 13:00:00,75.54529244094982,0.3715667574159856,98.4045598934429,52.13251302683834,222.3414570554761,51.59791300941779,,1439.78858801481,None,E01,0,13,6,90
M006,2024-03-31 14:00:00,65.36409030396467,0.31132476501900774,95.04383485050322,59.961483308705795,,46.46025821926725,1304.504390726375,1001.676103961276,Minor,,0,14,6,90
M020,2024-03-31 15:00:00,71.74849210695137,0.3648057009402729,97.61853211567824,55.928495415601155,224.27080554416779,49.42351867948701,1449.8103706399131,1309.9398317978637,Minor,E00,1,15,6,90
M003,2024-03-31 16:00:00,72.40472739640717,0.3538159230416759,,54.75153136163733,216.61593071672814,56.55426117921374,1475.0475075179597,1259.146917239302,Major,,1,16,6,90
M013,2024-03-31 17:00:00,77.07675147543364,0.3830213512195094,,55.07280475175938,229.91549642032217,44.945506707202284,1538.9831902857768,,Major,E00,0,17,6,90
M016,2024-03-31 18:00:00,83.03701201693538,0.3431868503323042,100.8865881944553,53.39632594123806,225.2615539156952,,1573.4138730494126,,Minor,E01,1,18,6,90
M012,2024-03-31 19:00:00,74.33131008767529,0.4154514133512809,107.86922876168714,52.37274747007295,223.08187113312152,38.201218867897865,1548.1852179591665,1336.3489528903217,None,E01,1,19,6,90
M018,2024-03-31 20:00:00,68.76127018192224,0.1593791980987459,95.12665430766623,,220.73357741929863,51.34530083157712,1715.0607947394915,838.4711008587681,,E02,0,20,6,90
M007,2024-03-31 21:00:00,76.72250665258923,0.3632995502610491,117.06417415959369,37.13181444110929,224.00039651470775,50.206059600306986,1631.2948054442372,853.5620154634807,None,E00,1,21,6,90
M016,2024-03-31 22:00:00,67.81048381882283,0.4341742845406793,,42.59767867776184,205.3465684821993,58.02147990216337,1526.6354445577701,1581.9904609293178,Major,E01,0,22,6,90
M017,2024-03-31 23:00:00,65.79997502406583,0.480903395591935,,45.84291912850215,221.9304741950499,42.64856456479258,1383.5414832503313,1371.354483668993,Minor,E00,1,23,6,90
M016,2024-04-01 00:00:00,61.44054676826133,0.4012372936869544,114.02467878173142,,233.12146343652844,43.521518815211955,1418.9403062086067,677.3331213354857,Major,,1,0,0,91
M008,2024-04-01 01:00:00,62.6092296329976,0.4679418115807777,103.79233333957107,26.20428436758192,221.75989349363573,38.844045415520455,1328.5601362658704,798.688070134346,,E01,0,1,0,91
M008,2024-04-01 02:00:00,66.62132906325436,0.36182551970311194,102.7310886644486,30.17989215727275,220.66781854965578,45.46612435059207,1518.4013766217288,345.3956605257078,Major,E00,1,2,0,91
M007,2024-04-01 03:00:00,64.93326139379478,0.35020038031489437,,47.75971338028169,215.23292555622075,,1539.7634601691575,1563.875927850161,Minor,E00,1,3,0,91
M012,2024-04-01 04:00:00,,0.3870590950259426,104.56965816120359,55.86931090466302,223.9418182417357,35.61725245380631,1607.1495365453807,1475.4304234231527,None,E00,1,4,0,91
M015,2024-04-01 05:00:00,64.80358904505579,0.3497764001976254,,45.11210290991648,218.43940474129482,46.4566999221382,1532.0781953864341,764.4971645352625,Minor,E01,0,5,0,91
M010,2024-04-01 06:00:00,53.138002187851534,0.2952349772387847,92.27276406699916,78.17786234225034,230.4743982591247,54.88632282373497,1626.478655022229,1459.8603708806309,None,E00,0,6,0,91
M011,2024-04-01 07:00:00,65.73652935246321,0.313933182910767,106.54552724058233,33.96285083813676,213.09104246922007,49.176964874479445,1628.9398834295166,1994.200485140347,None,E02,1,7,0,91
M008,2024-04-01 08:00:00,69.16884211367149,0.27214929657466896,105.28542569230586,50.33930570478837,216.38156052586373,50.601644232443775,1376.6284765134815,584.2645407562854,Minor,E00,1,8,0,91
M006,2024-04-01 09:00:00,68.36730307276821,0.3869863966405671,111.42744917391865,60.4944313277933,215.19297554475511,37.95120655072269,1437.832400758001,953.9596941510049,None,E00,1,9,0,91
M017,2024-04-01 10:00:00,81.11714807585511,,114.11392861520932,57.78812545398694,234.67663270969138,49.19963527893175,1498.675384646355,575.5234159117169,None,E00,1,10,0,91
M021,2024-04-01 11:00:00,,0.32477997182693313,102.6438086371461,52.86080234129542,218.4818747071008,50.22948428613512,1415.2710383660592,,,E02,1,11,0,91
M008,2024-04-01 12:00:00,77.28554077919519,0.3103321370213897,90.17960785894253,57.843047686105315,215.61538029702868,48.69015995802167,1470.801203046388,,None,,0,12,0,91
M022,2024-04-01 13:00:00,71.88610440191484,0.38535394423397384,114.18018344961709,45.6647321718924,203.27524363636283,51.2224143513398,1536.1510295081684,1040.7580366172126,None,E00,0,13,0,91
M015,2024-04-01 14:00:00,71.74617164596441,0.4046313726427049,91.85480051997646,,212.7090241157118,,1485.2308411223987,1290.9672221420037,None,E02,1,14,0,91
M005,2024-04-01 15:00:00,,0.2708640202446372,102.70371354937905,60.39790927625114,,46.351700512863644,1500.0371178203552,,Minor,E00,0,15,0,91
M010,2024-04-01 16:00:00,71.64730409051539,0.25986207311570675,97.94612858863316,34.77326879147344,224.1910059327307,41.681833107731094,1386.8833375294903,1039.3470826646294,Minor,,1,16,0,91
M001,2024-04-01 17:00:00,67.4094232386155,0.41681569689347103,,48.85881525161264,214.7903741403715,57.79569291158732,1560.7730524850556,1309.904986238115,None,E00,0,17,0,91
M001,2024-04-01 18:00:00,73.02014588552743,0.25374067330579825,106.11440097225214,26.43244044567777,215.2347528029353,40.186733231366695,,955.968870160311,Minor,E00,0,18,0,91
M009,2024-04-01 19:00:00,70.58250220425786,0.3883240783675739,101.95567679414373,63.26146767882852,234.8789685445173,51.2635760022193,1408.4999566231236,1012.405797820494,None,E02,0,19,0,91
M012,2024-04-01 20:00:00,66.3322324008504,0.4631836439127809,104.10593193014505,47.690777292380815,241.57103810044117,64.50557659737284,1344.8127107337184,1137.3919603797308,None,E00,1,20,0,91
M020,2024-04-01 21:00:00,77.95136603820357,0.4633464362375194,93.47450967869304,61.18527412880415,229.19818072094805,58.81148022872238,1647.6293678738398,1236.536080435084,Minor,E01,0,21,0,91
M004,2024-04-01 22:00:00,74.56104288012855,0.4016510813442464,98.60740027700271,43.68770994278604,232.47423909835754,54.07491790155019,1709.7810458817748,1440.6577381448362,Minor,E00,0,22,0,91
M021,2024-04-01 23:00:00,69.31162359514651,0.3996166660725484,93.8437201612744,22.724790014816268,234.1714021049503,,1528.1651535974436,1433.2911392803417,None,E00,0,23,0,91
M006,2024-04-02 00:00:00,72.87295828221185,0.5076335215137519,98.40742729618027,76.64841049283989,237.71657239923775,48.97783001395068,1456.5978073283861,600.1643844317422,None,E00,1,0,1,92
M004,2024-04-02 01:00:00,71.49706487098821,0.186592303597436,99.04990220106073,46.57306256624688,217.58457711674117,42.78920383186894,1625.5533615261245,1763.1805244889742,Minor,E00,0,1,1,92
M018,2024-04-02 02:00:00,66.79445437642036,0.31749650267435553,114.75443338563836,32.997496519178405,212.97385629807997,47.96934901633307,1556.442004405576,1223.646753919623,Minor,E00,0,2,1,92
M020,2024-04-02 03:00:00,72.42297737412699,0.4093944294353621,97.92489188425007,58.749147460690665,234.6679182651059,54.599005154643706,1474.7151459944587,1067.3356330459792,Minor,,1,3,1,92
M016,2024-04-02 04:00:00,68.27392947115575,0.326389909451063,82.99521340375483,69.43028737493154,212.2856478564668,53.11771958251897,1616.1689430139345,838.583719224892,Major,E01,1,4,1,92
M003,2024-04-02 05:00:00,66.33039698627941,0.4367844816024924,111.16073229856629,42.57074190651584,,,1402.8440198679941,1995.6668415478237,None,E00,1,5,1,92
M003,2024-04-02 06:00:00,62.263396018400854,0.3472452157782865,103.59407499220819,43.809091071276335,211.95492252590813,,1417.103394009328,,Major,E00,1,6,1,92
M010,2024-04-02 07:00:00,69.84835587876822,0.3592220702236318,98.95191652357289,47.85655481653895,218.9488292978779,48.732342616973924,1543.635810811536,1946.472267234351,Major,E02,1,7,1,92
M012,2024-04-02 08:00:00,75.40182395750234,0.33077277350278433,96.50227706511124,31.6683524213748,204.12499302838873,51.534811882657316,1513.7089695512113,1248.5662768757238,Critical,E00,1,8,1,92
M025,2024-04-02 09:00:00,67.83204387972684,0.31342423288343574,,36.711990605023566,208.5351246115205,34.80742909498163,1576.4734826978724,1337.6421010369145,None,E02,1,9,1,92
M008,2024-04-02 10:00:00,87.12425215294782,0.31170230257966436,115.50438477669194,66.38311037238026,215.02128964933328,68.04958220028375,1643.199710555421,1796.4145088105079,Major,E00,1,10,1,92
M005,2024-04-02 11:00:00,77.31411392191639,0.3689816407785743,100.4147591092803,43.413522745205825,210.43259748939946,46.68920871843419,1313.7061080128615,1103.6996529049432,None,E02,1,11,1,92
M024,2024-04-02 12:00:00,79.82598079596286,0.2957804523923993,86.0979908521482,34.949316263697476,228.49929451219674,55.213540216096575,1504.674213472607,1416.5210309781608,None,E01,0,12,1,92
M004,2024-04-02 13:00:00,76.77145807244256,0.4167243418443901,102.62192026628193,39.575497243640704,220.0531856121412,46.68378208858712,1728.1296493724676,1290.8876924327315,None,E00,0,13,1,92
M001,2024-04-02 14:00:00,83.11718984963144,0.39572581472219764,,,224.61617536748892,46.498037087499156,1428.413557165494,1967.5071268562233,None,E00,0,14,1,92
M011,2024-04-02 15:00:00,67.27798809916474,0.4269591508678888,101.25147734682798,21.289237378500733,223.7402414343515,48.10398468028631,1414.2302699628947,1774.5311154060967,None,E00,1,15,1,92
M011,2024-04-02 16:00:00,56.63557568604827,0.27097529508049006,92.78725222243749,48.05579876824619,218.3458152818689,40.039050639220505,1231.0815212696068,1144.811343603079,None,E00,0,16,1,92
M016,2024-04-02 17:00:00,69.32324634988271,0.2310366417249489,,74.54662494050953,227.90505220181336,30.158298825336686,1512.209807833921,1810.0202410870927,Minor,E00,1,17,1,92
M022,2024-04-02 18:00:00,,0.3497069971057765,92.66144857824612,69.37275152746835,223.6171830814635,59.277520556877455,1569.6730177226893,1198.4629109685684,,E01,1,18,1,92
M024,2024-04-02 19:00:00,72.90910183048787,0.5529160429491665,112.17326397637561,51.87843336982407,217.45279781502282,54.36562045600297,1569.4265067912393,981.6888759825099,Minor,E01,0,19,1,92
M008,2024-04-02 20:00:00,73.6528356658067,0.43863461446661994,99.4266875581054,60.79731132052777,206.52872111108815,42.67316113427762,1375.5538495941885,1085.8653720008563,Minor,E00,1,20,1,92
M025,2024-04-02 21:00:00,,0.3111887584045301,86.57020468257096,60.6819154175553,224.16526713921434,53.61528364412493,1498.954358475294,1258.9645108555837,None,E01,1,21,1,92
M016,2024-04-02 22:00:00,74.292345446775,0.3797158494101939,103.07307140675572,43.489775958130814,209.9095729757928,56.59147197591181,1526.5855357674416,885.979955705631,Minor,E00,1,22,1,92
M002,2024-04-02 23:00:00,76.79347756554613,0.40093108352105783,101.12829428458842,56.097525640371686,223.04226500472683,44.45583773821553,1506.2529213394482,992.9524917543931,Minor,E00,1,23,1,92
M024,2024-04-03 00:00:00,66.36262354888345,0.2542128231486997,96.40883626493336,66.46299622544828,220.63110846938318,53.29478365295656,1368.6234599943002,622.6466450182414,None,E00,1,0,2,93
M004,2024-04-03 01:00:00,65.42763786470378,0.44587381083242233,91.83674595128952,29.834853082510428,209.1170465276816,58.0544262846964,1509.2769030096788,871.0069658544938,Critical,E00,1,1,2,93
M015,2024-04-03 02:00:00,81.68468353814693,0.33828031112253415,,51.91981052977916,222.06717632827855,,,1293.8187595283996,Minor,E00,0,2,2,93
M020,2024-04-03 03:00:00,72.60540921088241,0.3436523408774497,108.69307052373071,49.33770537706262,221.5305554954438,54.267289469043284,1275.3711006550836,,Minor,E00,1,3,2,93
M007,2024-04-03 04:00:00,68.26062489932319,0.3516649261603699,101.98010284644079,46.23797381969053,221.55958001116073,52.915097353720405,1581.756775357472,1565.6128213685702,,E00,1,4,2,93
M007,2024-04-03 05:00:00,68.2716330387173,0.4301178097515526,103.82914931729427,45.175599667984564,,65.04360535653811,1516.8043035688777,1371.9359375803115,Minor,E03,1,5,2,93
M012,2024-04-03 06:00:00,68.10526127017046,0.29713724892590143,101.95807047664096,47.78003967036514,214.78089451101488,54.456282029943935,1571.027431197326,588.2903364939382,Minor,E01,1,6,2,93
M023,2024-04-03 07:00:00,67.74624587372494,0.23051209966508832,102.62150963929457,48.78686637419382,224.73287307280285,46.712952404534015,,855.5989769760896,Major,E03,1,7,2,93
M006,2024-04-03 08:00:00,64.30111318437804,0.3726068705030031,96.25284269257408,58.423383514358136,214.4987536457067,,,1121.022900633781,None,E00,0,8,2,93
M017,2024-04-03 09:00:00,62.99747758667695,0.20694393396788094,98.35336516415379,,,66.18714946030856,1622.655380198323,1585.1332421837035,None,E02,0,9,2,93
M012,2024-04-03 10:00:00,70.82997373407349,0.32892274834051216,109.31929444340034,42.86548086388354,225.39706963465147,47.16119593265624,1710.4786689308678,977.2582904960313,None,E00,1,10,2,93
M003,2024-04-03 11:00:00,68.4424447780776,0.43308120029011726,111.3167213425529,34.92094251010765,227.49144480712647,54.689169078829465,1597.6626215931237,712.0976939373409,Critical,E00,0,11,2,93
M018,2024-04-03 12:00:00,78.64295571265977,0.39053657324561164,90.223264097922,39.330689786075546,,48.09295559094873,1546.1747576799448,1779.315271699956,None,E00,0,12,2,93
M021,2024-04-03 13:00:00,73.7584599196015,0.4229649246007693,98.33392933513774,48.13399323454837,218.34244110830048,58.65009607696768,1334.4139463427505,906.0268021792444,,E00,1,13,2,93
M015,2024-04-03 14:00:00,73.5919060804679,0.393424595564198,106.71428287194932,36.52715114541208,,59.04536050306835,1487.2169724913504,748.8517970955015,None,,0,14,2,93
M005,2024-04-03 15:00:00,67.5412775546733,0.5187234142148386,,56.350525064575464,231.85352136709582,49.81865784531785,,1290.934133638627,Minor,E01,1,15,2,93
M004,2024-04-03 16:00:00,71.27382950532015,0.3088232260640229,114.255676650646,50.16066168807426,204.35922047369093,46.74591053673464,1401.7348956318774,1179.9701435108934,Critical,E02,0,16,2,93
M011,2024-04-03 17:00:00,74.16600662178864,0.3778692173905826,93.633937480428,58.72232904068412,224.68849114735104,46.55513556063889,1734.6069990400426,999.9494972174318,Minor,E00,1,17,2,93
M013,2024-04-03 18:00:00,76.29717443827606,0.31933156701511445,110.2003689456466,37.33416934839568,236.881894809113,36.18191855007137,1377.2359786498275,1200.147158446521,None,E02,0,18,2,93
M014,2024-04-03 19:00:00,71.4366490408898,0.416976088894041,100.46909041685613,35.02718802422101,221.19573158354484,50.8044714596718,1218.8888874689653,829.623807334624,,E00,0,19,2,93
M007,2024-04-03 20:00:00,78.47474267594525,0.3456897586764653,108.3553331110059,58.63268671521198,222.3298643567877,50.64317004607742,1597.5799433311379,995.3676750602417,Critical,E00,1,20,2,93
M013,2024-04-03 21:00:00,72.04793585344765,0.4703191415610832,106.3062294465703,46.55944748001065,223.034567596908,43.47094443069014,1419.2319517974895,1185.5482120849726,Major,E00,1,21,2,93
M008,2024-04-03 22:00:00,76.75708271110608,0.31284288312186165,89.88828765948189,42.569794453177316,221.58533871727988,35.321510983961836,1592.1608993303873,385.65753024348874,Minor,E00,1,22,2,93
M018,2024-04-03 23:00:00,69.0608867484651,0.44849885680018886,104.3997916530174,53.38392594782876,,51.65028396783868,1359.5843965968202,1582.0262155722576,Minor,,1,23,2,93
M020,2024-04-04 00:00:00,61.12446980058815,0.39151976713807796,108.04557272935432,52.937390863748725,213.25468117817132,52.6609840617097,1448.8903520709002,,Major,E00,1,0,3,94
M017,2024-04-04 01:00:00,73.61015392811113,,99.83875795977734,29.930835159200495,,53.15716192009743,1643.5057773142778,824.4575079043359,Major,E00,1,1,3,94
M001,2024-04-04 02:00:00,76.35194437887975,0.3879709636501947,98.02946858154704,61.61574147703307,,42.08049231850304,1341.3575718026023,1600.0613913179914,Minor,E02,1,2,3,94
M025,2024-04-04 03:00:00,75.45208399084542,0.3682885071270434,87.4266887058153,40.075116679015515,233.92665274065206,53.17418468344779,1479.6880821786945,1427.7245997126092,Minor,E02,1,3,3,94
M001,2024-04-04 04:00:00,74.53311996862465,0.3749168276176267,105.46894013240747,65.40021657290286,215.38498712817147,48.57133991405739,1534.9565259395376,1234.9292471327983,None,E04,1,4,3,94
M025,2024-04-04 05:00:00,69.90847820427008,0.33551902488339264,101.66998694251129,28.997416637236046,223.44238601432636,56.915903226368975,1413.69178827434,516.7236667481835,None,E00,0,5,3,94
M001,2024-04-04 06:00:00,67.15952249132644,0.3008888044711506,92.62252868231931,48.808786589763734,228.5680683299892,42.20143218487456,1529.0364249429783,957.727682104487,None,E00,0,6,3,94
M013,2024-04-04 07:00:00,75.31036961426268,0.32654502160262283,97.3932800249888,42.77254558873829,226.23186895940088,59.20162569673065,1501.877723304478,1113.5372604289464,Major,E01,1,7,3,94
M003,2024-04-04 08:00:00,74.55868449718965,0.2321798515436244,101.23602599302218,21.297183882789795,,62.079891056985495,1564.1451365911444,1142.5929743911786,Critical,E01,1,8,3,94
M003,2024-04-04 09:00:00,68.63460545493705,0.40893638327728377,,52.89849573661996,231.343890953953,50.92862960413529,1721.063428555013,1656.5674991754775,None,E00,1,9,3,94
M018,2024-04-04 10:00:00,78.65654513515234,0.2635385219477164,100.02141702007913,21.912755679059927,222.46585367753542,53.22939208017442,1821.0253155589023,1997.7173450844457,Minor,E02,1,10,3,94
M019,2024-04-04 11:00:00,66.7028069127144,0.334764706133501,86.0005388223724,41.499997668395686,216.3436088134261,56.271140580392775,1555.5994938493718,1445.941418271564,Major,E03,1,11,3,94
M003,2024-04-04 12:00:00,68.49885972725376,0.3953631529036723,110.79537357481564,58.251305732594254,221.17775112448396,41.7943835816442,1486.7526962352733,986.2433717835331,None,E00,1,12,3,94
M025,2024-04-04 13:00:00,81.81855127405,0.4087577701969938,100.12727427973027,,217.28757231096452,46.109882537670785,1552.910258751537,,Minor,E03,0,13,3,94
M009,2024-04-04 14:00:00,77.21149162640347,,91.20517194807752,34.155190181813765,240.17241585367253,51.473796177226085,1472.1309306131047,964.1721633369222,Major,E00,0,14,3,94
M008,2024-04-04 15:00:00,69.85194416465386,0.34357063473424454,80.32232921289854,54.60427764674412,215.73874677638975,66.21515613092737,1309.5141070532372,150.52231802483504,None,E00,0,15,3,94
M008,2024-04-04 16:00:00,73.7242842578613,0.3821821289614175,108.23307952826714,42.00578339364721,223.86512803583713,40.431149627077964,1494.4091432150044,700.1866721171984,Minor,E00,1,16,3,94
M012,2024-04-04 17:00:00,72.92875346714303,0.35364112764836286,104.46473242178914,40.13928366372214,207.99307520690687,63.10179643993492,1629.8540470261682,251.2310676455849,Minor,E01,1,17,3,94
M005,2024-04-04 18:00:00,55.52631681013573,0.44408524703714813,101.6854857077524,60.29990972603188,221.0625471449713,48.45418893920401,1324.2303443672874,,Major,E00,1,18,3,94
M011,2024-04-04 19:00:00,66.5611563031597,0.2924735170059778,106.90918401011683,30.99265517814507,217.7031691565498,49.72450414908694,1381.8492139963178,1128.6865012270707,None,E00,1,19,3,94
M006,2024-04-04 20:00:00,71.69492029734431,0.2065671208866862,106.88718717037369,39.48471293435494,,59.744354817459254,1430.165778677133,562.9315200271658,None,E00,0,20,3,94
M002,2024-04-04 21:00:00,69.86033114064416,0.4067228211737965,101.55550456042826,55.397364132837254,225.6140242829173,66.17159585393179,1544.681262809417,858.354025453032,None,E00,1,21,3,94
M010,2024-04-04 22:00:00,73.48261538898252,0.31240397162670586,97.96628626193747,30.216631733885787,231.3359877783466,53.38276633312602,1785.239912042015,629.4572939993019,Minor,E01,0,22,3,94
M017,2024-04-04 23:00:00,78.77689387768751,0.2269021581689801,96.66286721107794,,230.70055467318656,59.31797589106208,1402.8820607678629,1149.1988031748642,None,E00,0,23,3,94
M020,2024-04-05 00:00:00,70.07078529207644,0.3389041326603468,103.3675361912416,42.39783017919873,219.46956056967974,42.637538842676086,1510.9458197026304,858.6057433649697,Minor,E00,1,0,4,95
M009,2024-04-05 01:00:00,65.6540712232628,0.4361390583152191,111.17625099903479,55.494328576948384,,45.76425364037685,1500.6934398307537,1603.975815287846,Minor,E04,0,1,4,95
M009,2024-04-05 02:00:00,73.94910995106628,0.2615723167531111,,55.4692221362705,213.38314920301858,,,1267.8738265140532,Major,E02,1,2,4,95
M020,2024-04-05 03:00:00,70.04025999859319,0.5135197167763087,111.81181924733377,43.17254491245087,222.42190380817584,45.8752953233137,1494.275674389955,1841.9149261695607,Major,E04,0,3,4,95
M018,2024-04-05 04:00:00,71.06361899506858,0.29134828838243365,102.9852197876193,39.25185465784129,221.26228890709677,54.52187833681619,1444.2315307580013,1018.0939924586824,None,E00,0,4,4,95
M021,2024-04-05 05:00:00,70.24935768508153,0.35609075978880245,103.0455277481333,44.48442525654965,,51.697163676398226,1829.1573063688713,2057.7465145187603,None,E00,0,5,4,95
M023,2024-04-05 06:00:00,85.45102680006592,0.2646607307506674,119.24087573859178,53.5522109698845,215.71911754930815,63.81682164982435,1589.9610245308543,1201.0079802331616,None,E02,1,6,4,95
M021,2024-04-05 07:00:00,58.55577443401233,0.35291272440872096,,33.16290187246971,231.49789945049622,66.437688284648,1445.262703530172,988.6140391856966,,E03,1,7,4,95
M024,2024-04-05 08:00:00,69.66999658120412,0.3406376524768926,113.42887395510571,,208.2185294214409,48.90796467739465,1642.0298312212851,2163.494339865984,Minor,E00,1,8,4,95
M011,2024-04-05 09:00:00,71.97786584610965,0.24573542683682387,93.61909073306514,62.81043266104348,215.27627854679153,44.5625247190318,1530.803046949705,468.59757548004313,None,E04,1,9,4,95
M010,2024-04-05 10:00:00,67.31314504630333,0.5478078878265636,,36.18173915480524,211.38314313095307,59.280287195170445,1506.9536910571564,978.9285520988689,Major,E00,1,10,4,95
M009,2024-04-05 11:00:00,77.3989549927697,0.31532639816869135,99.34226564704035,49.24900658434083,218.32821448258682,60.113789118068894,1478.1581379526767,533.9804142281703,None,E02,1,11,4,95
M006,2024-04-05 12:00:00,76.87954607231784,0.315387620988578,98.18007056197195,42.57354949321076,229.97253127518366,53.52998505428731,1469.99595973199,464.6898507289587,Minor,E00,0,12,4,95
M019,2024-04-05 13:00:00,71.71347228906876,0.4178325115547558,82.72601269269408,43.10561266531905,217.69796877480627,55.64448849718933,1353.6035182491178,373.14562810996745,Minor,E00,0,13,4,95
M018,2024-04-05 14:00:00,70.37595746793784,0.4769978418343928,102.61032659643058,62.164676656651736,220.8118186861914,54.39322155896923,1299.1605664636224,,None,E00,0,14,4,95
M021,2024-04-05 15:00:00,71.32825899461012,0.4288505807603012,91.33316833517888,43.977969746909714,225.3139428514019,42.08994648269864,1544.48877670751,668.3790416897209,Major,E00,1,15,4,95
M005,2024-04-05 16:00:00,71.37128007811313,,103.26603062837593,40.71808646138547,217.31746913574858,40.25142726908736,1476.9501283086588,1098.089750320125,Major,E01,1,16,4,95
M013,2024-04-05 17:00:00,71.52976183124542,0.36497363066462635,90.70747893409846,,223.06102131408994,49.59278480884364,1605.291809965256,,Minor,E01,1,17,4,95
M006,2024-04-05 18:00:00,70.8720053908992,0.21830392623305034,114.38159870235843,38.95849897106993,222.0060460146563,48.39267643829882,1393.2117344535448,1385.3380658505805,Minor,E00,1,18,4,95
M023,2024-04-05 19:00:00,73.51469588755435,0.4131193556925649,104.41259170301383,36.95891168849947,210.9535254882715,52.21555045476605,1368.2467745441254,1365.5679646705235,None,E01,1,19,4,95
M007,2024-04-05 20:00:00,76.5192723889672,0.23553683030286762,118.23897260599661,39.00663764500944,216.28547684358767,48.950201381231665,1593.141483523433,1685.52854348064,Minor,E00,0,20,4,95
M004,2024-04-05 21:00:00,64.61843911440855,0.29377590734735337,,64.95852135466339,222.83668490461395,36.37388239295289,1464.5593869011004,1843.7719785738743,Minor,E00,1,21,4,95
M015,2024-04-05 22:00:00,65.69601660460111,0.34977589471780823,112.3934339576638,53.53786592472511,230.25753620525828,33.10245399401017,1602.6880566422544,699.3059146492204,None,E00,0,22,4,95
M022,2024-04-05 23:00:00,61.50889182309886,0.38115045927987085,85.57830066373738,40.85764141368393,230.25008233806543,55.899443330952195,1504.0153656409261,1393.2810936837834,Major,E00,1,23,4,95
M023,2024-04-06 00:00:00,77.19838440214559,0.3317345763623276,101.66460381179435,56.77986761542587,236.76389624346663,44.69767625317254,1725.3027470243774,1091.1133712452986,,E00,1,0,5,96
M003,2024-04-06 01:00:00,73.50193975914277,0.4563358573713017,94.9470150404644,25.953674383351554,223.88365724763568,48.14300475736549,,1141.3299192146349,,E03,1,1,5,96
M009,2024-04-06 02:00:00,75.03160509559662,0.40062677075345954,96.41634771799714,61.50814022058804,216.69348356252502,45.536202802097606,1549.169730788865,595.4099681891161,Minor,E03,1,2,5,96
M004,2024-04-06 03:00:00,63.42301056981919,0.39513073278449456,95.86802865672936,60.541869237923066,219.4883813449734,42.69560718187859,1595.9911624728843,,Major,E00,1,3,5,96
M008,2024-04-06 04:00:00,82.70968873728083,0.26394193686107353,,71.8360081682837,219.08988145362446,42.48118520989332,1467.2522476965253,1030.9019558873272,None,E00,1,4,5,96
M014,2024-04-06 05:00:00,68.34689455112786,0.4689557528281782,89.92249354679446,57.13861726894388,216.73695829411324,,1302.8502774002961,1772.1015640380035,Major,E02,1,5,5,96
M008,2024-04-06 06:00:00,73.00923484266754,0.29378543990050415,96.46058554454824,50.24681452638207,223.0636427476973,48.08679745190278,1543.3113702492717,737.8786097365837,None,E00,0,6,5,96
M002,2024-04-06 07:00:00,,0.4716279703090966,100.92822717829497,60.49368461841779,223.43590797291318,55.07811436746112,1732.9907065754321,245.81802253581006,None,E00,0,7,5,96
M013,2024-04-06 08:00:00,,0.49155365398479,109.30955485300815,37.49028682351684,210.60994002446003,56.15267924520637,1225.1469192914763,1197.559827149204,Major,E04,1,8,5,96
M002,2024-04-06 09:00:00,68.722053848924,0.38588595726546426,102.36280317296843,40.2550020995742,228.705360382197,52.53251316805812,1556.2973950437975,697.2937623565064,None,,1,9,5,96
M006,2024-04-06 10:00:00,73.07503064760525,0.42224091683755943,109.3323216103551,44.229062178558735,,56.416347808610745,1315.7772511664411,1144.1694016364313,Minor,E03,1,10,5,96
M001,2024-04-06 11:00:00,89.14483845278824,0.13419561658601914,88.1745850243432,61.42657837080471,218.22014437661034,50.1144734929564,1497.2034534801437,1464.3022835380252,None,E00,1,11,5,96
M003,2024-04-06 12:00:00,73.80674845711215,0.33634983091567355,96.53624475433007,34.729459766613196,229.19452218444954,60.91052310791308,1509.5351286664006,1160.0737655584699,None,E00,1,12,5,96
M011,2024-04-06 13:00:00,81.63816690378431,0.42715159479436776,105.6880393530914,33.45525962916409,224.85913141438658,56.58733122380669,1589.6224446355677,1027.5020095803648,Minor,,1,13,5,96
M022,2024-04-06 14:00:00,79.23403887115174,0.4147157187819859,102.74552604633087,47.8384569384842,217.14420939218357,57.65154554052601,1525.2195535068843,1137.3756391477048,Minor,E00,1,14,5,96
M020,2024-04-06 15:00:00,74.2080602189671,0.26461936633300853,93.11059908272658,53.610365964910386,235.75058810760785,42.49185862575304,1664.822238585662,1538.9596916197156,None,E02,1,15,5,96
M003,2024-04-06 16:00:00,66.06482537021593,0.32943945720924883,107.47255113732722,36.56303308871909,216.47941198155058,52.10595029523941,1639.9680437338848,,Major,E00,1,16,5,96
M001,2024-04-06 17:00:00,78.3585216649094,0.1724544146359197,95.74981454438014,53.045015433263195,203.98439224761375,35.31981495837979,1476.399106309631,1491.3927655513944,None,E02,1,17,5,96
M009,2024-04-06 18:00:00,63.01133795011172,0.37890949881209274,,,223.62191750675547,61.208183519065244,1631.3271458076142,798.223611090422,Major,E00,1,18,5,96
M017,2024-04-06 19:00:00,81.60525074206255,0.2181670119141223,,,205.77189155645283,45.01338549570732,1462.4663056913128,1440.8282004119678,Major,E00,1,19,5,96
M019,2024-04-06 20:00:00,73.20003184930953,0.42913344899513,100.04935492267388,49.2395132223389,213.34841177246824,46.12238402506394,1441.8170918438975,582.7639544446594,Critical,E03,1,20,5,96
M021,2024-04-06 21:00:00,56.09865871621094,0.43279074025021863,95.81670131977111,43.91282701333227,,39.061095485884266,,1417.0041460631217,Major,E01,0,21,5,96
M009,2024-04-06 22:00:00,69.95696342980897,0.3167943229915451,,65.82748362776897,216.31313867281239,49.70982676404901,1657.4356717886567,1159.2514201280076,Major,E00,1,22,5,96
M005,2024-04-06 23:00:00,75.92368692553764,0.3864893151317862,91.44162560154642,45.18484793389741,224.64487606202357,47.85398230189415,1463.9969744784303,1238.6217057184838,Critical,E03,1,23,5,96
M001,2024-04-07 00:00:00,70.5778567617614,0.33480308931576436,96.83401403152908,56.284255435382455,210.7352053444826,64.58158133069463,1209.4194922576423,1583.577380001699,Major,E01,1,0,6,97
M004,2024-04-07 01:00:00,76.29003486596145,0.3669335876510406,108.80007548389949,68.49937775022691,226.86784019409657,56.87388309573042,1565.0479235552355,,Major,E01,0,1,6,97
M002,2024-04-07 02:00:00,66.89985499372622,0.2696918403729795,101.95640370390531,55.02321695555921,206.47242806990573,45.882791095608326,1447.9179816663884,1189.9795252142133,None,E00,1,2,6,97
M022,2024-04-07 03:00:00,64.16410576327435,0.39357448362679365,107.66875264621876,33.03490520511585,230.54905286366815,36.6701363830998,1464.1663304272915,1321.3202662845747,Major,E02,1,3,6,97
M007,2024-04-07 04:00:00,,,104.12854830139761,30.13172662430055,216.19715010415828,31.730635902048,1471.9180191749365,1080.3954852824902,Minor,E01,0,4,6,97
M021,2024-04-07 05:00:00,72.1893940037395,0.22190488863694324,95.10203034422544,41.42844695924279,232.24926817654548,41.78997376041173,1459.613704878049,1486.715749021043,Critical,E01,1,5,6,97
M014,2024-04-07 06:00:00,69.90969389362607,0.34146501783331057,86.80686980172605,53.513989481498704,213.27590168826606,39.35026761903451,1827.332147143607,1331.9284483697534,Major,E03,0,6,6,97
M014,2024-04-07 07:00:00,79.36374687985315,0.33521297042721043,92.58516508236964,50.337430402128156,235.3981222537475,52.788907351341514,1699.5246863655266,968.0285556100964,None,E00,0,7,6,97
M012,2024-04-07 08:00:00,66.89875574916566,0.3690611211386225,94.63011351121985,71.48498478556408,212.3387110877826,48.840423792313786,1583.9006503122152,1704.2927302915236,None,E02,1,8,6,97
M021,2024-04-07 09:00:00,73.8789936439941,,94.01133703766672,50.220675453136884,205.6484105599625,50.138610208390126,1528.958983243479,1424.758449694579,None,E02,1,9,6,97
M002,2024-04-07 10:00:00,,0.48199841660499126,,41.070705398992395,220.34482620895395,42.408624732144524,1635.4513468762375,862.9730533814651,Minor,E00,1,10,6,97
M003,2024-04-07 11:00:00,62.6597042871835,0.3612423492565609,107.76470773479761,31.399894762681317,229.87191231276813,51.21625915792262,,858.9618168118052,Minor,E01,1,11,6,97
M011,2024-04-07 12:00:00,64.08581889798893,0.36630172449613574,117.69503712221317,59.16524853476814,226.32630810102876,,1597.9039655409877,1112.1949463520016,None,E02,1,12,6,97
M010,2024-04-07 13:00:00,72.0714660974918,0.36380637141849315,93.89023063046092,44.927265249500984,229.30377015331075,49.29360072766442,1566.9866278134284,1378.9912862797983,None,E00,1,13,6,97
M014,2024-04-07 14:00:00,83.88719999212178,0.42020369082636544,112.77958644851532,26.92632278120722,226.4841615830525,56.6419773036871,1515.4013950158526,314.6238020991632,None,E00,1,14,6,97
M019,2024-04-07 15:00:00,75.47561887139287,0.3903212190139125,112.73013764531304,45.267127234983235,213.43785688835464,47.076537744089975,1612.8374917188437,879.7962606224303,,E00,1,15,6,97
M015,2024-04-07 16:00:00,61.646191049132206,0.38094125297957954,,33.05114266647592,226.13133516068217,53.54915059254631,1449.5790594285452,969.0088081620021,None,E00,1,16,6,97
M007,2024-04-07 17:00:00,53.337071609283974,0.4015188873405913,103.78844317552188,39.89234987580221,220.74267161881977,34.18508177143565,1507.0143965379445,624.9383241045161,None,E00,1,17,6,97
M009,2024-04-07 18:00:00,76.39832155802628,0.22227697540669658,109.92586599312969,45.074303717312,214.3221494383492,33.54332162469622,1382.4675188468539,,Minor,E01,0,18,6,97
M019,2024-04-07 19:00:00,71.4227191024308,0.22492066445899556,,,221.43483269951403,52.61806988477133,1396.3233322226263,1254.9205006548293,None,E01,1,19,6,97
M006,2024-04-07 20:00:00,78.84759581706221,0.3446758878288989,98.90886578228286,39.14850997252372,219.54939357507556,58.376152346096156,1196.5019153179242,1004.4351010794828,Minor,E00,1,20,6,97
M013,2024-04-07 21:00:00,66.71569247573134,0.33616282821226684,94.98130063106038,36.07056199064017,231.32794012255098,48.09412821203099,1554.788126479271,1035.869468752781,Major,,1,21,6,97
M014,2024-04-07 22:00:00,74.10127498715116,0.39058668908337457,,36.39252964415717,215.88098085798018,67.16166737807653,1587.7823902436912,,None,E01,0,22,6,97
M019,2024-04-07 23:00:00,,0.35140118315284535,100.56377293190783,32.90375379442128,215.50705899679232,38.452815914036314,1630.25035372318,1114.5933174834008,Major,E02,0,23,6,97
M018,2024-04-08 00:00:00,69.31521817076111,0.39073054541179475,94.3210453803726,,214.41089087695272,44.56012953248991,,,Minor,E02,1,0,0,98
M012,2024-04-08 01:00:00,69.4434865786136,0.26280833113070995,91.39721101106538,34.26361869871256,235.17478775714002,51.120733584407205,1552.7890707370113,,None,E01,0,1,0,98
M008,2024-04-08 02:00:00,72.15157698659034,0.34924788007139135,,52.039009391710145,214.85850860534052,53.714998777349116,1499.914695078975,1897.331102812421,None,E00,0,2,0,98
M010,2024-04-08 03:00:00,75.25605807936198,,88.38950207343122,47.409600642363486,230.37470585956004,45.32877839580143,1588.5097931784373,1010.7337211626831,None,E03,1,3,0,98
M011,2024-04-08 04:00:00,71.91399597292853,0.37708005540599804,106.44863913024494,59.33658269988946,211.748899998708,41.52588000456919,1421.8295497320807,751.0239513569906,None,E02,1,4,0,98
M006,2024-04-08 05:00:00,77.84397802655693,0.2185200470345675,103.86879452208417,67.64044068525124,224.05299057754718,54.96210292188315,1459.64462226874,1541.8409709454452,None,E03,1,5,0,98
M016,2024-04-08 06:00:00,69.22838886439781,0.37438170689786154,96.79845430642199,53.12790016706123,222.10007518904374,51.065925247768384,1313.5800166669576,1436.945513517753,,E01,1,6,0,98
M006,2024-04-08 07:00:00,64.02962876722134,0.2471700433372021,99.49351797724432,50.395044295599696,229.86694766604256,47.2430318223342,1413.969582593296,1949.8980748514,None,E00,0,7,0,98
M017,2024-04-08 08:00:00,83.86185220867908,0.3231530544744743,90.47823124676606,53.884047267538726,228.7070305967237,53.99051646705034,1500.371787392773,2056.431082884097,Critical,E00,1,8,0,98
M019,2024-04-08 09:00:00,68.37219758074532,0.4126449384014474,106.00270882692301,50.599065804025905,220.65512034994597,48.909217200894105,1520.8950931315374,389.276972359367,Minor,E00,1,9,0,98
M025,2024-04-08 10:00:00,68.58934749769351,0.3659165992018892,101.49891392841012,45.602392145119104,215.70339256453687,48.882062534427774,1297.694059869564,1663.4637843290511,Minor,E00,1,10,0,98
M003,2024-04-08 11:00:00,71.6051800735669,0.2348037843392989,102.09479963671636,44.64809032383122,232.99969311281538,48.58738455078647,1438.6259041833666,1110.9968207777445,Minor,E00,0,11,0,98
M019,2024-04-08 12:00:00,,0.3029324308714183,104.01512303738504,32.73996043125562,214.90442038663872,43.43153797201026,1519.2378681891769,1419.6353516526965,Major,E03,1,12,0,98
M003,2024-04-08 13:00:00,69.6798981450703,0.24490350321662382,94.8606766888662,55.06703465165807,201.85820980100488,42.61805214415976,1668.9652093114173,1511.1393354656457,Critical,E00,1,13,0,98
M009,2024-04-08 14:00:00,71.89539661830595,0.23136690502763643,87.84753380063253,44.62446228170004,205.1314763479354,45.7943814429331,,1494.3658665268358,None,E00,0,14,0,98
M005,2024-04-08 15:00:00,71.76142661143096,0.3582364223293782,107.65854699930105,,207.07950920709146,50.256567784033564,1558.8076820097249,1600.1478612166527,None,E01,1,15,0,98
M005,2024-04-08 16:00:00,73.04891596212484,0.3892208840492072,105.50974730889926,55.9816308430238,224.76556436159956,35.02981195072765,1432.612187833035,975.8921666988434,None,E00,1,16,0,98
M005,2024-04-08 17:00:00,57.855075246076105,,95.71712957383252,37.48858053268827,237.71574081315617,57.5579576122747,1446.5068304532342,818.8477079123264,None,E00,1,17,0,98
M002,2024-04-08 18:00:00,83.2852578420471,0.39218387704158253,103.27288159304032,59.96029256278506,203.68031462598404,50.14753005982236,1394.6914515974547,1674.7652511936712,None,E01,0,18,0,98
M021,2024-04-08 19:00:00,71.11627011879266,0.34916624043799266,110.0637875097436,20.0,213.73956093468357,41.47928342996639,1374.6792072089788,851.3088069684849,Major,E00,0,19,0,98
M002,2024-04-08 20:00:00,75.4837357166819,0.33086268468750224,109.10960642467151,,220.71220635830568,62.93276137708291,1443.0248450486783,1944.5594840614463,None,,1,20,0,98
M010,2024-04-08 21:00:00,63.73139195079585,0.27488514710563794,95.48352930854404,28.938656667004018,232.3640557253644,50.33433863169526,1625.7613355223355,894.2498806027221,Major,E00,0,21,0,98
M018,2024-04-08 22:00:00,69.1739984325045,0.31919442297746503,88.08991163652598,50.941346150050435,213.69649984678185,,1409.4036137721605,1047.6656545249798,Major,E00,0,22,0,98
M025,2024-04-08 23:00:00,67.96610480207751,0.257505613027168,89.46227888322598,50.12899399377034,224.72639857986914,62.57376731082769,,1123.835883590703,Minor,E00,1,23,0,98
M022,2024-04-09 00:00:00,80.81834258705128,0.29083841310111563,97.50619189635911,58.484602342101,217.99928601269303,,1525.0953332967756,,Minor,E00,1,0,1,99
M004,2024-04-09 01:00:00,68.4851183589847,0.3562248809306629,111.69853706629726,41.05563831234706,240.85729306332212,42.7297519287444,1500.6256016368222,584.7297567429314,Minor,E04,1,1,1,99
M025,2024-04-09 02:00:00,76.54847992164055,0.3417535738721354,94.17243670286905,20.0,221.15632230106624,47.41615905523345,1491.8106982074419,1564.8137956101684,None,,1,2,1,99
M017,2024-04-09 03:00:00,68.09747728396083,0.5645309626526344,95.22937717592515,41.072545063433324,222.84551018516262,46.339304669893515,1530.4785206680726,511.98447911139215,None,E00,0,3,1,99
M005,2024-04-09 04:00:00,69.28428636207633,0.25579430817464943,95.06471121505345,42.37005237000411,220.6740556741173,34.88425005517868,,2207.865131485377,None,E00,1,4,1,99
M012,2024-04-09 05:00:00,70.52669900879589,0.34124308954177524,95.74615362969067,20.409695800592356,216.68250745845103,52.5975000471525,1392.131734990135,1162.349605883611,None,E01,1,5,1,99
M023,2024-04-09 06:00:00,79.7030707609758,0.25033875221573926,99.91018524730698,45.544459307528854,227.59896327121646,56.76116324332278,1618.3500695142138,788.262298963324,Minor,E00,0,6,1,99
M010,2024-04-09 07:00:00,60.66088404581929,0.32285498868210344,89.75959860358596,32.089782136025455,210.7277795739137,55.255110504839024,1482.4883398627223,1368.0872963448826,None,E01,1,7,1,99
M005,2024-04-09 08:00:00,64.1060186683534,0.32570347725193705,108.67487965061561,52.78902123712144,203.98430079671255,50.26203040171663,1571.572955461183,215.2369737174073,None,E02,1,8,1,99
M022,2024-04-09 09:00:00,60.3161690058611,0.40914160183631965,98.84143137592282,42.047043170081835,218.7984430038118,57.53727248230087,1646.8849917539521,1066.5728441003541,Major,E00,0,9,1,99
M024,2024-04-09 10:00:00,65.4749872814313,0.3185233422547455,119.83307659780269,68.5331386262368,226.52450976529985,40.917233269200224,1601.4891679732227,1117.8634556033455,Minor,E02,1,10,1,99
M025,2024-04-09 11:00:00,67.13039969284736,0.33660762799606886,90.61143201159987,41.925856117914215,215.35378483840225,64.54625273530414,1335.625458173763,693.5180963836763,None,E00,1,11,1,99
M024,2024-04-09 12:00:00,62.313112475457665,0.31987774262694463,112.71892937459927,50.16469519609434,221.4919243545853,,1486.0201437336148,947.2875756820276,None,E02,1,12,1,99
M022,2024-04-09 13:00:00,,0.2519263779159953,111.1307631838919,42.443141922485964,210.23442942882616,44.711938806612594,1624.8997775814933,,None,E01,1,13,1,99
M012,2024-04-09 14:00:00,59.91171311439951,,96.70652792923481,25.5207817384751,228.50130648235324,45.39827390073588,,1273.3000921708147,Minor,E01,1,14,1,99
M005,2024-04-09 15:00:00,65.89206765739391,0.32326442994413274,96.83951509190506,42.54344393835005,225.21527706083504,44.81482628114855,1522.0729492067394,,Minor,E00,0,15,1,99
M016,2024-04-09 16:00:00,79.2025223994612,0.3551678118384469,92.62961747096082,54.04096129405775,220.1578265529457,48.458207548221694,1303.2539819983078,885.2695608442781,Major,E00,1,16,1,99
M006,2024-04-09 17:00:00,74.42152842168662,0.3891263101057377,92.72142859808356,52.22387766797955,221.34983830313254,48.14844146355545,1426.0177173648747,670.6402520363513,None,E00,1,17,1,99
M012,2024-04-09 18:00:00,73.12480603303517,0.3335782443202279,99.99515240180114,,,51.03711987708732,1508.3192674855818,1103.575933358894,Major,E00,1,18,1,99
M017,2024-04-09 19:00:00,65.9833286623253,0.3323476615213057,100.16556787397089,27.518926597008424,209.20885340977117,43.45042288527008,1328.8921177508605,216.95105147264596,None,E01,1,19,1,99
M024,2024-04-09 20:00:00,62.783490245731656,0.22954307890590625,87.18115786447068,52.733503052799435,219.0240686098133,51.33283484816132,1595.2362843512585,761.2746641080811,None,E00,0,20,1,99
M008,2024-04-09 21:00:00,65.16506354679431,,118.34804258660691,50.03383902556187,224.1098784858034,41.27658164889786,1485.8873137971866,699.0000207866552,Major,E00,1,21,1,99
M007,2024-04-09 22:00:00,71.74074103862391,0.3012871478994971,97.9238651426955,,224.51502936753016,55.85979775988689,1262.4418262972404,384.4934982366965,Major,E00,0,22,1,99
M019,2024-04-09 23:00:00,77.20906067836,0.4022986266760843,100.5248982177375,41.71065365718453,217.09653700708813,55.76056066162972,1432.00667069753,1459.686980268529,Minor,E02,1,23,1,99
M001,2024-04-10 00:00:00,77.41420450281193,0.4421507963497937,94.99010053269247,24.787502486285305,225.9630268503314,49.953704716485085,1465.6408853720081,1147.797520508723,None,E00,1,0,2,100
M015,2024-04-10 01:00:00,75.7836741749,0.3368459481314896,97.86392368726533,51.405122196920345,231.3663322193086,44.80242302917831,1484.415155511076,952.1319348386003,Minor,E01,0,1,2,100
M019,2024-04-10 02:00:00,67.57465881559233,0.27836821034638753,97.13697511004634,44.89028681911819,219.29066066668614,52.48906650120807,1670.3545402479308,1468.4065335512303,,E04,1,2,2,100
M014,2024-04-10 03:00:00,72.14729899442393,0.3488310970839591,99.97655659339792,61.70020528080135,222.47731125289422,42.89882269924795,1569.4152434416026,542.291480921865,None,E00,1,3,2,100
M010,2024-04-10 04:00:00,70.07194481977652,0.3744091398613047,99.88328071657509,45.344796389357015,218.33716695732699,50.2763218506917,1336.1452466444346,,None,E00,1,4,2,100
M021,2024-04-10 05:00:00,70.7928614190315,0.3279135999127295,106.43893078832856,44.45439732972598,218.9895495282519,48.78547773956459,1321.2590038114577,1646.9302232137177,Minor,E03,1,5,2,100
M010,2024-04-10 06:00:00,84.22276738175887,0.3105173113434473,101.8177594967902,50.00705366239177,221.3565145836666,71.0392674693141,1467.982019891044,2112.562802690882,Major,E01,1,6,2,100
M018,2024-04-10 07:00:00,61.42799857797832,0.3894472547488189,105.63426416319602,37.83682717438643,233.62611431243093,40.18357987212189,1515.1452333869322,1473.6906220740314,Minor,E00,1,7,2,100
M012,2024-04-10 08:00:00,70.59193910446643,0.38483047922859365,99.92151342555653,37.258371346517166,227.3222110179644,28.66152034617817,1619.086138697134,1388.6287134023357,None,,0,8,2,100
M001,2024-04-10 09:00:00,,0.32575972517709895,101.85002044084713,43.8252568039447,226.60147547009745,44.89935645515406,1707.5871977294935,,Major,E00,0,9,2,100
M014,2024-04-10 10:00:00,63.20465102979877,0.23421536843175167,98.06955453853382,33.95512430076033,216.37005706999145,36.275747046851286,1714.1067020963978,,Major,,0,10,2,100
M002,2024-04-10 11:00:00,68.1375154484025,0.38194647297656165,108.02489387470119,42.250854414408415,212.81459880966634,44.18644111240853,1446.9179958394664,1290.9077028138804,Minor,E00,0,11,2,100
M024,2024-04-10 12:00:00,68.82576901459416,0.2962870964591036,102.5809794361274,68.27473628938439,223.11628352764833,39.619166898886654,1612.1461617782227,1749.1592738787117,None,E02,1,12,2,100
M016,2024-04-10 13:00:00,70.6602616676761,,98.7354011638968,,229.94996251179813,42.76399469972582,1551.0754438708307,1370.6172277918479,None,E00,0,13,2,100
M010,2024-04-10 14:00:00,62.4242570423627,0.3605810062175326,98.49671892358944,48.6964552967958,233.7872351882625,41.48072272791404,1369.1056161572687,,Minor,E00,1,14,2,100
M013,2024-04-10 15:00:00,75.57171636202824,0.2177736801070134,,63.62012713145902,200.3789024858744,57.70361186477832,1273.4526205428003,833.5086013573975,Major,E00,0,15,2,100
M016,2024-04-10 16:00:00,75.99772369507886,0.35567571790881014,100.24355138941625,35.10124682392025,239.57110634074735,49.61176418123956,1517.2929791519546,1446.7701173058292,Minor,E00,1,16,2,100
M007,2024-04-10 17:00:00,75.05025195010768,0.3860172767762119,99.54911119024864,74.88527843855995,223.3358955859815,58.60362242513514,1320.5797195667851,931.4623265794133,None,E02,1,17,2,100
M008,2024-04-10 18:00:00,66.77775795425352,0.3946006690717341,95.52926675830912,39.473969789283274,227.27144291331035,50.32385187336317,,1256.0607122883446,Major,E00,1,18,2,100
M011,2024-04-10 19:00:00,72.51906474472376,0.35821560257674184,106.11920444214608,69.04567074611015,206.0804471248355,57.42871938371374,1417.8200652134838,1446.3283482364586,,E01,1,19,2,100
M007,2024-04-10 20:00:00,66.60335856258547,0.21159697692352866,106.62460794038536,68.99283657335579,218.10475330588275,47.58283917250179,1526.2501598903118,,Critical,E00,1,20,2,100
M019,2024-04-10 21:00:00,70.00442003537093,0.4393956743530646,114.27085470320597,23.961242318433534,226.58278333517768,62.75641624433861,1653.6745445279946,793.1688839061944,Minor,E00,0,21,2,100
M003,2024-04-10 22:00:00,84.92080756302526,0.3787715867279806,95.17096231484192,62.605105717701775,210.6020179302523,53.76774543026185,1501.5292149967747,1345.0383458882025,Minor,,1,22,2,100
M021,2024-04-10 23:00:00,72.57417226557753,0.26576764694406657,105.33150980121684,,196.89350904025966,43.76143103226765,1435.3340983916949,1146.0911841698562,None,E00,1,23,2,100
M009,2024-04-11 00:00:00,64.87484054407696,0.2948565871889208,84.72690146973854,38.18437851218316,222.68404281842598,54.95319681526934,1251.783968400331,1254.4521003948857,None,,1,0,3,101
M015,2024-04-11 01:00:00,73.08201204398348,0.3661856946506164,106.6323445201751,51.295657441979834,,50.216787167268045,1555.0048259599273,1462.857521533005,Critical,E00,1,1,3,101
M004,2024-04-11 02:00:00,63.889224443620144,0.3975848935308779,88.34734307994252,32.9050161029429,231.5306967030147,48.37993854296708,1503.4273815465028,1722.914422314987,Major,E00,1,2,3,101
M010,2024-04-11 03:00:00,64.80593764490993,0.31584260005566084,,51.023965054995344,218.72065219292307,50.76817027078496,1434.0375703488282,1465.3061191432798,Minor,E00,1,3,3,101
M019,2024-04-11 04:00:00,,0.4077867785165352,102.65780263212655,33.7104662124292,219.30624965534003,56.009997872922604,1639.9310117447606,,Minor,E01,1,4,3,101
M007,2024-04-11 05:00:00,69.33414328682589,,95.0280077166215,47.124951351141824,225.58142004509466,33.059899330684544,1357.103526799014,999.8491518584019,None,E00,0,5,3,101
M004,2024-04-11 06:00:00,77.62181397353521,0.27702786922343486,93.93317191997672,61.02435094908178,,47.19247641818197,,1061.2638986307427,Major,E03,1,6,3,101
M014,2024-04-11 07:00:00,75.47038918810104,0.2054945193110542,96.12147182001323,49.638215225189434,214.33001253872445,55.46136571678051,1470.596664620038,1381.8012986064045,None,E01,0,7,3,101
M005,2024-04-11 08:00:00,75.13797196948397,0.28718163999912144,105.8370079353482,40.682500952626235,227.55599007661615,,1432.5379887380832,1054.7005269959006,None,,1,8,3,101
M008,2024-04-11 09:00:00,65.40645260645674,0.4555654029180866,92.53687682865805,51.496933330055036,215.82612938456307,40.9889520847897,1566.090530334062,1380.1439173212734,Minor,E00,1,9,3,101
M012,2024-04-11 10:00:00,68.75211386738611,0.49404615642097816,99.56676108621971,28.122237095941202,220.13217282981265,31.057901035928943,1555.669659658899,873.7531084311613,Minor,E00,0,10,3,101
M015,2024-04-11 11:00:00,73.63200664129913,0.366421332776131,96.9707497236853,34.93367058964759,225.36615794245887,63.60741333436656,1626.116403070097,1971.739841468942,Minor,E02,1,11,3,101
M016,2024-04-11 12:00:00,68.23008008766952,0.30530995549120116,106.55912617063211,,226.761090751024,48.503343604989645,1560.2784444454476,1277.4712471915846,Critical,E00,1,12,3,101
M017,2024-04-11 13:00:00,70.32980135819341,0.33448520694043393,106.78337403266275,54.44220295341751,222.54651925123778,62.11239606999233,1486.1551642157983,1251.2020780336204,Major,E01,0,13,3,101
M022,2024-04-11 14:00:00,74.6481521551797,0.3831337923583115,,49.86958504585715,211.3555573837344,56.35970199858171,1459.2218539519154,1006.9578271840273,Critical,E01,1,14,3,101
M002,2024-04-11 15:00:00,69.90736391279219,0.2405913403852642,108.36087535011453,51.4219974540161,205.037962326118,43.65109154754512,1554.6333186856382,1965.2082972152775,Minor,E03,0,15,3,101
M010,2024-04-11 16:00:00,73.35635753461216,0.3099250576813156,95.11395274832951,,218.49635209420438,29.988529687330708,1477.163267494171,,None,E00,1,16,3,101
M001,2024-04-11 17:00:00,,0.4504425152115174,101.89033758877339,35.54280424796922,227.77027886967812,46.302804606444404,1505.6672682020217,918.7932623811495,Critical,E02,1,17,3,101
M001,2024-04-11 18:00:00,70.96884720607801,0.2768002951470146,92.48873007693362,62.85740323883203,223.59757953118194,49.70206106798225,1561.1619945835635,1541.4366842884465,None,E00,0,18,3,101
M006,2024-04-11 19:00:00,79.07602685831523,0.297568257051692,102.96907682167827,36.62647854638808,221.9362640590403,53.60528017262082,1516.6267029655166,1295.8625787762003,Critical,E01,0,19,3,101
M015,2024-04-11 20:00:00,75.35622040384415,0.35092355591870084,120.41079162896881,50.02846739646984,219.94378754826815,41.112971146833,,969.2928560173518,None,E01,1,20,3,101
M023,2024-04-11 21:00:00,63.1965480390794,0.36981995816532964,101.01732449028026,43.654744162155,222.4728147477735,51.42405266442152,1405.0893973746743,980.7649576299633,Major,E00,1,21,3,101
M020,2024-04-11 22:00:00,65.38717782441886,0.3062497167660369,96.32121825882915,51.75591800441587,212.04727058436865,51.42113526063857,1661.9646733464792,1083.6436439428414,Major,E00,1,22,3,101
M017,2024-04-11 23:00:00,66.99842470158062,0.35538750682763687,98.14271012259567,37.73415617739676,226.24161455332225,57.88762533009303,1367.199253825783,1240.8558652668735,Minor,,0,23,3,101
M020,2024-04-12 00:00:00,66.8709904984033,0.39255576736176073,88.24776034209584,57.6321259306446,,47.54554389121882,1552.7037278140924,1821.452412565918,Major,E00,1,0,4,102
M005,2024-04-12 01:00:00,71.45826152335911,0.4873016276634553,111.59170628931567,61.53933499003124,,53.54207517027647,1441.699118163867,1442.0647378681706,None,E00,0,1,4,102
M021,2024-04-12 02:00:00,75.68786428849093,0.3411628934395653,,56.89587698995645,,52.30749559314744,1629.8815252531247,1609.3340831764742,None,E00,1,2,4,102
M023,2024-04-12 03:00:00,79.53095050022834,0.3471091879261606,91.60881674961723,46.89150391168378,206.26760428503997,57.004693384940886,1606.0489013987838,1026.2903133253162,None,E00,1,3,4,102
M003,2024-04-12 04:00:00,73.84905053235049,0.4569216642185657,91.86945367896998,39.778497046755795,221.44038332777066,43.4407165838569,1499.7540224668874,1406.2918405741057,Critical,E00,1,4,4,102
M012,2024-04-12 05:00:00,69.32592266368074,0.3115583899191333,100.12225903319062,78.86534140631471,218.93499791246666,25.433152095291216,1686.5664473540073,578.0843807280343,Minor,E00,1,5,4,102
M021,2024-04-12 06:00:00,59.50655253822075,0.25729528770664734,107.4559631467079,33.100505462856376,230.07386325496384,48.10509591581645,1477.512093643346,1272.8548836548578,,E01,1,6,4,102
M012,2024-04-12 07:00:00,72.42353745250402,0.3675174282961273,90.79208073010423,55.5747546206416,218.41085794251953,48.15227032706587,1605.8030267183974,1247.1841548341567,None,E00,1,7,4,102
M022,2024-04-12 08:00:00,72.15462116216995,0.425332251756154,108.90727473493737,48.99341865691949,226.94931610704757,40.739849088943,1412.8522992530802,1928.5667162786062,Major,E01,1,8,4,102
M024,2024-04-12 09:00:00,73.09757252123374,0.37527329946397797,99.26693158434477,44.24955069385534,216.87061991054,37.9355143228975,1548.596856911707,1823.0340177219,Major,E02,1,9,4,102
M012,2024-04-12 10:00:00,84.63744178622,0.3432089039716928,92.55805291994322,47.22195527680818,201.71119428339918,45.4023923587326,1388.1047610855055,1096.6240403042154,Critical,E02,1,10,4,102
M002,2024-04-12 11:00:00,79.44357927715843,0.24861246388056124,96.25847658741618,38.87741635966437,218.19570943351815,49.08098209670736,1502.3365516043536,873.1438944502922,None,E00,0,11,4,102
M009,2024-04-12 12:00:00,76.71036550949991,0.34591415283121385,113.98843101703768,50.12466651894297,,50.76342309854282,1493.830541551223,884.1232341492289,Minor,E00,0,12,4,102
M006,2024-04-12 13:00:00,66.22753721957041,0.43632084484214356,88.8942933076373,,221.20670002950806,31.717555709626435,1605.4270564813157,1082.1419617394697,Minor,E00,1,13,4,102
M012,2024-04-12 14:00:00,68.92203150481954,0.26361180429225445,94.14485635243082,77.13183867510207,221.32760404218783,35.97168014555838,1419.5100071487502,1720.6963953600848,Major,E00,0,14,4,102
M015,2024-04-12 15:00:00,71.43093235842899,0.33286769783377096,107.62066867707937,57.84986658100513,215.94836638107546,59.03644416477794,1868.802040521319,1365.9629928832103,Major,E00,1,15,4,102
M012,2024-04-12 16:00:00,67.34755725593787,0.3228760687489147,101.73165634762908,51.19059326551689,217.4101793940398,48.483134851766415,1334.1495886545415,1407.203395548137,None,E00,0,16,4,102
M005,2024-04-12 17:00:00,75.0027871499107,0.3011606800553578,93.67007345393559,51.90670719971551,210.98924924335574,49.98053091941181,1527.9539001768408,1524.4827386627956,Minor,E03,0,17,4,102
M008,2024-04-12 18:00:00,74.14145309529422,0.3673546103163304,107.71834589091858,67.07445186594894,204.02715467592677,39.33394696267679,1534.5348834287158,802.3371220217742,None,E00,1,18,4,102
M017,2024-04-12 19:00:00,,0.3810313668879205,108.09836586535344,33.354881223116735,219.14832797296086,49.96477065867183,1564.571264552074,916.3763450329557,Minor,E00,1,19,4,102
M001,2024-04-12 20:00:00,79.18090025457674,0.38029788333554054,102.65112534814465,42.80720707485875,214.03837534001508,46.994632152062124,1438.1528838511208,1408.0931596520647,None,E00,0,20,4,102
M006,2024-04-12 21:00:00,72.61386200285317,0.2816233165469412,95.10082729933188,22.114334067855268,228.63868463199745,,1529.0124584697112,888.4312097436025,None,E00,1,21,4,102
M023,2024-04-12 22:00:00,61.625573119546495,0.23478114139664216,96.33356304132514,51.70528610594282,202.5441305092251,38.3053266373163,1432.26621175979,589.4368021751955,None,E00,1,22,4,102
M003,2024-04-12 23:00:00,71.69194284993019,0.368367190557151,102.27740852238719,55.1780850065316,222.32815039315435,43.05210294934603,1724.7768319533454,766.9670920832754,None,E00,1,23,4,102
M011,2024-04-13 00:00:00,73.68723873553743,0.3145856670962143,89.50456751029296,33.05279937318199,,65.7761397441782,1423.787095496278,1621.7444690751672,Minor,E01,1,0,5,103
M006,2024-04-13 01:00:00,77.83675416861445,0.478681866578075,110.6222790490649,62.22096021600844,218.53722854785997,47.204235335709164,1482.237503472975,1050.3676102786546,Minor,E02,1,1,5,103
M003,2024-04-13 02:00:00,69.97514158124031,0.48191567872104624,113.6016727094067,36.37344008850256,219.97801527454365,56.31695695251181,1420.3999599075926,1290.340273333059,Critical,E01,1,2,5,103
M011,2024-04-13 03:00:00,76.96762960468324,0.4893482856077228,98.11236120127784,40.89038269180124,223.41077415977193,48.428817609701355,1403.968221155195,786.9895269186501,None,E02,1,3,5,103
M014,2024-04-13 04:00:00,,0.28419223692757006,102.84883593944646,46.43479098744039,224.03615565764582,,1331.8696105203076,1351.7613409721257,Minor,,0,4,5,103
M005,2024-04-13 05:00:00,64.10967234577453,,109.48641634279461,64.13035635311778,216.73194130751483,44.911978924817966,1580.6480023421652,1092.163156770599,Critical,E00,1,5,5,103
M002,2024-04-13 06:00:00,63.50899935910492,0.41096667620760385,115.6444867085415,34.70162618302922,211.93363031961474,60.7650559541598,1419.2618150948585,1378.4792084871035,Minor,E02,1,6,5,103
M004,2024-04-13 07:00:00,78.73535922089609,0.4030847963481081,,48.4949655043882,,52.98457516984887,1404.341982887613,1008.8474634417358,Major,E00,1,7,5,103
M017,2024-04-13 08:00:00,79.17590507029061,,86.11569989312966,54.29805305750907,204.73550890066417,43.68312715824288,1384.4197149181814,1401.7136027463625,Critical,E02,1,8,5,103
M022,2024-04-13 09:00:00,73.93745538242834,0.4395415432075728,,51.82164196415383,226.65782656040327,46.84711986857829,,989.1949502770203,Major,E00,1,9,5,103
M005,2024-04-13 10:00:00,80.97424032708017,0.3500332490456566,104.00550601186575,52.264812396800444,216.8656118074545,58.6072560902323,1502.6009410976399,1167.8708867257826,None,E00,0,10,5,103
M009,2024-04-13 11:00:00,78.33965909424964,0.3589674287454807,96.04626162478455,54.138002666087296,220.0246812326972,,1503.1509923891838,1091.327989506095,None,E00,0,11,5,103
M009,2024-04-13 12:00:00,76.10177237687833,0.24235165837559994,114.26213396032291,38.34332730473854,215.79513703001302,52.48401776172371,1408.6367420804786,1210.4950438783706,None,E00,0,12,5,103
M010,2024-04-13 13:00:00,66.53213106759797,0.3951335478701092,113.03500138242106,65.2533574419639,231.44706098817298,54.30081180391538,1552.2279337601697,1311.625818505807,Minor,E01,1,13,5,103
M007,2024-04-13 14:00:00,82.38857250619407,0.3317711800499312,93.47255886993017,43.666207221930875,221.99208565939676,44.00202859540567,1420.5181526463614,1002.0385988440285,Minor,E02,1,14,5,103
M002,2024-04-13 15:00:00,75.21780859324964,0.3825345203470367,98.70079984075421,42.073821564211144,217.4260961071028,51.23675445653968,1508.4217460084885,1152.1526789086834,None,,0,15,5,103
M014,2024-04-13 16:00:00,69.68496735233028,0.3664579589863233,94.0035669104829,61.17150601576505,217.20077683486605,54.01847891971621,1483.2320083341453,1274.594621632622,Minor,E02,1,16,5,103
M009,2024-04-13 17:00:00,67.99037996816821,0.3626655603664639,98.43897244715065,37.43319759747636,218.81474292265705,40.150828043526694,1297.3818263838918,1403.0749126973174,Minor,E02,0,17,5,103
M009,2024-04-13 18:00:00,73.54070268908315,0.3468000499273321,,48.84333828838825,239.17552141227023,56.735481624730234,,1169.5658669977367,Minor,E02,0,18,5,103
M007,2024-04-13 19:00:00,61.97364549096927,,107.63406331797486,36.325984512057154,209.46329314416292,52.3787209603318,1568.9745223840036,845.1788823071741,,,0,19,5,103
M024,2024-04-13 20:00:00,76.19803965211717,0.33607752241804534,92.89228269012932,75.2308297853402,228.66305744772595,48.776210608671136,1521.6247302833933,1234.5816780837742,None,E02,0,20,5,103
M016,2024-04-13 21:00:00,66.27857511183583,0.24813618063829113,79.06600316035389,72.70385420072145,224.54484229671965,50.83942710817766,1540.5643072458633,1468.1375909544158,Minor,E00,0,21,5,103
M011,2024-04-13 22:00:00,74.22364865294573,0.38982689244617535,87.16365534212144,43.67710822276145,232.31849401929662,55.657539223050684,,666.7473237699357,None,,1,22,5,103
M006,2024-04-13 23:00:00,68.87027797585104,0.29336961325618527,91.77358709834616,51.23828608200639,225.03253436153219,68.52893169384399,1636.4239723972482,671.4139923146845,Minor,E00,1,23,5,103
M021,2024-04-14 00:00:00,70.41348772365178,0.2573016710122502,94.75446728802342,45.06239766056857,220.02690400293454,54.87957122137561,1541.8516816311353,935.1154214291946,Minor,E00,1,0,6,104
M023,2024-04-14 01:00:00,67.45854076340962,0.2784429666100181,,40.81680613909922,228.16022102896304,56.484659910493086,1415.0029781255628,1123.0679397417853,Minor,E00,0,1,6,104
M001,2024-04-14 02:00:00,71.03262341291519,0.36983326655498444,91.36164875576912,46.43557798927039,,51.54821464530565,1433.93504594512,321.2341882462466,Major,E02,1,2,6,104
M024,2024-04-14 03:00:00,83.33627727610413,0.34324368378336045,90.31119527792055,44.512782777330486,,65.21321036665978,1283.6092346977946,1429.6360489912538,None,E01,1,3,6,104
M018,2024-04-14 04:00:00,80.31035776229184,0.20071218792290066,92.56442065878312,26.75199111081643,231.42575571055383,,1455.806111576963,1126.9872184154563,None,E00,0,4,6,104
M003,2024-04-14 05:00:00,74.12687372997274,0.3231440839863131,91.07476799072175,48.15627985878708,220.74015979057987,36.10078554825467,1579.4206044570321,259.5600217888462,Critical,E00,1,5,6,104
M019,2024-04-14 06:00:00,71.84823440661029,0.4318461857482335,95.56405004563484,44.492485529848274,216.6049201467871,51.22426183722072,1576.0354677927012,754.7326027274856,Major,E02,1,6,6,104
M003,2024-04-14 07:00:00,77.06520714415731,0.31840930303466347,95.22170083283947,48.74640547960244,214.8495050860072,55.281137478855754,1573.9375194836737,1079.7663483696565,None,E01,1,7,6,104
M002,2024-04-14 08:00:00,78.77982236464534,,105.51245453579048,44.06978666682622,223.60432326077412,29.40307518790443,1438.1563101589832,490.985063261382,Major,E00,1,8,6,104
M003,2024-04-14 09:00:00,,0.42300940061290065,92.08376491944301,40.67592763825745,212.97465272843186,49.97251497718059,1566.1252298858783,1588.1844781013576,Minor,E01,1,9,6,104
M012,2024-04-14 10:00:00,,,97.13922697336183,55.49892072330838,217.2015602857547,48.55608193089356,1598.9020847746096,1274.7332360112784,Minor,E01,1,10,6,104
M016,2024-04-14 11:00:00,61.06825062259152,0.4215225761356198,95.63981856066584,51.397612844500884,212.25944990638143,,1232.7655513012044,1471.2757992502864,Major,E00,1,11,6,104
M011,2024-04-14 12:00:00,78.73861266156537,0.15592124729624077,106.47107980830054,,224.0667129473509,53.42988433056422,1536.5306958301742,788.3917349597427,None,E00,0,12,6,104
M004,2024-04-14 13:00:00,84.39014554620513,0.47134661269094774,98.76576579185837,50.93675717366797,213.9827538353687,35.534225161063965,1749.726091577235,1364.5491130447172,Minor,E00,0,13,6,104
M005,2024-04-14 14:00:00,72.48049574773852,0.394548030479955,,42.628721378218394,209.70613670095315,41.359542067554074,1465.0242567961168,935.742668072212,None,E01,0,14,6,104
M022,2024-04-14 15:00:00,59.2499392505819,,90.78103859196153,52.40122231421323,211.1137966166491,43.54568262370407,1197.3816430957263,1123.0125004001336,Minor,E03,1,15,6,104
M025,2024-04-14 16:00:00,75.65334309946219,0.2952371778458001,99.60506713252144,21.232642089132344,215.4312931126056,55.9115610874831,1402.4809377630825,1341.1320187144297,None,E04,0,16,6,104
M019,2024-04-14 17:00:00,66.57546500310552,0.22655845760457624,95.39287186376055,,216.1575934488258,52.997169856121666,1282.255285063625,1171.9739210367454,Critical,E01,1,17,6,104
M003,2024-04-14 18:00:00,68.01990335001324,0.3505052919707623,90.19163121691517,48.292561725330806,222.011621164428,45.03420254382725,1423.8768158247944,1523.3678641484255,Minor,E00,0,18,6,104
M021,2024-04-14 19:00:00,75.75945833874603,0.3307239369169987,99.45991167211955,71.21347072950904,218.7070136904549,51.15637788774636,1353.1120822617695,1255.631087045015,,E00,0,19,6,104
M018,2024-04-14 20:00:00,73.52732475307634,0.3957564788530375,113.86342206588179,34.56785928383241,222.96248635006165,41.53594741786718,1611.7026536905025,1014.7494236531115,None,E01,1,20,6,104
M014,2024-04-14 21:00:00,69.07134734796838,0.4252449841210449,93.17672957659093,31.58825540863123,223.6049001963338,66.39710960491216,1593.4217765924102,1537.1522630977522,None,E00,1,21,6,104
M004,2024-04-14 22:00:00,68.10236620439001,0.3438894098584352,98.98036014529787,49.38999951197177,225.92399609142828,,1541.1585001174187,1621.4611855123499,Major,E01,1,22,6,104
M025,2024-04-14 23:00:00,72.755016331325,0.3331504367931092,89.50214704325958,49.35041691319991,204.73740338554697,56.28941581154208,1647.1477663954533,1235.0385521250098,None,E03,1,23,6,104
M012,2024-04-15 00:00:00,69.54320668492579,0.3865903873661289,88.32617782476792,49.05893729324333,210.98221302920004,61.01448827508321,1432.1544398804072,1734.4429503950528,Critical,E00,1,0,0,105
M002,2024-04-15 01:00:00,65.34457719838196,0.3320569934015251,93.70198136525678,47.22991443900577,224.4390937836351,58.12994554574453,1508.8260651894389,1105.8233590955974,Minor,E00,0,1,0,105
M006,2024-04-15 02:00:00,70.00462091112983,0.32620125293722485,96.40013590696655,37.462594068883334,221.69129873570583,,1763.329418699403,1148.8259654495814,Major,E01,1,2,0,105
M011,2024-04-15 03:00:00,74.0375557395311,0.42259944570727,96.7553356725508,27.175730471057744,227.81546362843616,,1570.2337483079525,,None,E00,1,3,0,105
M002,2024-04-15 04:00:00,70.9313791990822,0.43818444998325007,98.19179987936619,48.397806679808234,207.6478589718529,60.3062753214293,1569.9355288700413,1148.0813005893317,Minor,E00,1,4,0,105
M009,2024-04-15 05:00:00,63.51894841051089,0.42587763707041654,86.81333887437304,29.608895996419427,216.19876341604441,50.21228225829591,1407.8947948946573,,None,,0,5,0,105
M012,2024-04-15 06:00:00,77.93438772825324,0.3382239201092132,94.99243030794422,,217.628960508525,44.007857723917226,1450.011093295735,914.056621050267,Critical,E00,1,6,0,105
M024,2024-04-15 07:00:00,,0.20021477085727715,104.0140677872294,40.432418418381154,221.3325103039088,65.73305980721702,1379.6452081256718,802.3513218064274,None,E00,1,7,0,105
M003,2024-04-15 08:00:00,,0.3396255739525006,89.1340394168437,50.167907823940595,220.28701899628345,42.51257692410949,1701.7095135942627,1244.3044355066622,Major,E04,1,8,0,105
M015,2024-04-15 09:00:00,68.27880927267651,0.2969413991126066,,68.85311084707551,,36.12235939957312,1313.0147222284018,1679.3362393383645,,E00,1,9,0,105
M023,2024-04-15 10:00:00,72.88907326722848,,,56.751111639045526,219.08276831061454,57.942210871494524,1609.6966766314576,1525.6806187311,,E00,0,10,0,105
M021,2024-04-15 11:00:00,75.36997084681641,0.30302363750976735,93.74186462381064,62.19861104554897,230.97869016763747,44.15002887485857,1569.7345402215549,1355.233869859788,Critical,E02,1,11,0,105
M024,2024-04-15 12:00:00,78.76058884956622,0.34854821011740783,102.73219516928678,52.84394025051686,233.5296742253773,53.480773473306726,1307.5963813366375,1699.6675715652682,Major,E00,1,12,0,105
M005,2024-04-15 13:00:00,67.72557075988703,0.2772507059537905,87.83098976491975,49.402244627324784,211.05682597280523,64.5376866895107,,1207.698950106782,,E00,1,13,0,105
M021,2024-04-15 14:00:00,75.51949402400089,0.26034977942971343,107.10759658345765,75.06948377827311,220.36088968210828,39.00122835836102,1468.9561261918232,804.4748069996044,Major,E03,0,14,0,105
M025,2024-04-15 15:00:00,73.17491032728877,0.43558840377996244,102.92640586474957,29.12573263329129,226.38395420245683,49.67267701046991,1341.4935024408053,1060.2215190338047,Minor,E02,0,15,0,105
M009,2024-04-15 16:00:00,61.73076374890066,0.28212396706426424,100.44532322807574,40.041236203269065,,61.86727378425487,1543.7378817141853,,Minor,E00,1,16,0,105
M013,2024-04-15 17:00:00,83.40324153260465,0.3500232137679447,108.99854421044672,40.97784276501106,216.73725100531453,55.455091387184645,,995.0309603022395,None,E01,1,17,0,105
M014,2024-04-15 18:00:00,63.3673492365588,0.41681603926219846,97.36520752610708,55.72268425629986,222.03891908197429,48.56143301243217,1475.4077240730285,1444.0268910543712,Major,E00,0,18,0,105
M013,2024-04-15 19:00:00,74.51698363385829,0.41400128883607007,95.05715110030471,33.254678907766944,207.33233348311094,69.11503634926083,1439.3099915869984,1574.2158039565004,Minor,E02,1,19,0,105
M008,2024-04-15 20:00:00,,0.40563937434407454,110.98035427277797,54.16115529091921,219.84686497241532,49.23746046131712,1394.5054883946339,507.1505320158184,Major,E01,1,20,0,105
M025,2024-04-15 21:00:00,73.65382069397447,0.37120065601510743,114.72612641787836,51.95579798123283,208.3175703639839,53.17499622822825,1357.3916243696729,1141.8159165598545,,E01,1,21,0,105
M024,2024-04-15 22:00:00,69.03253870703035,,94.4524983510579,54.760169219361565,224.06383171225855,63.19483596728118,1595.6201491944817,100.0,Minor,E00,0,22,0,105
M010,2024-04-15 23:00:00,76.96351590684301,0.4461161692824308,99.09005410313748,54.542676562141175,211.07233641520736,57.84690857109285,1538.9851345163852,1163.370583718695,None,E00,1,23,0,105
M021,2024-04-16 00:00:00,,0.37975158157967615,108.36034034609163,63.45983563959115,221.30426539814403,60.57375680177981,1531.279447184799,1158.8993057706646,None,E00,1,0,1,106
M010,2024-04-16 01:00:00,,0.2213958357230071,99.37483998551382,44.409486444751494,222.5535647233725,42.80368402546989,1456.2927357067854,,Critical,,1,1,1,106
M020,2024-04-16 02:00:00,,0.3130026755694932,104.75670806990387,51.36189491389874,220.60691111274733,59.82539825750088,1506.1555831535734,1790.5027716549712,Major,E01,1,2,1,106
M015,2024-04-16 03:00:00,67.93621234759782,0.39874590502054613,106.24322877990706,36.161408573245104,214.94437709654585,51.35673672779176,1411.6735514247166,1572.9401959967454,None,E00,0,3,1,106
M012,2024-04-16 04:00:00,74.57248672472127,,,33.42245987678919,218.31705399821104,44.03376868445245,1409.6037663997054,816.1044877954536,Minor,E00,1,4,1,106
M004,2024-04-16 05:00:00,78.4648712563181,0.463407429762105,103.35419730720207,,229.44857334567777,51.77555394751704,1705.228703977951,792.9968906274439,,E00,0,5,1,106
M017,2024-04-16 06:00:00,,0.3455774120283498,99.95045844392051,35.254574551715095,216.60313280110736,51.521970305255195,1606.1450851998459,,Minor,,1,6,1,106
M009,2024-04-16 07:00:00,76.68408653955467,0.3559674139951605,90.2650512528499,52.69574492343466,220.1714408555649,64.94470802018566,1432.6257162566399,1810.646948506842,Minor,E02,0,7,1,106
M006,2024-04-16 08:00:00,72.29844399266759,,92.0827788285728,,215.5456895643293,,1320.460390367151,835.8231807508876,Major,E02,0,8,1,106
M005,2024-04-16 09:00:00,,0.3372005071883495,94.78066460482906,59.09977073204726,228.16341679630455,43.753561644927096,1295.869659925009,1045.771959172143,None,E01,1,9,1,106
M025,2024-04-16 10:00:00,70.45228744055362,0.362339392500973,107.42815880642084,25.10159221681106,220.622646201282,41.90857910506243,1423.8989219098971,840.092730655507,Minor,E03,1,10,1,106
M003,2024-04-16 11:00:00,70.20308465525031,0.41293864387993784,107.69086529850662,55.69448391055419,213.88820793229087,49.62082039366974,,696.731003481526,Minor,E01,1,11,1,106
M020,2024-04-16 12:00:00,67.82004052496733,0.24694105689164192,105.99930334657294,44.30361592301764,220.05700206825404,39.22907415392344,1514.2041801670516,1333.046517441754,Minor,E00,0,12,1,106
M022,2024-04-16 13:00:00,74.570897571935,0.3300291286328715,103.52088562612494,,218.07174494814814,44.277152628115175,,,None,E01,1,13,1,106
M001,2024-04-16 14:00:00,73.40787712622856,,103.30261045725152,41.99018985887531,231.14065688717236,48.04646918935131,1540.1066456718156,310.1764804556906,None,E00,0,14,1,106
M015,2024-04-16 15:00:00,62.456101810383494,0.3545920103839816,102.22048359643864,57.441249444492044,219.64249994795173,46.624917168684995,1375.396601262711,679.2261543668561,Critical,E00,0,15,1,106
M015,2024-04-16 16:00:00,62.09084402856385,0.45271336684542357,103.26077644337308,53.77488620790088,,55.815260818959395,1680.9301809534804,1302.075260640682,Major,E01,1,16,1,106
M009,2024-04-16 17:00:00,74.54810671923453,0.2396853649269157,,43.464918503933994,223.98906589159623,44.09737906075557,1476.3136343175988,1171.1144712751443,Critical,,1,17,1,106
M017,2024-04-16 18:00:00,67.1082814272328,0.23169987624377064,88.76462267418096,31.330710431168644,234.2886994669223,30.240150042904396,1535.381127663727,1039.6273127985053,Major,E02,0,18,1,106
M011,2024-04-16 19:00:00,73.81224693060194,0.40387805616359024,93.67802283244609,32.17746483706032,229.57544711637001,36.51381672534776,1421.2555368620544,1442.2712269640735,None,E00,1,19,1,106
M011,2024-04-16 20:00:00,76.68558946865512,0.4106065050452942,91.76862700414365,54.03636191909594,211.17653072971797,49.857454915990466,1537.3787158070384,622.7868129244024,Minor,E00,0,20,1,106
M011,2024-04-16 21:00:00,64.37428297556664,,108.85716006123207,29.66709089214727,217.85017484539918,45.30557383994594,1749.236720130239,962.003320204895,None,E00,0,21,1,106
M021,2024-04-16 22:00:00,63.53077647254289,,,43.5821461410683,219.75453458108174,40.10662614433522,,1407.2148607464978,None,E00,1,22,1,106
M016,2024-04-16 23:00:00,82.04659009437177,,,77.17286552855883,219.85160913151446,65.66761063271487,,940.2819894162344,None,E00,1,23,1,106
M010,2024-04-17 00:00:00,74.10942469777476,0.29302957559037773,112.51851689497329,50.51473006044115,223.0476948574307,56.63000097109084,1396.2557621876053,1325.0186914177314,None,E00,0,0,2,107
M024,2024-04-17 01:00:00,,0.30052061374654904,100.69377098825224,53.90699044794005,,49.532582718853966,1460.0214610792036,741.5081332460373,None,E00,1,1,2,107
M021,2024-04-17 02:00:00,66.39635728412242,,108.10175855326962,32.26757673760406,212.67500935535344,51.86637793999362,1437.4318768266876,870.4602184065625,None,E00,0,2,2,107
M024,2024-04-17 03:00:00,68.93735490655632,0.41328622719256036,104.05173723667917,30.272380125930667,227.61440269207145,47.878871911944124,1375.1207110980909,487.1208750602318,Major,E00,1,3,2,107
M019,2024-04-17 04:00:00,64.85656598332014,0.26838301515494106,111.52316042879937,54.54986444445662,211.01147134183924,39.96947804243803,1494.040522275207,377.1493740838254,Critical,,0,4,2,107
M010,2024-04-17 05:00:00,,0.3361436657645486,101.67793946685997,41.611776133261706,213.58306767167258,58.24576229112654,1687.3369026255764,1009.621140464361,None,E02,1,5,2,107
M020,2024-04-17 06:00:00,67.33949307836207,0.33290343578068926,89.09236432949666,59.083457778764085,,56.810640648871455,,1380.0096115178064,None,E02,1,6,2,107
M009,2024-04-17 07:00:00,78.5612075292976,0.3792571373529935,99.15460092981432,46.71759885149422,224.89769948361743,34.18132973542391,1488.4273149964615,1154.080525309734,None,E00,0,7,2,107
M007,2024-04-17 08:00:00,69.59622648137993,0.34939111409938156,104.12524836885444,87.67635342660157,220.85177047531866,51.811460016926034,1541.153140830056,1664.1139555384284,Major,E01,1,8,2,107
M012,2024-04-17 09:00:00,65.73989889829612,0.3117881491337998,98.27231118772514,39.33216221623982,227.06802895763718,52.6946578046205,1577.7197728957788,1042.8802260849245,None,E04,1,9,2,107
M025,2024-04-17 10:00:00,69.44219047191719,0.4373996046530184,,49.66957835027315,213.71845266995115,47.42615016915246,1664.7873568719478,351.9443500616468,Minor,E00,1,10,2,107
M015,2024-04-17 11:00:00,56.254999334991496,0.31225197628654255,99.47442089087644,35.470252048950364,209.97589506372015,66.77812270905147,1528.804966513071,1337.677726618349,None,E03,0,11,2,107
M010,2024-04-17 12:00:00,71.27538853995596,0.3295532545884982,95.23592544708104,58.584960127829156,216.4487923562382,65.90995733007556,1499.681229740192,768.5887509842838,Major,E02,1,12,2,107
M012,2024-04-17 13:00:00,70.97928485321904,0.23859516548562631,91.31217293350767,51.48614872649143,218.54002170591536,46.97993627801971,1381.0160912351157,1250.3522596995726,Minor,E00,1,13,2,107
M008,2024-04-17 14:00:00,76.9484564792878,0.3000461886207873,96.86547693973324,34.665721759028074,221.6727704621605,48.217446316047244,1588.795355252072,285.8072174282455,None,E00,1,14,2,107
M017,2024-04-17 15:00:00,60.682170432099724,0.3861253253437335,101.63657319760262,42.392581270638864,206.54086693369823,47.27783654872644,1398.658031274879,1089.980383551813,Critical,E03,1,15,2,107
M009,2024-04-17 16:00:00,78.97119816518129,0.3724421369448402,84.3248655659524,62.66201728200632,223.8298469062694,45.10934101562163,1394.940103295976,1481.0767520637123,Minor,E00,0,16,2,107
M014,2024-04-17 17:00:00,76.92359576998594,0.3919661893046033,93.75938871427981,61.22050926446946,212.84609009368387,42.633915899516424,1523.1761050583648,1432.191992115895,None,E00,1,17,2,107
M010,2024-04-17 18:00:00,79.51226138219198,0.3885687600161969,84.02646364180481,29.22725232881225,214.82067479906001,54.0548568935354,1684.9830058331368,1099.7032399139853,Minor,E00,1,18,2,107
M009,2024-04-17 19:00:00,71.68367174397518,0.4961399825406608,95.06340116817569,40.60836427521353,229.38967624913136,65.69153149380449,1587.1748389950874,1179.4673393467058,,E00,1,19,2,107
M025,2024-04-17 20:00:00,78.08338100461653,0.2976498820787163,109.57851787429779,68.05676107556361,202.5344252363744,62.40065511916251,,1001.1254746268932,Critical,E00,1,20,2,107
M009,2024-04-17 21:00:00,63.17253579055857,0.23664033795956477,90.51106894616932,44.19386639166333,222.5800162173356,56.31341595925577,1382.2092335092946,1080.680423015478,None,E00,1,21,2,107
M002,2024-04-17 22:00:00,76.2782853912272,0.2764612902749933,105.62527796689064,,222.54982904053986,30.74310465625087,1682.6535925278304,1450.7095503101234,Major,E02,1,22,2,107
M010,2024-04-17 23:00:00,67.37302342740033,0.30074437149178856,122.79060101849856,58.52318299992093,213.44972018519394,35.083604132861645,1493.210421716668,900.0447662576389,Major,E00,0,23,2,107
M014,2024-04-18 00:00:00,62.09158900546238,0.2817971144368162,111.6283050500588,30.214059524418936,216.42396543267182,58.51330645196192,1465.1752553881408,939.2406987146551,Minor,E02,1,0,3,108
M003,2024-04-18 01:00:00,65.25515689101384,0.3565562593351398,,34.92363003084722,229.76837441721028,62.954987583430565,1566.620033526384,568.180368340094,None,,0,1,3,108
M008,2024-04-18 02:00:00,72.03318683177562,0.43768584338899147,106.86747564637186,42.31561100140031,235.7033883517682,54.429876992182216,1446.23391303131,1458.6790623926454,None,E00,1,2,3,108
M005,2024-04-18 03:00:00,67.05420475069438,0.457776135107894,89.04253758050567,60.655483438263,228.51780693507564,47.555357479597944,1409.6395421052198,1072.055316450105,Major,E04,1,3,3,108
M013,2024-04-18 04:00:00,74.2564411901748,0.38530159512926226,,58.43718417902757,235.08697334208375,60.81840807516794,1421.1487307535033,694.8231935720618,Minor,E01,1,4,3,108
M019,2024-04-18 05:00:00,61.150574669975896,0.49988905508178105,100.22958487263514,54.83719640624517,214.46934460265962,56.02875017503129,1420.8284875300558,1528.9397124154962,Critical,E00,1,5,3,108
M025,2024-04-18 06:00:00,59.23741473830483,,103.18888450774729,44.53008061595077,207.3593274683239,59.09956224586689,,1159.5824144617097,Minor,E00,1,6,3,108
M010,2024-04-18 07:00:00,80.23432460486146,0.2357236670598301,108.75523427399392,59.75483685215632,219.57902793221635,35.14744714190752,1351.3292914330646,881.280855009684,Minor,E00,1,7,3,108
M022,2024-04-18 08:00:00,77.42280077640861,0.42372246475217185,95.44990286878948,44.368257229940276,226.43886908884537,52.74671929625373,1616.6435774564793,1535.2451160214052,Critical,E03,1,8,3,108
M006,2024-04-18 09:00:00,65.70421898451715,0.2212983925775656,101.54716387489317,53.13561614846889,205.1619991510647,64.19656917706688,1580.2609356654166,1041.6223202052518,Major,E00,1,9,3,108
M020,2024-04-18 10:00:00,71.98200213917676,0.2971497884110137,101.27289245242379,57.14446770473526,212.58834520538826,54.219587443730916,1401.2642568379147,550.4511474597473,None,E01,0,10,3,108
M015,2024-04-18 11:00:00,78.11704236120795,0.38640785626959573,98.94884715538826,66.56184081012776,213.476839255897,,1606.608283041368,1561.6019287589586,Major,E02,1,11,3,108
M019,2024-04-18 12:00:00,74.51520364974363,0.34283329639658533,99.420200990928,,222.85250849909616,50.29098328404264,1537.1175327503197,842.190941795597,None,E04,1,12,3,108
M019,2024-04-18 13:00:00,72.88933857710087,0.33663330659899454,93.16236397888352,41.848677348642994,221.8209565099967,50.84860097834526,,2386.2802304090483,Minor,E03,1,13,3,108
M014,2024-04-18 14:00:00,78.57092448787559,0.26734469770259955,102.2376592670797,61.740904353460394,213.79871381196523,61.22022033899056,1352.9003206414427,999.9308396051447,None,E00,1,14,3,108
M007,2024-04-18 15:00:00,67.61572514879268,0.34924383273966636,101.56039984156062,62.66223094419015,221.43848958152634,44.64169321194472,1540.9736516909602,372.01447736384773,Critical,E00,1,15,3,108
M014,2024-04-18 16:00:00,72.18707069198777,0.4202563742116454,96.47990587235172,,210.84155852189332,43.85888705392172,1723.8456655883347,,,E00,1,16,3,108
M021,2024-04-18 17:00:00,71.89290817024565,0.3513977541575213,105.32619412818853,32.93959521762882,216.58860149907483,46.174287801828875,1501.7485847561597,1155.6928181847989,Major,E00,1,17,3,108
M025,2024-04-18 18:00:00,70.36342771397375,0.2918841884251257,108.22265270745837,60.828413593993346,209.88168597847428,50.1875712197569,1619.8383571914849,1280.5944847048913,Minor,E02,0,18,3,108
M024,2024-04-18 19:00:00,,0.26267230775818684,105.41901036780371,26.499271516855508,218.79809737764148,37.11928870932206,1474.593856836468,1330.9490137471223,Major,E01,1,19,3,108
M005,2024-04-18 20:00:00,72.43720942697094,0.29332837919310945,91.6604534395142,25.886382857500177,213.59608592914114,,1610.6201921175045,633.9839255096733,None,E03,0,20,3,108
M015,2024-04-18 21:00:00,72.20644497591317,0.37746336266900504,,42.98045862229548,225.5230001605486,48.68602491142245,1481.974609819471,311.56759642048115,None,E00,1,21,3,108
M003,2024-04-18 22:00:00,65.70943414479285,,92.70854749709238,46.229276588749855,219.79050343420587,56.82951408088727,1211.360657667634,1959.7497111005032,Major,E00,1,22,3,108
M017,2024-04-18 23:00:00,76.81077545940269,0.2939645029583032,100.77243797039867,32.28057400467361,218.18605798574006,33.047440587781665,1413.3917764633215,552.9069471239904,None,E00,0,23,3,108
M025,2024-04-19 00:00:00,66.14168875340245,0.1952468404612559,92.73970642384069,47.66237206052615,234.14499495195685,56.86018421187959,,1833.463536720471,None,E00,0,0,4,109
M002,2024-04-19 01:00:00,70.69059933271696,0.3794008934570515,,48.19764106363776,223.0663054161491,60.69515955162503,1629.9149303348138,1388.8482945588585,Minor,E02,1,1,4,109
M017,2024-04-19 02:00:00,70.22831716367969,0.2871604820717324,106.26665175215874,39.23534527134865,217.05476733094457,53.50838267201383,,1248.3487433958978,Major,E01,1,2,4,109
M024,2024-04-19 03:00:00,74.1486216759553,0.39823437353106983,109.22391444273912,69.40157015001428,215.33011722331133,50.24015190534327,1503.577842430393,991.00823982244,None,E02,0,3,4,109
M022,2024-04-19 04:00:00,59.285376358696006,0.29707232505105746,108.41377672156398,50.15713452008765,210.55061915255,,1429.5277650462654,,Minor,E02,1,4,4,109
M010,2024-04-19 05:00:00,77.34545888957675,0.28084696824311334,97.83520230741068,58.54186843826142,219.4729289163617,60.17142606992732,1687.3111815269356,901.2021621799972,Critical,E00,1,5,4,109
M003,2024-04-19 06:00:00,67.93805791432702,0.3607220335081709,96.59512205178059,27.52544413596813,222.4609083390131,54.18341254274733,1680.0827425214788,912.3767033022697,None,E00,1,6,4,109
M024,2024-04-19 07:00:00,79.31977976866233,0.5150389461018459,113.93379062960122,,204.68499205999254,54.78112944783459,1418.8506810550734,1447.5377107200372,Major,E01,1,7,4,109
M024,2024-04-19 08:00:00,69.13101045290307,,98.67904279862069,50.52075132778712,209.08813178417256,63.25553499333034,1318.0307207094927,909.1886965381269,Minor,E00,1,8,4,109
M015,2024-04-19 09:00:00,71.70693848559594,0.3595353509444096,,67.25829227304328,215.8711776858651,56.089255885174225,1283.1362301578567,773.7942220971707,Minor,E00,0,9,4,109
M025,2024-04-19 10:00:00,83.48271624041054,0.37511960754666773,108.0597338693266,32.88077065233142,211.2145542728516,43.59792693823601,1572.4090231704715,1155.469233120477,None,E00,0,10,4,109
M001,2024-04-19 11:00:00,70.335970747238,0.22742188969600816,,46.720519758015385,220.34605988820752,60.13313521526074,1516.2265110041285,1453.7942144861033,None,E03,0,11,4,109
M016,2024-04-19 12:00:00,79.43309930804075,,112.04755299183185,30.178845063644186,221.45721634325508,49.0102296812839,,1930.5923646688855,Major,E02,1,12,4,109
M001,2024-04-19 13:00:00,72.23427051338736,0.17423497944670022,101.94375742384679,36.376528809424165,219.02154105653602,50.26626406882225,1532.621005020678,2012.1769768643223,Minor,E00,1,13,4,109
M024,2024-04-19 14:00:00,,0.47109117262036354,99.8399881012263,,224.4013945710733,50.855043419389,1352.3610147608542,462.5323374826519,None,,1,14,4,109
M018,2024-04-19 15:00:00,72.41975153646824,0.4569170220409024,112.20896647019752,39.08866543964686,215.32070177945664,57.75094294124698,1595.3907851049,1595.9053398724034,None,E00,0,15,4,109
M023,2024-04-19 16:00:00,77.08710975780075,0.3774972968350437,87.6922692397041,29.333713161963892,219.6327611163157,,,785.3177011515226,Major,E00,0,16,4,109
M015,2024-04-19 17:00:00,67.88681032288169,0.3594580572158943,95.31710156317594,29.064987712624973,211.97349132131723,50.19537153690146,1370.2249115746447,805.2624255749294,Minor,E00,1,17,4,109
M003,2024-04-19 18:00:00,66.09570886188489,0.24138869982516936,92.90109622515834,22.36790280642913,222.27695765834014,63.85009688089988,,963.1901182544202,None,E00,0,18,4,109
M001,2024-04-19 19:00:00,68.16854285773788,0.3346490027824516,82.43936177141373,50.719005638575084,220.60726524389062,51.31670650216462,1451.8229555768387,937.7177695933428,Critical,E04,1,19,4,109
M009,2024-04-19 20:00:00,,0.4754674314882725,106.98541142413282,52.17097230517366,210.41172009243854,61.2173435497838,1543.8070042083498,751.1543849797929,None,E00,0,20,4,109
M019,2024-04-19 21:00:00,70.67508728669803,0.35919911987369996,95.54065268813649,,,,1639.9197094923516,248.91919920197518,,E00,1,21,4,109
M004,2024-04-19 22:00:00,76.26164925882706,0.3104747473651672,107.2429443331726,34.08989042561709,219.69742501386375,46.06061074834101,1633.6960729695309,1757.918759172669,None,E02,1,22,4,109
M022,2024-04-19 23:00:00,,0.22693505379974704,103.11269192987683,57.07141548689019,,65.37679254213403,1519.1557821206227,1538.743971737892,None,E00,0,23,4,109
M006,2024-04-20 00:00:00,66.14496997658995,0.4466214009411563,104.85713973302147,53.4813440101303,222.5449480525692,45.296921609756836,1477.537121715804,1172.8758685356509,None,E01,0,0,5,110
M013,2024-04-20 01:00:00,67.5963072503164,0.34509413392806404,96.35680415327482,45.087532879739975,214.2305124884506,44.761527374649496,,792.4690898037416,,E00,1,1,5,110
M006,2024-04-20 02:00:00,63.38256349012288,0.22702863026460193,93.88601484811961,43.118055080889015,226.10915726346173,39.951677635645424,1287.83761290397,1673.5872029392049,Major,,0,2,5,110
M012,2024-04-20 03:00:00,84.18223794455463,0.285301402254992,,37.21061437156836,224.18444543071405,,1497.694362435959,1154.1369045204838,None,E00,0,3,5,110
M012,2024-04-20 04:00:00,73.82801699473096,0.26057233878493086,107.35334546646536,47.305942007144694,214.2033632783562,62.0275783954666,1397.8786244626904,,Major,E02,1,4,5,110
M001,2024-04-20 05:00:00,74.87881392030947,0.34077795320016196,99.59694395613006,64.40697366381598,210.85842363988502,52.98503873082741,1646.2006471433015,521.8925637369205,Major,E00,1,5,5,110
M015,2024-04-20 06:00:00,63.95874968981371,0.36451372787289726,94.38450941894166,58.65427938739816,214.81478683764604,42.12901491169571,,1394.8761975171626,Minor,E00,0,6,5,110
M020,2024-04-20 07:00:00,,0.31477480550050324,90.40785526881314,41.925474916451066,208.22681641895483,,1589.6503192233092,1045.8414800207627,Minor,E00,1,7,5,110
M024,2024-04-20 08:00:00,75.05548790647852,,101.63330412259062,51.463457541292314,221.66405209659345,47.579045191935165,1442.098450789808,1284.0723814088858,Minor,E02,1,8,5,110
M009,2024-04-20 09:00:00,70.48345385679345,0.3555161568330709,95.5674597205717,31.782839405738905,229.46847938460658,41.75625122332799,1418.9421042261315,1247.0695415052226,None,E01,0,9,5,110
M023,2024-04-20 10:00:00,78.45423374895837,0.4243618669690491,99.42607530088208,53.76080612886241,231.37236846340758,46.08886749451129,1572.574832096629,,Major,E03,1,10,5,110
M022,2024-04-20 11:00:00,85.87098675385698,0.32499641453434963,98.08976974201073,35.029714288015654,211.28526865859018,54.04588521037629,1533.3160763581213,1266.650909332487,Major,E02,1,11,5,110
M025,2024-04-20 12:00:00,66.31762303743629,0.5631727914407801,96.44455220252364,53.28306673533208,226.2944340830421,45.158649382531806,1538.6648716437817,1057.783417729172,Major,E00,0,12,5,110
M010,2024-04-20 13:00:00,65.86747652413982,0.3104857893568229,102.3504284860761,80.62886628569282,220.6760070230015,52.33387106520872,1488.7464893582087,,Major,E00,1,13,5,110
M022,2024-04-20 14:00:00,66.73346360682854,0.2867669005770889,104.43603267315285,38.159850812074446,200.83247723119948,35.78942240206932,1594.7268105477503,1560.1652050588175,Major,E00,1,14,5,110
M015,2024-04-20 15:00:00,81.63719496009894,0.27815896149329694,115.72223155720627,80.07363971085637,217.34082281078187,63.43344846237465,1577.3727442880095,1798.3927140335966,Major,E00,1,15,5,110
M002,2024-04-20 16:00:00,78.2541319021781,0.3352341491411986,106.06374171747609,,216.45053549445362,46.86870737178284,1238.7815830400966,731.6409818048212,Critical,,1,16,5,110
M007,2024-04-20 17:00:00,71.1868330932381,0.2296324736393951,112.74945863579312,36.0044924008566,229.68654316779762,56.96199107179209,1469.1055990532043,1624.7428783815772,Minor,E01,1,17,5,110
M017,2024-04-20 18:00:00,72.21935798640524,0.3706193990679467,93.45119702878611,35.45452599918702,213.03236392816754,51.509480171493145,1621.7688931281132,544.7329716659979,Major,E00,1,18,5,110
M005,2024-04-20 19:00:00,67.10073824281967,0.2166287361304635,87.19244183418381,73.37946729418069,224.5045147775381,53.21998494042802,1377.655801053386,1585.7268555050089,Major,E04,1,19,5,110
M011,2024-04-20 20:00:00,77.3401629464591,0.36131696468400615,99.88455795423873,50.915864216437186,219.14329332010408,40.944124852185865,1296.912501496698,943.7364331038071,None,E00,1,20,5,110
M020,2024-04-20 21:00:00,69.72058905534868,0.2554123779132553,106.86421795319279,38.206165726009935,208.4335279737123,43.91552812650632,1483.3461787979486,1516.6040335077128,,E01,0,21,5,110
M004,2024-04-20 22:00:00,70.43954076327,0.32330946148339346,105.60929374527544,42.558472667485155,215.5825175315357,44.097172687665434,1562.4883030676806,1777.0544642305242,Major,E00,1,22,5,110
M013,2024-04-20 23:00:00,75.65273862917554,0.3923178279392651,109.6910525786126,50.16930933250743,232.25305168044562,50.2027794083262,1444.7422382026832,1271.7244640031438,None,E01,0,23,5,110
M006,2024-04-21 00:00:00,70.87203037150067,0.5112826378713448,79.70763712811835,44.89535189744361,218.61303561039156,60.609244644034895,1655.1535511644524,1181.0624754294852,Minor,,1,0,6,111
M014,2024-04-21 01:00:00,70.59020403901292,0.274539963545319,110.02381515907366,49.150789755290035,227.24693647586864,53.46603871897095,,1160.6404380482056,None,,1,1,6,111
M007,2024-04-21 02:00:00,72.06345123317445,0.33947777854015254,102.68370101143712,,226.8084343018014,42.79727702307434,1268.9906953962134,1011.766542134821,None,E00,1,2,6,111
M025,2024-04-21 03:00:00,76.77213248275847,0.299336892765712,87.6478932389999,31.464352025247887,216.4138891902541,50.69867180209122,1453.920682472204,1649.7644673933657,Minor,E01,0,3,6,111
M002,2024-04-21 04:00:00,81.87895845290299,0.28910907742074426,105.78823077383045,52.73556393316693,209.73262019072013,49.354929321118746,1226.1790293666725,1156.8883475016307,None,E02,1,4,6,111
M025,2024-04-21 05:00:00,,0.2999518669021319,101.35586061466371,44.125228743814425,,47.19307919281002,1579.3210900036538,329.9004824915377,Major,E01,1,5,6,111
M020,2024-04-21 06:00:00,76.8198853417456,0.4076846532945857,,39.011455847295416,231.61333634019266,49.87666779344234,1418.4173059962695,,Minor,E00,1,6,6,111
M022,2024-04-21 07:00:00,70.80087562739325,0.3158360895038734,107.99287320252289,57.86609001347931,221.2138992953457,,1442.9033416261905,1532.6563495954485,None,E01,1,7,6,111
M022,2024-04-21 08:00:00,67.7532128209877,0.5074518888789599,,,206.1294309521634,44.2405886521405,,,,E01,1,8,6,111
M005,2024-04-21 09:00:00,75.92391739341069,0.3791185479126314,88.21739921224251,20.0,226.67168422224455,47.23287197067193,1340.5924220540267,884.711838085566,None,E00,0,9,6,111
M024,2024-04-21 10:00:00,73.02744494760343,0.2792992537178147,98.85578984173672,47.694396177145805,205.70518985857714,57.85696642314251,1310.4526115376348,735.9148600134967,,E01,0,10,6,111
M015,2024-04-21 11:00:00,63.464228107501505,0.32433063724984457,87.05883863319286,43.341843121525244,213.3910060513603,53.751702186848,1226.7029277808786,885.8585965445096,Major,E00,1,11,6,111
M025,2024-04-21 12:00:00,70.03158225944641,0.2938707106972007,105.19249504447114,28.765832994240505,220.65035498058833,60.232894508924126,1652.4633031658964,,Minor,E00,1,12,6,111
M022,2024-04-21 13:00:00,,,111.18376193267231,24.473370045779596,240.1633526392186,61.48679774077313,1624.5862748906661,462.5836256960289,None,E00,1,13,6,111
M015,2024-04-21 14:00:00,68.93725279782913,0.23528542404043226,90.0683842995814,68.16760053202566,,39.11567103849028,1464.733431256587,,Minor,E02,1,14,6,111
M010,2024-04-21 15:00:00,80.89041356725276,0.25613340336949325,94.62828991574072,50.55617817551616,216.14088212306677,52.30638230088321,1346.9705439158267,1229.024873171978,Critical,E00,0,15,6,111
M003,2024-04-21 16:00:00,74.8790342214133,0.3085917716875601,92.94104543102266,45.235748676861355,220.22651436808184,45.93634697958517,1600.0916765940751,1714.9091737317906,Critical,E00,1,16,6,111
M003,2024-04-21 17:00:00,80.23904950733188,0.3978062755196828,96.3687578244933,71.34293890751329,227.35767373281817,40.41024745585059,1830.5610695854848,1480.4987143808505,Major,E01,1,17,6,111
M010,2024-04-21 18:00:00,73.58055156991296,0.43631421923759406,103.29938526559094,57.264749916786805,231.37490632666396,43.68645292720939,1471.7174851079017,910.7769476964721,None,E00,1,18,6,111
M021,2024-04-21 19:00:00,72.48832701855046,0.446637953354099,96.45544702319073,66.23132124648247,218.01888402592846,47.593853206217354,1355.651532824302,523.6428802060595,None,E00,1,19,6,111
M013,2024-04-21 20:00:00,66.38041309433851,0.3870861063963271,105.2202413815922,30.840552862601744,218.25106453071916,47.64383451863831,1649.003129469685,871.5095501278132,Minor,E04,1,20,6,111
M013,2024-04-21 21:00:00,72.0715771991794,0.34419773245493857,108.5230381606078,30.391288918503786,213.35961195528648,45.144890494151774,,1752.4942447401302,None,E01,0,21,6,111
M007,2024-04-21 22:00:00,72.07832355405264,0.40562380686197946,108.81407409063422,52.4049028213922,225.32126944489295,49.89086883905223,1455.9990584007273,1317.7451672850314,Minor,E00,1,22,6,111
M015,2024-04-21 23:00:00,63.7973166957946,0.26988495677978025,91.05455123704282,49.97399061714947,228.2077759420954,69.57316958311448,1183.3548252032724,1438.9353020193078,None,E00,1,23,6,111
M016,2024-04-22 00:00:00,68.76283518137762,,111.08743155578179,59.9959444279185,204.49052066296196,,1463.6072013053558,948.3262173558119,Critical,E00,0,0,0,112
M025,2024-04-22 01:00:00,70.06030440890183,0.3805646304380542,111.72857827900991,25.43053349624808,216.82555188906704,59.09741533856846,1346.6055334691757,1393.905300937326,Major,E01,1,1,0,112
M019,2024-04-22 02:00:00,74.48087726433432,0.2796025107995805,112.42143944989735,53.44316899165973,210.2924318258315,49.853005493243295,1651.0599423209915,591.934636170802,Critical,E00,1,2,0,112
M016,2024-04-22 03:00:00,74.76810067191424,0.34542852874841634,98.73748144225843,56.87122360104353,221.20725565540815,46.49696922274204,1382.8627631979243,,Major,E00,1,3,0,112
M023,2024-04-22 04:00:00,68.51208910820877,,93.98526021351778,56.23406480173664,210.09643020437974,33.85431939128361,1593.5771553809805,737.829304179777,Minor,E03,1,4,0,112
M011,2024-04-22 05:00:00,74.8132176152513,0.3673683691424807,92.12607046815933,40.11966742550973,209.43887159557792,56.102106500593486,1487.4073478327982,410.2344044248658,Minor,E01,1,5,0,112
M024,2024-04-22 06:00:00,70.9075264239089,0.4156454076967536,91.18576090740144,51.22338205915292,228.98815424568758,38.47226002139216,1515.0437351922208,2104.9326422500108,Major,E02,1,6,0,112
M010,2024-04-22 07:00:00,54.78227985087026,0.4082452631804212,100.09352325331895,35.69211489641577,218.67524691717452,56.623151235370166,1562.6665295981811,1253.9545943183275,None,E01,1,7,0,112
M004,2024-04-22 08:00:00,69.09178780829075,,106.7828148519234,41.484647017834426,219.5207507031994,63.93064695195004,1493.585602405034,1242.8832500015023,None,E03,0,8,0,112
M011,2024-04-22 09:00:00,78.47393184085428,0.31905893036714156,110.45246752789876,32.4847639284248,223.45348101588002,39.73756989125448,1422.2634758536565,452.0176610286688,None,E00,0,9,0,112
M004,2024-04-22 10:00:00,,0.35754334620734246,96.1155430691012,35.89601124793497,227.76655169591166,59.34688467965921,1402.5568491923032,1449.0241240408877,Minor,E00,1,10,0,112
M003,2024-04-22 11:00:00,72.67614720249324,0.30826527083275546,99.69049386335769,,,50.203514917977074,1561.0775856034938,1554.4078886279792,Minor,E00,1,11,0,112
M023,2024-04-22 12:00:00,81.51156728511172,0.33624997545956803,99.16649957278844,39.10875902834554,216.82948317066234,33.246362945269695,1271.79137681607,,None,E00,1,12,0,112
M020,2024-04-22 13:00:00,67.43632228193711,0.5332721396506289,94.9177580010789,,216.86346778260707,40.36146516041966,1701.379725754001,1555.9631373643253,Minor,E02,1,13,0,112
M006,2024-04-22 14:00:00,,0.3627532790618478,105.88599623808496,29.404835373861353,228.65207116263304,,1515.8186073375687,1668.2035552878367,Minor,E01,1,14,0,112
M021,2024-04-22 15:00:00,64.17590245663247,0.38151715119262836,102.90278597298581,68.53314946150813,219.4549189632203,53.20946596506369,1459.512610777341,1410.289037967288,Major,E00,0,15,0,112
M002,2024-04-22 16:00:00,81.76338684998143,0.3006163545678746,101.13458540095685,38.99324468130889,217.67121350474125,37.35446995520798,1531.9301774672892,,None,E00,0,16,0,112
M008,2024-04-22 17:00:00,71.50000423802031,0.42140513915009076,102.8664435135674,,223.1271714549456,50.253640749229106,1428.6842665201714,739.3560581073109,Major,E01,1,17,0,112
M018,2024-04-22 18:00:00,72.27976105676412,0.40321906958643966,104.92360998365987,23.892336525067776,234.65003359822984,,1478.6342224742189,1874.7583377787898,Critical,E00,1,18,0,112
M008,2024-04-22 19:00:00,80.12580279303373,0.40371467882585593,104.8434961530431,61.291789594913,220.59426515409524,57.988604155354444,1364.1932521134306,1232.9537713503726,Minor,,0,19,0,112
M019,2024-04-22 20:00:00,,0.3650423872727424,93.29208035102513,47.005927805842155,217.8444222025705,46.69731226187381,1545.0103120571903,1234.7521906322297,Minor,E03,1,20,0,112
M022,2024-04-22 21:00:00,66.74622760501956,,107.17062838994357,39.67350548489847,235.54398814392238,53.5077502284526,1490.5853002666574,867.3375551289465,None,,1,21,0,112
M002,2024-04-22 22:00:00,68.11633245547611,0.4390179637644313,,39.778307152032625,230.63841313800992,58.57948309171436,1522.4962760646085,945.0102769613378,Major,E00,1,22,0,112
M001,2024-04-22 23:00:00,74.96958782713979,0.3698169243544506,96.52307044015788,55.43291829319266,229.47860005198416,56.819647833749364,1677.9767815696646,1677.0599305886053,Major,E01,0,23,0,112
M024,2024-04-23 00:00:00,68.25527366962235,0.3419771348699774,101.87383753156936,20.0,215.99450596626005,57.131497722632986,1403.4949934778679,1799.3888229686008,,E01,0,0,1,113
M014,2024-04-23 01:00:00,59.29654012727684,0.41261996930803324,102.75581981380043,35.10967993549109,215.20137772724826,50.90805292507002,1484.533949952073,1518.8835963727802,Major,E02,0,1,1,113
M013,2024-04-23 02:00:00,,,108.654269337313,43.57099394878569,205.32676437306554,49.24385810365932,1301.8301325187108,1420.628704395668,None,,1,2,1,113
M012,2024-04-23 03:00:00,63.11872403325114,0.2997427803569271,,,227.71933510283398,52.17690859003933,1566.0038642772406,1450.6487092451503,Major,E01,0,3,1,113
M011,2024-04-23 04:00:00,81.69769052138236,0.3462689759980569,110.59987482923354,75.06374356414098,220.61597720297283,43.889850247985066,1497.901843020598,,Minor,E01,1,4,1,113
M018,2024-04-23 05:00:00,73.06072582657892,0.22810500520932978,100.18533085047862,40.948878354622416,,58.896759944610984,1502.0815669004628,718.5359695744054,None,E00,1,5,1,113
M015,2024-04-23 06:00:00,66.56894965953855,0.4079316691494397,95.95077399401121,56.88272390473985,229.6147808166302,37.75676354585528,1481.116662661498,,Critical,E00,0,6,1,113
M005,2024-04-23 07:00:00,67.80820551202528,0.28259602787739235,95.70593520114292,66.73988623843141,217.30119236611014,45.96551750464743,1430.6172188366738,1725.9066812510066,,E00,1,7,1,113
M016,2024-04-23 08:00:00,60.66361447275648,0.316995628494877,91.98905793325936,53.04736902946116,218.2873564743723,49.71005746646122,1799.5233536750131,,None,,0,8,1,113
M017,2024-04-23 09:00:00,65.40322867931698,0.335070428302416,86.07268092994606,36.91420714462394,207.89624562399143,53.757435991492166,1504.5859909999967,1390.827827031322,,E00,1,9,1,113
M003,2024-04-23 10:00:00,78.0979392152442,0.3527500775099385,105.41919904287363,29.58614896815665,223.93758752485138,55.26022812001759,,1284.3028326575388,None,E00,0,10,1,113
M010,2024-04-23 11:00:00,85.39071687295434,0.32594427065038706,115.84709120337571,53.945043392570454,224.01416020621465,61.91188925836701,1363.269510106475,1304.5963288960506,Critical,E00,1,11,1,113
M020,2024-04-23 12:00:00,,0.34528402669387553,87.05907720931347,64.74030268387739,219.61609957555206,50.62201691043902,1606.2128157373782,1337.9787072842428,None,E00,1,12,1,113
M016,2024-04-23 13:00:00,71.44774476827382,0.345826065732671,92.39657667255713,51.55155714634944,216.65409652891742,44.25611320136299,1485.1841455485085,,Minor,E01,0,13,1,113
M004,2024-04-23 14:00:00,69.4082437460765,0.3187078329661011,106.01266551316266,59.80137784723381,241.01174110803,48.83970614787334,1553.4976141351895,,Minor,E00,1,14,1,113
M002,2024-04-23 15:00:00,66.26102511854182,0.2958763879652864,99.63490473062862,76.10336457285703,210.37305811227696,47.44481955031978,1608.2800715382045,1672.963108775336,Minor,E00,1,15,1,113
M015,2024-04-23 16:00:00,84.35859539603844,0.4257031747048921,106.6753539382012,55.048491412687426,214.2285040624263,54.15946770695553,1487.5310574938233,904.9067508699073,Minor,E00,1,16,1,113
M012,2024-04-23 17:00:00,,0.20269160084133075,99.18623581480931,31.792405610472986,225.66605390274717,41.464008019138916,1418.760708128218,1295.785031766728,Minor,E00,0,17,1,113
M025,2024-04-23 18:00:00,84.69377898037503,0.3355999388693362,95.35498000586898,45.61272918605346,211.88448050669493,48.596562231005585,1220.6715868913195,726.8034764440986,Major,E01,0,18,1,113
M014,2024-04-23 19:00:00,80.36111705766037,0.3171770369681049,98.19326311461495,61.442582322253806,211.29434466757752,62.98129614820015,1453.5383692766177,1133.3476539557566,None,E02,1,19,1,113
M024,2024-04-23 20:00:00,61.55522141192236,0.37931540407085407,80.9432846219523,,229.05214917143468,51.43881704747738,1418.1111685705043,936.0676229635288,,E00,1,20,1,113
M006,2024-04-23 21:00:00,68.00428562544425,0.24819950424366935,90.85212523481228,63.068467137755505,224.84153379952713,41.57653763394074,,1209.685883888307,None,E00,1,21,1,113
M012,2024-04-23 22:00:00,67.98572925495706,0.3150150261129477,107.58623499374961,44.196757224139304,223.87310381675422,,1674.3703119965355,1494.160417877257,Major,E00,1,22,1,113
M004,2024-04-23 23:00:00,71.52092181536557,0.3428348186207171,109.53519875343076,49.01216905136202,221.45459879230054,32.13613377971389,1617.931976744199,1230.42116116307,,E00,1,23,1,113
M015,2024-04-24 00:00:00,71.63811448131747,0.42490515272593216,111.24932844073852,40.791107515873804,214.46277282890512,49.529119333338045,1280.4192891557427,1984.343490378423,,E00,0,0,2,114
M005,2024-04-24 01:00:00,89.97743457238886,0.3732529476756796,103.52695477158426,46.9144360838529,217.9786311697162,63.181450887522104,1518.4452561734352,1518.36778423981,None,E03,1,1,2,114
M013,2024-04-24 02:00:00,65.53663275315145,0.26715582523917963,81.95144900570983,47.54936913323449,219.36740147789732,40.5071762608927,,1108.6186728386576,Major,E00,1,2,2,114
M009,2024-04-24 03:00:00,73.37381961398634,0.3158766296895538,94.91994776650287,25.697496882999392,226.76973082524313,38.35162503108759,1544.0152733815305,1165.5577467966086,Minor,E00,1,3,2,114
M005,2024-04-24 04:00:00,75.69904645480682,0.41202359468624833,110.59724541238906,39.70088048902709,223.40685892469241,44.77391986599602,1404.0423678191855,1351.1050242047318,Critical,E03,0,4,2,114
M003,2024-04-24 05:00:00,71.99056797318482,0.2659457593853852,112.98443390946842,30.20150295775872,212.5772522756669,57.3705307226361,1435.3203717623935,1481.729430864234,None,E01,1,5,2,114
M013,2024-04-24 06:00:00,72.66108346668815,0.344494901213934,110.90118194405795,40.11469671133969,226.31633782207098,63.63710067357491,1615.5647269653953,706.3791743899457,Major,E00,1,6,2,114
M024,2024-04-24 07:00:00,65.73114663416048,0.3493615683231607,98.1099802818416,,,53.58569720490312,1598.3209132469174,1454.6616161231095,Minor,E01,1,7,2,114
M005,2024-04-24 08:00:00,72.63891716761609,0.3229951858055465,89.54739306740348,57.141854114826906,217.43662520852538,,1681.137623797753,716.7633877987322,Critical,E01,1,8,2,114
M011,2024-04-24 09:00:00,75.06839397704623,0.538702624795924,99.67494728033215,57.28079924502613,210.8636129833308,49.82220101898631,1473.9542398587541,1415.9399262127304,Minor,E02,1,9,2,114
M006,2024-04-24 10:00:00,73.96560350562677,0.3211087978386715,100.1184561458421,51.723529852001725,213.1431724442342,64.31540385672317,,1640.0388261887113,None,E00,1,10,2,114
M021,2024-04-24 11:00:00,75.42120542347254,0.38148356115574583,112.52451856073162,29.788209225421983,235.41269022431652,47.51279438491884,1610.5552455516859,1319.8927394159593,Major,E00,1,11,2,114
M011,2024-04-24 12:00:00,80.47564740381739,0.2963589215846501,101.82233040097769,43.82238267343749,208.23460682862887,51.12378004140349,1611.2504782807173,,None,,1,12,2,114
M025,2024-04-24 13:00:00,77.62179925148605,0.3869423594399583,100.13344943104617,28.8336922586385,213.44644755205616,51.92447683199249,1575.3924523762369,487.05821025502144,Major,E04,1,13,2,114
M007,2024-04-24 14:00:00,72.42776768098462,0.41095513177963544,100.58796118514768,,224.0832141705457,37.63309632666408,1410.749888890158,,None,E01,0,14,2,114
M003,2024-04-24 15:00:00,64.96944988870034,0.30884251742777313,103.1988706381015,52.76905400675125,216.2399779207564,57.983573700961806,1371.5037267290375,218.49542941572153,,E00,0,15,2,114
M015,2024-04-24 16:00:00,68.39996835173328,0.34617087293470267,105.01152068849255,56.90525187498125,221.2444618461438,56.83009399597167,1564.315712451307,1443.9507715905959,Minor,E04,1,16,2,114
M017,2024-04-24 17:00:00,70.6822130884955,0.2873304161076388,94.20370052785603,50.67413735830852,231.4363970614822,34.05167681717656,1393.6616420050243,1593.9304748923037,None,E00,1,17,2,114
M025,2024-04-24 18:00:00,73.51407498804869,0.26989173315650755,91.53903684299544,60.10165876816849,225.23702286130737,39.35478705304881,1463.0432079668496,1654.0712805177802,Major,,1,18,2,114
M022,2024-04-24 19:00:00,69.13000343100363,0.4225756802750144,110.96446817123758,,216.25054119954154,42.242398998915355,1848.781208392621,1103.4099066951867,None,E00,1,19,2,114
M023,2024-04-24 20:00:00,66.3856008048939,0.3112199337881446,86.87166964451453,42.19727673587643,218.9302441647937,55.986793970071,1755.4738369320714,1375.4022043254329,None,E02,1,20,2,114
M016,2024-04-24 21:00:00,64.87080786527798,0.18104713700443506,,55.483926116392944,,43.991103438620925,1595.122816446048,,Major,E00,1,21,2,114
M009,2024-04-24 22:00:00,62.092933445666816,0.4735749309545536,84.71457042197041,55.87771320212009,225.079918129283,53.210808794044794,1420.5279658227555,610.8671631803705,None,E04,1,22,2,114
M011,2024-04-24 23:00:00,70.59029577735258,0.29385332738561754,95.32367093735184,38.709939620115435,220.16602191888413,,1413.321032308577,1498.0074929862387,None,E00,1,23,2,114
M004,2024-04-25 00:00:00,63.18200734757817,0.3327538869376378,107.77483176466758,,222.88487200045927,50.56937402386512,1585.8948707460868,1756.1907028287474,Minor,E00,0,0,3,115
M011,2024-04-25 01:00:00,,0.46486345538460205,100.00273511262618,41.46823950796047,222.8926595230369,53.967483436655904,1679.6388596429663,1475.7602460459184,None,E02,0,1,3,115
M010,2024-04-25 02:00:00,69.63658876293418,0.3400780534068652,,20.89686237359514,219.26218756795896,52.17867297120837,1438.6037658547527,998.8796754795865,,E00,1,2,3,115
M001,2024-04-25 03:00:00,63.9844961436514,0.33856643784586954,103.41142523300798,50.28127790535983,215.1580991488287,49.84822499546268,1445.1839054067611,1495.9798616613373,Major,E00,1,3,3,115
M006,2024-04-25 04:00:00,74.27851313099218,0.26402788688146267,100.53603473440386,29.46573381851381,225.94076478417335,52.6166434344071,1510.5253827402473,1719.0525803547905,Major,E03,1,4,3,115
M014,2024-04-25 05:00:00,76.44133838163413,0.2355616410260703,98.27161369246417,48.938690512005124,222.33436369264248,51.73577661750708,1333.324068131237,1666.495023684654,Major,E04,0,5,3,115
M010,2024-04-25 06:00:00,,0.338352961478271,95.00862167373674,26.576324374065518,203.352162273782,48.32266422964165,1336.993171866081,1610.7485892208383,Major,E02,1,6,3,115
M025,2024-04-25 07:00:00,,0.37539668418524264,99.7231520037552,36.363995075751106,213.39331584250505,46.55011675914977,1358.8792229896949,563.2560772193893,None,E00,1,7,3,115
M012,2024-04-25 08:00:00,75.22457862083446,0.37138677857475405,95.34462710438116,39.796814379171806,216.15462711786776,65.04354254422904,1565.526978767309,1359.2858638539901,Minor,E01,1,8,3,115
M024,2024-04-25 09:00:00,67.71602941659192,0.3163117243671549,119.47626135079327,59.42069724373615,218.39094914602282,46.45836086509911,1532.6393645056387,1458.2582229835916,Critical,E01,1,9,3,115
M017,2024-04-25 10:00:00,67.30359653041623,0.35141804595428594,98.07986278546582,38.59781928016887,229.63155935783863,,1636.4340089670643,1615.4638498817728,Minor,,0,10,3,115
M002,2024-04-25 11:00:00,79.17899086911774,0.22139530032704227,97.00994436944711,32.100348556695515,245.61860722998028,44.51896682665387,1291.5365178008044,1406.2495756350863,Critical,E00,1,11,3,115
M006,2024-04-25 12:00:00,77.30512643227672,0.3822116914486835,95.66691083609768,49.372140983923124,200.32943217740387,56.481396119797076,,1820.780548580408,Major,E00,1,12,3,115
M018,2024-04-25 13:00:00,75.60930001406352,,114.21560674270555,42.396316935193745,222.43525087706266,64.27006583982914,1554.6865821239767,468.8621280175008,None,E00,0,13,3,115
M014,2024-04-25 14:00:00,77.55386772836455,0.48815626259280004,86.88746497683547,54.48672672779207,220.5566889621337,47.29994810497991,1395.3564205190426,1423.3399509123603,Minor,E00,1,14,3,115
M008,2024-04-25 15:00:00,60.136327647795824,0.3505235752500333,102.87545937519535,32.857440610025584,218.55608169061878,44.66086275405184,1404.068266036998,1391.5988434113915,None,E00,0,15,3,115
M014,2024-04-25 16:00:00,80.12301328075864,0.28401314534977445,98.08568022498876,47.53024658567734,,46.56616303457003,1621.5301765395257,,Major,E02,1,16,3,115
M023,2024-04-25 17:00:00,74.35237269950245,0.34644938061378266,88.61279916286391,74.63480156072623,221.19830992463585,49.845058922777156,1433.6463056345096,1816.8495774436767,Critical,E02,1,17,3,115
M010,2024-04-25 18:00:00,78.0646883040344,0.3270540139988914,93.44738937709508,42.12865249158788,,52.57497070740236,1447.6903131240517,844.6875185661708,,E00,1,18,3,115
M002,2024-04-25 19:00:00,74.32297067469817,0.3804295508139278,102.53563195124666,,220.23394131087687,49.680022482956936,,1803.416096745784,None,E03,1,19,3,115
M008,2024-04-25 20:00:00,72.29354894808094,0.351882444320763,93.0848542427513,25.067516903548544,224.45253331786455,46.640123523188784,,1525.9584154388115,None,E02,1,20,3,115
M024,2024-04-25 21:00:00,70.34814472582767,0.2618037309263149,102.07651142576034,34.76424854409416,223.69177011611677,65.63633486247977,1582.1922912264495,,None,E02,1,21,3,115
M020,2024-04-25 22:00:00,74.20286626131723,0.2354979698264186,113.83322582949081,50.516648424513235,221.50905846095748,48.396489396380055,,836.482256025614,Minor,E02,0,22,3,115
M021,2024-04-25 23:00:00,70.12951254657268,0.3684035741843111,101.36480541773868,41.04122708997337,,45.03918898288382,1477.4260808190834,1278.5256400163667,Critical,E00,1,23,3,115
M023,2024-04-26 00:00:00,77.20725660039068,0.4468180178748467,88.37190017180403,52.373195527209354,242.55314306580055,56.64408934064444,1639.484633905078,1314.2708015222313,None,E02,0,0,4,116
M003,2024-04-26 01:00:00,62.4812601326868,0.35555435188362033,93.22562990522488,50.09926422955911,222.876106489506,56.771486395948955,1755.9302008549853,1336.4749559962615,Major,E00,1,1,4,116
M008,2024-04-26 02:00:00,68.75054482923433,0.40693081477441445,97.71675409003791,29.183646769466876,226.0997058186891,61.2999150152628,1337.2033573939557,949.2201860945706,Major,E04,1,2,4,116
M002,2024-04-26 03:00:00,84.26893949085988,,97.18211904804272,57.183675391497815,215.93758037711157,65.42291007239466,1539.7207497758068,1443.735508543121,Major,E01,1,3,4,116
M001,2024-04-26 04:00:00,68.24351721856564,0.3686754292056268,101.21611076092735,30.0877806789312,221.51658955330296,52.77017616190852,1477.1866059368897,1037.7840963441229,None,E01,1,4,4,116
M021,2024-04-26 05:00:00,70.56789766161913,0.2929855958497014,102.49954353662453,35.820937130310874,,47.69396603565405,1488.1447021316271,1686.6302098726735,None,E00,1,5,4,116
M024,2024-04-26 06:00:00,66.70451439989954,0.3636715659531895,113.84422364095087,47.75381898641056,204.70440169268107,34.78210346368657,1405.2501888537608,1884.0826593724273,None,E00,1,6,4,116
M004,2024-04-26 07:00:00,74.01507403731495,0.43449510213203363,99.97024267929685,63.80427609607895,214.26671391723005,42.49718865321557,1590.6965324658165,874.9604890623663,None,E00,1,7,4,116
M019,2024-04-26 08:00:00,67.58241065914683,0.387092338471994,90.78244442499272,32.953483774470115,214.11885317667645,51.66849414666317,1584.5392910297378,1223.9560153651457,None,E00,1,8,4,116
M014,2024-04-26 09:00:00,70.8863343911577,0.4023771739980059,109.23044904198854,46.77221344103462,215.196345869457,,1802.7450683516604,1588.8654667873857,Minor,E00,1,9,4,116
M002,2024-04-26 10:00:00,77.09319921621042,0.31762176308157214,110.1041966142482,46.87224562596409,,37.31902596246837,1341.4704825021997,1310.351822594265,Major,E00,0,10,4,116
M023,2024-04-26 11:00:00,67.8074194871111,0.33583523681781624,101.85954475204775,,220.35084829040755,50.52662315961231,1290.250822030557,658.9901846302208,None,,1,11,4,116
M022,2024-04-26 12:00:00,76.73166671559133,0.3416890882369743,98.02884483832831,59.20836659614906,231.17886891118727,56.214073752604904,1746.5677623610072,1545.9192335884627,Minor,E02,1,12,4,116
M015,2024-04-26 13:00:00,76.93337589336214,0.34640633982242425,104.98037122039248,40.15109683197672,221.04390959787244,48.02817563288651,1493.7729623973487,957.6910689573451,Minor,E00,1,13,4,116
M018,2024-04-26 14:00:00,78.32973656831577,,98.31136149056375,57.142190895155395,210.5498363546247,57.1743008218156,1445.1842525437878,1280.187656392869,None,E02,1,14,4,116
M010,2024-04-26 15:00:00,72.84324596950825,0.18569783901632825,83.55432856978013,60.96386062591655,211.75276877440857,54.93266371139257,1522.588965756982,802.3824921371335,None,E01,1,15,4,116
M020,2024-04-26 16:00:00,91.44755446186072,0.3521376813207286,104.50779426377973,66.40751014645888,216.98359080632406,59.19386650478927,1332.6177073597762,1517.8385898253684,None,E03,0,16,4,116
M012,2024-04-26 17:00:00,78.3272021792525,,107.13801181579662,51.02307959665944,208.67514788350428,67.38750766716473,1545.1032259065887,1031.5832403946579,,E01,1,17,4,116
M025,2024-04-26 18:00:00,73.94926574644096,0.25399492009890956,,46.8892429242316,222.43565667168687,,1490.368563615983,1560.1709386988327,Minor,E01,0,18,4,116
M002,2024-04-26 19:00:00,66.74445351550959,0.3970237051611225,94.15393245637948,39.304986316621566,230.82479095813423,55.85336893203501,1628.8534535239407,1114.047415650434,None,E00,1,19,4,116
M005,2024-04-26 20:00:00,71.41764524475515,0.29928498656385527,101.80932252689018,27.49215921420471,215.3927662981397,46.32119848072985,,1007.5067652198842,None,E02,1,20,4,116
M025,2024-04-26 21:00:00,80.5579618614002,0.32500771454527877,101.98239646282386,41.66455760809802,,50.49468709217254,1612.839952284791,1364.894296109219,None,E02,0,21,4,116
M008,2024-04-26 22:00:00,82.2572076937576,0.479414733542783,100.68306047763052,46.3480528347181,216.56831449863034,62.58603668101815,1522.900315661824,770.2504501008187,None,E00,0,22,4,116
M008,2024-04-26 23:00:00,80.86997460264138,0.42069815546773387,,,214.96297718978542,,,1919.2932650326447,,E00,1,23,4,116
M020,2024-04-27 00:00:00,76.71115384037772,0.3902140857401581,,52.17261591377794,221.51660854337982,61.58128877314104,1569.150368589241,1274.2475831180186,,E02,0,0,5,117
M005,2024-04-27 01:00:00,64.46603876222657,0.37665438542510826,101.69399521266253,27.54992070712168,214.69355602310765,48.64060752065719,1436.0255169561174,973.4958348908555,Minor,E04,0,1,5,117
M013,2024-04-27 02:00:00,74.92297090695402,0.338472398428826,105.92544827196282,42.81630875652234,213.53279638008019,51.817007611833354,1402.8930672721758,1040.2637547249853,Minor,E01,1,2,5,117
M008,2024-04-27 03:00:00,64.55158573168201,,109.76230019667453,68.93723410956372,207.04566894456462,43.53849950591784,1416.4162285432492,1207.0291786476869,None,E00,1,3,5,117
M005,2024-04-27 04:00:00,63.07517283971545,0.40615173420081674,,56.94718511402668,220.51670582190917,39.41019837926825,1570.6596085183912,1598.3310592956946,None,E00,1,4,5,117
M025,2024-04-27 05:00:00,73.43495210746343,0.2975315060224323,98.62158916169454,52.394281550552655,228.53607515962162,47.76931193950976,1340.20563950809,842.1930156072467,Minor,E00,0,5,5,117
M005,2024-04-27 06:00:00,75.13919668361851,0.2519928405247642,96.61913504089874,49.68818850026988,225.6584703083387,,1518.6127151141513,1052.4864989316936,Major,E02,1,6,5,117
M003,2024-04-27 07:00:00,77.42026259088483,0.38967866013924884,95.47462114239953,,231.93594664598888,44.38431551771953,1400.055139617301,,Major,E00,1,7,5,117
M017,2024-04-27 08:00:00,74.98281744231656,0.34608916090850883,87.0717486775518,23.951156978919443,214.60387636216342,62.90016928016442,1349.6254926702893,1816.9887075803947,Major,E00,0,8,5,117
M022,2024-04-27 09:00:00,75.18951591445649,,100.1937796468237,50.48554308494399,226.80647509898685,45.417012949878604,1369.0002576749896,1599.6575782745215,Minor,E01,1,9,5,117
M004,2024-04-27 10:00:00,66.09208449004574,0.3800010315998107,103.8345629563623,20.0,211.1789390519029,41.45418274895099,,1836.0685412869814,Major,E01,0,10,5,117
M018,2024-04-27 11:00:00,71.370139891892,0.33116809877819353,98.75920198480902,41.09332964864668,225.67406916582317,52.02909638864858,,1212.4141483890332,Major,E03,1,11,5,117
M014,2024-04-27 12:00:00,62.95729928619307,0.3871465447869229,99.92833682882332,44.95608972597203,,55.43257590235269,1418.8876302541926,1773.1018942061253,Critical,E00,1,12,5,117
M021,2024-04-27 13:00:00,59.979785223598824,0.38092181502066347,103.34749542327305,39.633714775115834,223.9870520248969,,1250.8827461078956,1706.910703317135,None,E00,0,13,5,117
M004,2024-04-27 14:00:00,76.44385625905845,,,71.05659672162277,233.29449293554993,51.20762716473583,1878.5200738333476,1478.7047111088511,None,E00,1,14,5,117
M025,2024-04-27 15:00:00,67.48125363725424,0.3942991335096943,96.64188376381571,66.89211342120073,215.2101440153921,62.823681687530716,1634.1356093107763,1510.799539444549,Minor,E01,1,15,5,117
M016,2024-04-27 16:00:00,77.23499101285832,,90.62710308532888,57.393740804121165,218.92615147589296,50.75931637993701,1611.8735072211878,962.1706822135255,Minor,E00,0,16,5,117
M022,2024-04-27 17:00:00,78.65008546728023,0.319698268877332,99.27647882405108,33.896078807131474,212.6745304386099,46.23674571672875,1695.3454333103848,1931.3216053656397,None,E01,1,17,5,117
M010,2024-04-27 18:00:00,68.28409605226081,0.3127410015365035,115.06849010695956,68.05698392358545,220.27831878764343,40.93624365400284,1511.084381591641,1101.941118695164,Major,E00,0,18,5,117
M024,2024-04-27 19:00:00,75.5418665673318,0.42916820994643895,90.7127955325729,52.42762966588441,222.15739056350472,60.189085515442706,1483.7998638294648,1423.8803875819135,Minor,E00,0,19,5,117
M016,2024-04-27 20:00:00,68.03305962831816,0.33035993283619475,105.20108556464227,33.696244082963865,220.20828050105916,46.59457581524658,1662.6949689546234,1470.6792962028185,Minor,E00,0,20,5,117
M004,2024-04-27 21:00:00,60.92472675223905,0.4460710226394976,109.26330583428091,45.392602935554905,216.20688842155266,47.37517609370637,1661.885117994601,651.4630573444844,None,E03,0,21,5,117
M024,2024-04-27 22:00:00,72.73985642665475,0.4748439409130802,81.07572624484592,56.50289824245759,216.07427391434908,58.41503524055605,1573.8224127136293,1179.5609197984218,Minor,E01,0,22,5,117
M020,2024-04-27 23:00:00,69.17475672170544,0.29828966042018856,103.28178018886788,37.813453912292296,222.76136473586698,66.4331823582185,1605.8997432786518,1281.3499861443124,Minor,E00,1,23,5,117
M008,2024-04-28 00:00:00,69.3594659364772,0.14553032797121462,104.82728509658476,46.6863906560735,218.7257045571987,52.010655310646484,1351.3473323563965,1154.6461703748587,None,E00,0,0,6,118
M014,2024-04-28 01:00:00,83.85205870707316,0.4231156680289891,97.86131838896117,48.797716526161906,210.78557595864905,48.90401381548278,1469.1036469708893,1184.3061766094731,None,,1,1,6,118
M010,2024-04-28 02:00:00,62.84485810360397,0.3260619671847901,94.82849151128227,31.789749581520006,204.82171163221514,49.95478019861517,1704.4577739143529,1797.0738824982618,Minor,E00,1,2,6,118
M014,2024-04-28 03:00:00,74.29722681222883,0.28936695108076055,95.27470117980816,41.75888582690518,215.236092104553,46.35569372210694,1596.521310209614,869.1444378589977,Critical,E02,0,3,6,118
M025,2024-04-28 04:00:00,66.0311565771315,0.3087897325692922,97.37145203299502,32.69444909948174,208.9418501062683,47.15322107465335,,692.4972115140685,None,E00,0,4,6,118
M023,2024-04-28 05:00:00,,0.3209630325043779,97.58323174649779,55.42401618848063,213.3154400917648,47.196086154429075,,,None,E00,1,5,6,118
M006,2024-04-28 06:00:00,73.79058741705039,,96.07378365794587,34.10333489307342,216.6135579920485,57.28582462403463,1684.9148077632126,1497.6987669612656,None,E03,1,6,6,118
M025,2024-04-28 07:00:00,74.27606609508368,0.361193786752226,97.24419797854043,48.50164444957668,218.83120661687573,49.294635259460854,1554.626058047842,1536.6708486421599,None,E01,0,7,6,118
M011,2024-04-28 08:00:00,66.33066229438644,0.43985190410756947,109.52633459077302,28.318130179276828,214.67195334468593,60.87449930087473,1521.8267181121137,1442.4030748551672,Minor,E00,1,8,6,118
M018,2024-04-28 09:00:00,67.40647252027006,,90.28456976867892,31.39875740230428,237.529608865292,49.069782720044444,1525.4353197646176,1564.7246024406506,None,E00,0,9,6,118
M020,2024-04-28 10:00:00,77.56350304407532,0.32835384932346606,86.00753261382728,,209.91117573121628,47.06376679245919,1489.9726328222057,1302.4157130249914,None,E00,0,10,6,118
M013,2024-04-28 11:00:00,82.62478633036538,0.32267499577535197,109.65428085787453,41.52509815343904,229.67369966352322,60.2230000328523,1437.0908515954022,992.7944355482981,Critical,E01,1,11,6,118
M012,2024-04-28 12:00:00,74.88184690334512,0.38931261255247207,98.46385792527535,47.164579439645536,218.69945592245753,,1399.969346635678,821.9373609132284,None,E03,1,12,6,118
M012,2024-04-28 13:00:00,66.6154756753714,0.4074297940532896,96.89414166013971,49.377063542299574,214.73978886927526,48.98852586323011,1621.2389486901302,695.1527093506868,Minor,E00,0,13,6,118
M022,2024-04-28 14:00:00,74.0336311347724,0.41977548799906084,99.11026301013865,23.73317841947647,224.70060808313016,50.26848514252757,1528.5054471628025,1109.131482861655,Critical,E00,1,14,6,118
M010,2024-04-28 15:00:00,86.56483226602566,0.33169230420369794,101.67421360623301,42.976327391644,216.37697958985328,61.73319610542671,1584.84637199785,1515.3374613608735,Minor,E00,1,15,6,118
M007,2024-04-28 16:00:00,72.61453686431346,0.36226440994831305,95.80759018305308,35.99313468347878,213.5442825084845,52.448621854299105,1565.602677443357,,,E00,1,16,6,118
M010,2024-04-28 17:00:00,80.7710451563616,,104.04744902117842,51.410141913243095,234.31847921798885,59.99587191138813,1669.0459758336367,1209.1787946164027,None,E02,1,17,6,118
M005,2024-04-28 18:00:00,67.55802380496773,0.32312244818441965,92.30189940952883,,202.44431962985385,48.12300478272843,1554.5571014556413,777.8498214081162,Major,E00,1,18,6,118
M010,2024-04-28 19:00:00,,0.2705541976338063,97.58539057720651,44.03002793257816,218.04100939606082,58.715231257829444,1598.8331523275856,2231.707304385739,Major,E03,1,19,6,118
M003,2024-04-28 20:00:00,75.71739123675326,0.2935610253308513,82.28242995772197,36.06061273796328,221.520572963953,51.901478691383595,1520.073964739552,869.8164454477389,None,E00,1,20,6,118
M003,2024-04-28 21:00:00,74.38396984957718,0.333127519021641,109.3778970789102,65.69577251508599,231.2641802654207,57.06060529584394,1386.3067369716102,1248.244987644789,Minor,E02,1,21,6,118
M019,2024-04-28 22:00:00,67.40166791933304,,98.59129842752296,29.597046921201578,216.81255281723614,57.73316989343971,1472.9259611337625,,None,E01,1,22,6,118
M002,2024-04-28 23:00:00,67.1428952572164,0.4381284246900471,105.36083273389727,40.20319211533325,241.28812195468,42.467043767680735,1570.7903159085934,1216.9325881296734,None,E00,1,23,6,118
M015,2024-04-29 00:00:00,,0.2550766953885765,103.81259667412999,,226.07295249078598,,1581.3207281356738,877.2243537715881,Critical,E02,0,0,0,119
M020,2024-04-29 01:00:00,79.14930487590087,0.3081858490249012,,41.98367445341724,201.06165751396424,57.65758362040418,1674.1233555882168,1523.4641759078936,Minor,E01,0,1,0,119
M019,2024-04-29 02:00:00,81.07286134873152,0.32494962520557236,99.93779577140523,35.83276820751753,208.3705381682595,58.9318829578975,1444.8095531382098,664.1778227506447,None,E02,0,2,0,119
M012,2024-04-29 03:00:00,,0.4056301922614651,103.1058191419134,23.259797563063113,221.89547200633416,60.02747581434075,,,Minor,E01,1,3,0,119
M005,2024-04-29 04:00:00,72.80771661793558,0.31303226252280497,92.30972469910445,,,50.83782180081994,1484.5014095270194,1312.8937589453406,Major,E01,1,4,0,119
M024,2024-04-29 05:00:00,70.13280453461044,0.3199187365536769,90.63057155016214,33.487381901985636,224.38266595713367,62.321676329035526,,1098.6361311182136,Major,E00,1,5,0,119
M021,2024-04-29 06:00:00,80.10594563267081,0.25116051959948427,99.19115253195797,65.15069511255642,216.37016173388156,44.74234744307558,1545.1738310300445,,Minor,,1,6,0,119
M016,2024-04-29 07:00:00,76.27841569110952,0.3838385121181281,,72.17635114317663,210.43178876897048,38.041878642471815,1547.4713055625969,739.2086557284335,Major,E02,1,7,0,119
M003,2024-04-29 08:00:00,66.10526844799445,,111.40371338599542,44.390499864052764,212.28328500844387,47.779112849181786,1495.720832275439,1179.162738131451,Major,E01,1,8,0,119
M001,2024-04-29 09:00:00,,,103.00115543445688,28.142921516410524,226.81530884063753,59.566738274771645,1472.9917500131066,1957.0989709305286,Critical,E02,1,9,0,119
M008,2024-04-29 10:00:00,74.95158120813785,0.3318340742862532,94.26814887903569,53.85652926854847,,41.31034263099932,1326.1596318799775,1293.1902745880982,Minor,E04,1,10,0,119
M004,2024-04-29 11:00:00,70.936352031096,0.4288896851351884,97.82767649195536,33.22708210418522,228.3621986013245,38.241135896977966,,1338.8238345056707,Minor,E00,1,11,0,119
M022,2024-04-29 12:00:00,71.84142027155582,0.27965791641761095,101.0640526559048,38.409947356864,228.596294982463,36.23592809697693,1521.4613354260698,,Critical,E01,1,12,0,119
M006,2024-04-29 13:00:00,78.43520018826116,0.2910838258227482,99.45597635080867,37.453805265800526,217.34874556964354,55.88755427353317,1506.4978986672402,2145.6168381591333,None,E02,1,13,0,119
M008,2024-04-29 14:00:00,76.55422286991022,0.4376576713225935,102.17396826347412,38.99393207755249,208.7644588572751,38.41916219775252,1522.1308105349435,1023.4438414041215,Minor,E00,1,14,0,119
M025,2024-04-29 15:00:00,79.9792394905106,0.35530423796132,100.54923635569847,40.743356982110996,,54.392242608135874,1612.9667103425707,1826.1870539009026,Major,E00,1,15,0,119
M021,2024-04-29 16:00:00,60.4107833617598,0.3968827867698342,88.87474601223936,29.237976608048818,216.10912546259007,47.37530733087858,1511.1526930124687,1040.5683654154761,Critical,E00,1,16,0,119
M006,2024-04-29 17:00:00,73.5203875033272,0.37812263370039806,82.79276345996871,36.57583606008288,207.87905855410344,43.835214530817,1458.202631278225,918.5548246897317,Minor,E02,1,17,0,119
M010,2024-04-29 18:00:00,,0.3475265813394236,97.01112764086407,57.23933097436122,235.2731218235685,42.01022139660829,1474.8028539305913,1168.1556753569657,Minor,E04,1,18,0,119
M013,2024-04-29 19:00:00,62.8404848598739,0.32561906165960103,104.48394164078685,44.59731671551014,212.92469363262305,,1529.2688166509731,1166.1825868090277,Major,E03,1,19,0,119
M017,2024-04-29 20:00:00,68.07062615214016,0.40820906157386727,97.10104772349136,46.503766097865245,208.22279290615936,43.966737486019795,1454.399761276764,,Minor,E00,1,20,0,119
M024,2024-04-29 21:00:00,66.95708902602648,0.4313635597467808,109.89251290724181,,222.28040655846056,49.960217522448005,1627.7272260738216,270.4064957503739,Minor,E01,1,21,0,119
M022,2024-04-29 22:00:00,72.1301890263595,0.42589318429112677,99.62490640560881,56.373403902286114,219.4572205097307,53.21125109418572,1498.6471256529094,1259.1439884674357,None,E00,1,22,0,119
M025,2024-04-29 23:00:00,81.76712381216439,0.2670169856446621,110.85756851401582,36.773761318042574,231.88950695394703,54.901289873313935,1530.1994779314443,960.5011224316843,None,E04,1,23,0,119
M002,2024-04-30 00:00:00,84.13553642798941,0.441343771249103,109.21522751411445,58.487622652412334,216.95583779934105,57.47456329445073,1402.01196817621,910.4188927291582,None,E03,0,0,1,120
M006,2024-04-30 01:00:00,67.1142746815603,,108.41029492139573,46.85129765037236,217.04034946638652,51.31782676229698,,681.6890217969562,Minor,,1,1,1,120
M015,2024-04-30 02:00:00,75.15934350296145,0.29714793237186155,90.371906926344,38.255358851456094,222.6818258575693,41.599279581523206,1672.6758809849048,1054.0784384519322,Major,E00,1,2,1,120
M002,2024-04-30 03:00:00,75.35278711285389,0.33814706122620686,100.13712534378561,,221.59614336977106,53.72581867936219,1336.4223443410024,993.3571732220838,None,E03,1,3,1,120
M009,2024-04-30 04:00:00,74.3257546290885,0.40817899046741124,109.78218789985851,71.09815148913691,221.84030171923197,,1548.1066897299213,1029.347671144791,None,E02,1,4,1,120
M004,2024-04-30 05:00:00,74.3938778084354,0.38783249288196436,102.17875779806431,54.63896727656861,222.17561197707528,48.54752615550337,1487.0506716373277,544.5571820264306,Minor,E04,1,5,1,120
M024,2024-04-30 06:00:00,73.82245501470797,0.33212295117020124,104.43487923999174,55.35689279626805,221.3169303591642,47.69677497268372,1534.0843002550832,1239.2599112787002,None,E00,0,6,1,120
M002,2024-04-30 07:00:00,82.12542072483852,0.40863661068145823,88.89690155907503,66.8259324654315,,69.80141908291219,1554.2512384712768,883.3484967159334,Critical,E00,0,7,1,120
M004,2024-04-30 08:00:00,78.61479908620835,0.3597902406531604,,47.68904414674633,226.6614207741512,39.65559065357216,1231.8053042019599,545.9858348910808,None,E00,1,8,1,120
M005,2024-04-30 09:00:00,65.6390766144104,0.30989199741224377,93.66900477947667,61.22880061658103,217.12082077768358,53.9493949755431,,980.7351846979316,Major,,0,9,1,120
M004,2024-04-30 10:00:00,76.7743264852833,0.3004375301929055,84.04459886599842,39.257096907038054,,58.368251571065194,1633.4877291322434,890.3698044498974,None,E03,1,10,1,120
M015,2024-04-30 11:00:00,77.35424024706872,0.37871643910951336,97.19099409739947,53.85094239399849,231.10209670622842,47.26987807021702,1646.9765926410362,1216.4548959916037,Critical,E00,1,11,1,120
M010,2024-04-30 12:00:00,73.88980372291073,0.34422375849290787,80.42012918783146,,214.57967306130448,,1386.6453431451635,975.395816832592,Minor,E01,0,12,1,120
M023,2024-04-30 13:00:00,78.78854622301638,0.2537146392610454,,38.95369445418824,,46.78826695416661,1496.2832697065749,620.1837856953003,Critical,E03,1,13,1,120
M007,2024-04-30 14:00:00,73.12844420579422,0.4093013045148652,120.46809466483556,46.164006905451316,214.2990967585953,50.00177850291264,1435.330101691332,844.6585227292458,Minor,E00,1,14,1,120
M014,2024-04-30 15:00:00,,0.31638074799629057,96.95967377997424,,214.3568945707857,57.1959405014977,1270.1705099417636,509.33936217672704,Major,E00,1,15,1,120
M017,2024-04-30 16:00:00,72.72744326806226,0.4614483753592156,88.57770265616168,48.953090668496166,224.3199266519505,48.414336368785875,,,None,E02,1,16,1,120
M016,2024-04-30 17:00:00,59.89053548520199,0.25179070103917023,100.20238309252895,41.25650148150877,223.53249923515793,74.88473711250431,,,,E00,1,17,1,120
M020,2024-04-30 18:00:00,71.51760963656476,0.3373503982526992,92.8175700397442,21.14927240654783,220.57452180408012,46.3780992596575,1540.1431599345538,1767.5658345339764,None,E00,1,18,1,120
M006,2024-04-30 19:00:00,67.99049655327258,0.30100156208925405,106.91615359739144,39.50805737089292,226.5460087038175,61.02012132532526,1304.2262513550818,964.060954689109,Major,E02,1,19,1,120
M013,2024-04-30 20:00:00,64.88131213084466,0.28172042357358623,92.88364176491167,40.85934356215929,222.02104034002636,54.35139889898177,1382.4541798251162,1718.8438260722498,Minor,E00,0,20,1,120
M021,2024-04-30 21:00:00,80.60410970843714,0.3159246498269136,102.16586968108128,55.23403757805891,236.52593598000118,50.867784969147,1437.664303576376,1362.7991516603513,Minor,,1,21,1,120
M022,2024-04-30 22:00:00,75.02524511120674,0.4739397326325887,90.82352770502033,48.422375429925324,219.57419665701556,61.76608875486078,1592.4192269618402,871.1377964997137,None,E03,1,22,1,120
M016,2024-04-30 23:00:00,71.82101351433272,,120.79222515832443,62.36966840427777,213.16405102731017,37.199390034745605,1833.3329934408546,948.5924632390944,None,E00,0,23,1,120
M017,2024-05-01 00:00:00,68.61117989338544,0.29458043728417993,104.02898976021851,51.24131514749792,215.58632562510635,53.401427667732676,1536.3707945803465,1131.2077131575213,Minor,E00,1,0,2,121
M022,2024-05-01 01:00:00,73.77701750777244,0.2219960112763816,98.83595362014026,38.35246715718857,223.7705950538362,44.26896049337476,1376.1467032615892,1240.980668204326,Minor,E00,0,1,2,121
M016,2024-05-01 02:00:00,77.94861655990508,0.22950462175566194,97.65633399494972,44.29968767428164,223.88761349324344,46.512096519158604,1418.5080236844572,1345.1618555271684,Minor,E01,1,2,2,121
M024,2024-05-01 03:00:00,67.03820493871835,0.3124475799116885,95.57120013400508,40.82342355706149,,,1578.9669696908095,1199.2854372243103,Critical,E00,1,3,2,121
M004,2024-05-01 04:00:00,71.97102976634034,0.30564184111029374,93.91269216153987,50.85567427335803,213.20397142343313,42.28940565502074,1338.479462745896,1060.5917375221504,None,E00,1,4,2,121
M009,2024-05-01 05:00:00,77.20839899310704,0.334316450563586,93.6928261905505,45.71786576955873,228.8691849595524,36.77935853581323,1631.6063161568236,1740.8362863136563,,E01,0,5,2,121
M003,2024-05-01 06:00:00,60.38399322549522,0.19094713396949037,113.42663080369562,37.45728439249294,235.49592525350621,53.110273884202904,1532.809158555252,1154.4869762811988,None,E00,1,6,2,121
M003,2024-05-01 07:00:00,71.65458142556757,,95.5790883382301,45.10320565275018,220.23380257516231,49.47304093269805,1484.9914184079828,1131.5887777273592,Minor,E01,1,7,2,121
M012,2024-05-01 08:00:00,69.42425177671477,0.4219410842602975,82.96464874689264,,234.48483954515302,47.595269488265146,1297.8136592270712,1113.0916420296103,Minor,E02,1,8,2,121
M006,2024-05-01 09:00:00,71.1970208534698,0.46359888731549365,90.67225823296084,,226.9300479715361,56.073397504638116,1610.4464546451827,1154.7198369543185,Major,E00,1,9,2,121
M011,2024-05-01 10:00:00,68.99022866176858,0.21738876964580023,107.4217969599931,48.80410513973646,237.74949739717334,53.61547857560422,1408.6050611344497,655.0306704214863,Major,E02,1,10,2,121
M011,2024-05-01 11:00:00,72.82574763124377,0.2939025068532591,97.9814075472693,26.055802846178103,223.78115272454835,47.86530836337113,1518.4430676386733,798.76101452105,None,E00,0,11,2,121
M016,2024-05-01 12:00:00,83.54176332253631,0.2902036297317825,98.92734719890903,58.2668561176993,221.09282460618303,,1481.1407692844261,2178.3947550713965,None,E00,1,12,2,121
M024,2024-05-01 13:00:00,70.0564651564287,0.3602004999267955,109.35851561135274,51.32616972926368,226.73920986383706,58.14390972699131,1309.9440006643952,539.8323888421912,None,E00,0,13,2,121
M022,2024-05-01 14:00:00,73.75026605456463,0.26461592724864824,93.78266728662157,64.55139642746158,216.5313200052858,69.55840566487393,1472.3177330295857,1308.7106638666778,Minor,E01,1,14,2,121
M010,2024-05-01 15:00:00,83.96847851045467,0.46775842741086765,105.05934177704724,31.600842722694892,223.2569391028771,,1354.7659228970176,1337.009818908945,,E01,1,15,2,121
M009,2024-05-01 16:00:00,68.69990652976466,0.35304657301800174,94.65693480169926,58.60142074579751,230.64573157295925,51.99759296824149,1421.7576796123578,1605.0895918885421,Minor,E02,0,16,2,121
M020,2024-05-01 17:00:00,82.88805209357382,0.34137975974905516,,56.229360762817564,226.55608364575073,40.09384590263468,1551.9335338419712,1346.712268065388,Minor,E00,1,17,2,121
M004,2024-05-01 18:00:00,72.03193803976265,0.4614899613647944,96.87091799384274,42.81321543350532,219.75233873542646,47.356173481876326,1584.2951976998415,1956.3466594801403,Minor,E02,1,18,2,121
M014,2024-05-01 19:00:00,82.69137735518956,0.3488766663141656,98.06760660115448,40.480279763341116,221.60332475278585,,1497.810376861743,1295.8583398409971,None,E00,1,19,2,121
M011,2024-05-01 20:00:00,76.50120674967792,0.3780212384549082,106.56106926009022,31.978247322119564,226.0614142504143,73.9640419732547,1393.9268369466554,1739.141872672894,Critical,E01,1,20,2,121
M005,2024-05-01 21:00:00,73.84265017549453,0.2974441208695565,105.98419846146,28.850283627330086,225.795572878319,44.460181618353836,1422.3106350149621,,Critical,E00,0,21,2,121
M016,2024-05-01 22:00:00,71.60621590868048,0.2540648554461931,98.67657611676333,35.985188166323645,226.00051506502825,48.12772946553262,1420.2272830933869,1816.7960979465392,None,,1,22,2,121
M009,2024-05-01 23:00:00,68.25575136072473,0.30727468579470385,96.22701064004171,29.930692291164526,222.71550484335697,38.37063754510085,1243.5522691094343,1209.9350057714196,Critical,E00,1,23,2,121
M005,2024-05-02 00:00:00,72.45474929978612,0.5030883087261376,112.79318067585324,64.14866980308742,213.403642884497,54.26978694207093,1508.7912214024389,1359.1575359938488,Major,,1,0,3,122
M017,2024-05-02 01:00:00,77.38416875412014,0.3943114663800869,104.71464649198376,26.975376920772703,214.6787770895514,42.798196719278636,1300.070973965103,1052.329384904222,None,,1,1,3,122
M005,2024-05-02 02:00:00,71.92133141401997,0.36921743859777345,96.87086553073692,46.78674573727314,223.6893341181881,57.34836583221068,1509.1434850890575,1263.901436470442,Minor,E00,1,2,3,122
M017,2024-05-02 03:00:00,70.10026316962886,0.281653862687036,,50.22846152262126,226.65167535607253,35.6934031396174,1324.8677683994633,1285.9949627432732,None,,1,3,3,122
M005,2024-05-02 04:00:00,70.49530479493336,0.4137875560688692,108.19918005553711,49.28999078337543,225.61548979211872,49.02701367921044,1355.249469278398,369.036757814216,Major,E02,1,4,3,122
M011,2024-05-02 05:00:00,77.95485968149832,0.25496147079803455,100.92320068842527,50.343463324787756,214.59826626919144,35.23360079663586,1580.2338756729625,1142.7426243109107,Major,E04,1,5,3,122
M021,2024-05-02 06:00:00,79.35096873059913,0.24030604852223328,98.69157603899131,56.3568038093961,218.79066104813896,46.07589634598614,1502.9483271823362,1555.9490899844786,Minor,E00,1,6,3,122
M006,2024-05-02 07:00:00,67.99709691738978,0.31087790139828475,100.91980140450075,,210.60577068490994,,1273.818917446986,659.9243003461504,Minor,E00,1,7,3,122
M020,2024-05-02 08:00:00,67.98847285531507,,102.70237499709593,46.050607748282545,,45.20774828541182,1432.9442772801572,805.4633394415932,Major,,1,8,3,122
M019,2024-05-02 09:00:00,,0.4828525962674828,99.54648682055382,41.47726184441124,220.65183440261146,45.99826987367496,1531.433825027017,1662.2589211365198,Minor,E01,1,9,3,122
M023,2024-05-02 10:00:00,81.16519238854353,,109.62949493474396,60.63030709500218,230.86525091761825,57.76934615485882,1425.6851252783897,1737.2512323513904,Minor,E04,1,10,3,122
M005,2024-05-02 11:00:00,78.87594184987536,0.3028060687261411,110.0747078096959,70.1983910816985,220.7984320056385,67.39563454834193,1458.8217894625636,951.6925421135434,Minor,E00,1,11,3,122
M018,2024-05-02 12:00:00,64.48888672692053,0.23517465716081537,104.25510495361439,30.672794878063495,235.26508343098953,52.71445761247643,1529.288694422876,,Major,E01,1,12,3,122
M024,2024-05-02 13:00:00,70.41554418004883,0.35546215078640586,110.99775192396501,20.626789888748107,218.6871682306171,43.11965127186393,1505.364387749303,1168.7790239205651,Minor,E00,0,13,3,122
M020,2024-05-02 14:00:00,66.41637867186293,0.36134089263916835,100.06797414510578,51.82957882822826,220.24973766517516,50.51261951450173,1380.9292448460171,1670.7903843595502,None,E01,1,14,3,122
M005,2024-05-02 15:00:00,70.39492486850845,,105.52264804003693,57.844474610828506,212.07194487184682,47.16584667139816,1502.6762750331955,986.6614223542716,None,E03,1,15,3,122
M021,2024-05-02 16:00:00,81.62645997621213,0.4137495259327615,108.03565055097553,68.48372775898146,217.2220481333033,57.11514291678312,1465.5186629179748,1048.5415088564878,Minor,E01,1,16,3,122
M003,2024-05-02 17:00:00,63.464396107301894,0.33618046576347566,108.15230624013287,53.85468421459987,210.4804941310447,52.302889814718064,1706.8942061970968,1736.306886011891,Minor,E01,1,17,3,122
M015,2024-05-02 18:00:00,,0.3889219512331709,107.32799318190675,61.74937150424648,207.63730172572718,37.37764041510445,1487.6300660998206,798.6677669474726,None,E00,0,18,3,122
M013,2024-05-02 19:00:00,67.02867507939838,0.30095527925074245,105.04951355265348,64.92072879451572,210.61654972889409,58.783483901795115,1516.1967212360796,1000.8164825805077,None,E00,1,19,3,122
M014,2024-05-02 20:00:00,,0.387592977335248,115.6570249251047,62.5773332595704,220.68220071972837,57.73472431640721,1531.1743503298107,1253.1593452653435,Major,E00,1,20,3,122
M013,2024-05-02 21:00:00,75.72452892384455,0.31449375452708084,95.68243371787607,55.57392612195778,214.10634975811507,61.960229628542976,1461.3234379160926,1809.5079254837135,Major,E02,1,21,3,122
M001,2024-05-02 22:00:00,74.62469060916919,0.38216209611768565,98.75823369951831,,216.00101746110286,45.868472793353455,1413.6092580732761,722.6150667688922,Minor,E01,1,22,3,122
M013,2024-05-02 23:00:00,79.0541124193861,0.37649509276997556,98.28391618679893,44.89965772993972,223.2789645577973,52.4077902153209,1555.1721234069214,915.765102023942,Major,E00,1,23,3,122
M024,2024-05-03 00:00:00,,0.3548162537986545,97.05546284188952,48.600463428710015,207.60961301982823,40.52178659898865,1556.153489152662,1437.0203286651029,Minor,E00,0,0,4,123
M011,2024-05-03 01:00:00,79.13001923015362,,84.08982365268051,43.80228440167655,220.6482884700195,49.59004153570802,1749.9091824228026,1498.779987487122,Minor,E00,1,1,4,123
M007,2024-05-03 02:00:00,70.12742807972225,0.24007206500475198,110.99891844566598,,226.78460348783236,53.175882700792364,,1284.6222708071991,None,E00,1,2,4,123
M025,2024-05-03 03:00:00,76.38896585882921,0.27545586472453415,91.79167632762977,63.80673676425485,227.47647592863655,44.91155382910513,1591.1135158762495,1153.311519464797,Minor,E00,1,3,4,123
M003,2024-05-03 04:00:00,64.05944743942078,0.3310958228512876,101.35851926996878,35.91801979573964,224.1325363980267,52.738719851457596,1586.1282478038333,1251.8609617022028,Minor,E02,1,4,4,123
M013,2024-05-03 05:00:00,,0.24897156286286737,88.62511057860091,54.58862835439983,219.58254183845935,51.344000753054665,1417.1613097328175,597.0927112976502,Minor,E00,1,5,4,123
M013,2024-05-03 06:00:00,73.41762462353408,0.3215194839811706,,48.79729949855077,215.01008882818363,46.40130834639788,1349.0431398342594,1240.5688124226688,Major,E03,1,6,4,123
M012,2024-05-03 07:00:00,78.93450622499051,0.32377587934457147,93.71683171247841,34.70961132914005,219.34112997407635,61.179771248569864,1379.568883185975,,None,E00,1,7,4,123
M024,2024-05-03 08:00:00,,,90.91230460712754,32.08078202095705,233.22770582338654,48.124457847192396,,671.9406919435839,None,E00,0,8,4,123
M011,2024-05-03 09:00:00,72.18451529120942,0.35997735916040235,101.55474771585365,24.584219118238025,222.18452962037537,51.06278979742419,,886.379613525875,Critical,E02,1,9,4,123
M025,2024-05-03 10:00:00,65.48858825314714,0.42206007032447146,94.39412335613898,50.82692435938527,219.1449450374059,38.264774006142964,1588.0803326857333,,None,E00,1,10,4,123
M002,2024-05-03 11:00:00,75.03297626524964,0.37111723031668026,95.40672723130902,44.241062239187535,224.5095421423781,54.15352857630244,1479.9677934721956,,None,E03,1,11,4,123
M019,2024-05-03 12:00:00,76.66329921873675,0.3125032910137554,101.37431692159697,35.090670840278705,220.39779399085842,46.18485033272379,1701.2009432962263,1936.5459762134103,Minor,E01,0,12,4,123
M015,2024-05-03 13:00:00,79.72302145504852,,,22.48673850676733,221.80634360543172,57.65768775580167,1446.7614683644586,827.2369934852992,None,E00,0,13,4,123
M007,2024-05-03 14:00:00,68.78982327414975,0.4010598433752521,93.45279609702631,50.19253082218669,218.02626276214883,39.51083011573711,,747.315409864557,Major,E03,1,14,4,123
M006,2024-05-03 15:00:00,77.56335891413275,0.43353809285098066,92.070460208068,42.915272476796204,216.68049796740237,,1530.3590306397455,1508.4286779660915,None,E00,1,15,4,123
M018,2024-05-03 16:00:00,80.16540952486231,0.3407382955945896,100.1878693334582,36.43567833779184,227.96800208157248,32.54355046550373,1655.0232608945073,941.2573753942346,Critical,E00,0,16,4,123
M016,2024-05-03 17:00:00,62.1405181808672,0.23467425493029387,,33.431520904190066,204.39720247685835,54.926944787045315,1398.7439846259313,1515.0698543555886,None,E02,1,17,4,123
M016,2024-05-03 18:00:00,75.6740695205907,0.22975384198046683,111.702041534885,42.13709803892081,223.82881389398605,48.6015788738263,1295.4247452233658,1121.17527565813,None,E00,0,18,4,123
M002,2024-05-03 19:00:00,77.75106752268064,0.3271511172918179,91.42936321365039,50.63995782887111,216.18597610798986,53.194828073179906,1504.5245338482052,1383.607948358007,Minor,E01,1,19,4,123
M015,2024-05-03 20:00:00,,0.18634689491964185,97.45626318983696,41.040204186943804,204.7583002893541,,1592.5724278957118,572.8491900863386,None,E00,1,20,4,123
M025,2024-05-03 21:00:00,64.73535853484935,0.4756573126015781,109.40628820060203,30.737684072442292,212.2031246203807,42.40560721022107,1144.2520338219638,1382.262563165466,None,E03,1,21,4,123
M001,2024-05-03 22:00:00,77.65773453665798,,115.78475628910975,44.30250053957415,219.71163128561705,46.52397508248241,1617.2841945428634,1287.1185825609803,None,E00,0,22,4,123
M012,2024-05-03 23:00:00,64.80294703465346,0.3055033093351928,92.05527200552997,57.5465696070314,220.81183383336312,51.5360959378817,1335.9843440886589,1097.847715315298,None,E00,0,23,4,123
M013,2024-05-04 00:00:00,70.92989139293459,,94.0895046415468,,225.92003564410757,54.61256532528666,1586.9795714217557,706.904637931499,Major,E04,1,0,5,124
M023,2024-05-04 01:00:00,71.75925565318002,0.4219683367183277,103.04880075687888,45.82108250753146,226.46414587635957,,1260.395878101566,1286.7340893746846,,E01,1,1,5,124
M008,2024-05-04 02:00:00,76.293228310224,0.2720453991044296,95.3780548624553,41.091972518661905,207.62628029418224,42.50591361197849,1323.0177756708717,1489.618416393174,Minor,E02,0,2,5,124
M012,2024-05-04 03:00:00,68.24021064292481,0.2787241265479263,93.92614596392038,34.32403427322475,223.02002869081113,64.70143534343488,1574.2462100264681,987.5385207234883,Minor,E00,0,3,5,124
M018,2024-05-04 04:00:00,67.89249786703287,,101.95576485095125,33.925231003755414,225.8283517873822,52.66251258335601,1645.8923425383541,995.4038956892177,,E01,1,4,5,124
M002,2024-05-04 05:00:00,72.59349287257866,0.3579861190202027,112.39535962991822,25.057751198977016,221.7513809674565,45.02108393140318,1498.9030447355376,1517.5555245117246,None,E00,1,5,5,124
M021,2024-05-04 06:00:00,78.03834286571849,0.3934558207403179,89.52414163920491,59.17471003664582,224.0195318816538,53.39376164133187,1787.4413320926744,1884.088448522458,Minor,E00,0,6,5,124
M021,2024-05-04 07:00:00,85.72470000391888,0.4334870563390964,111.9866728622361,50.54945011257419,204.53983354821548,52.04789823204137,1377.2884917675317,1575.8476473430314,Critical,E00,1,7,5,124
M018,2024-05-04 08:00:00,62.95511280132735,0.4231479909262691,,45.989842071034765,212.07828008467357,48.59733411089658,1375.7558845288247,1291.785394859874,None,,0,8,5,124
M017,2024-05-04 09:00:00,73.89205210671948,,102.76633537006559,48.546993201328675,230.92837601905694,47.657690803748395,1463.7340336647733,1102.709675684436,None,E00,0,9,5,124
M019,2024-05-04 10:00:00,65.48078984259425,0.42143653816294335,112.72680576881488,49.074352754698694,217.7623334228685,57.87896982991871,1458.0230797312804,1188.9996173026648,None,E02,1,10,5,124
M020,2024-05-04 11:00:00,78.11286745924046,0.30303002702165477,102.6025887384169,36.18544451694093,237.78483131788667,63.82278105170227,1534.017860947936,669.8034421934361,Minor,E00,1,11,5,124
M023,2024-05-04 12:00:00,66.3687327161446,0.22253937898766232,97.6200716144065,41.096852048480365,209.77262070734665,33.71196986275093,1410.8573701082785,1138.245764239558,Major,E00,0,12,5,124
M011,2024-05-04 13:00:00,67.95211069090605,0.3030208249802644,105.74540498155791,39.30949587140861,,59.84428460786441,1568.1012661382122,1647.9538163832676,None,E01,1,13,5,124
M012,2024-05-04 14:00:00,68.46437484561602,0.29356176400065986,98.61467038134047,75.13708820250005,215.11435509612284,50.159436187252936,,1215.8539430705516,None,E00,0,14,5,124
M016,2024-05-04 15:00:00,71.54280636768118,0.3057609049740576,104.17080839675691,57.242424497473024,226.89948786358687,,1693.6057325771592,949.8000703158164,None,E00,1,15,5,124
M005,2024-05-04 16:00:00,73.93918558115224,0.28284376895306773,98.36255201297745,47.01458741790471,217.63694067606554,60.81313864066798,1441.1467602585894,912.800606154266,Major,E00,1,16,5,124
M022,2024-05-04 17:00:00,74.90220836165108,0.31772232956942015,106.8892231759123,61.39181130155622,220.92542518324223,28.761528862199356,1540.436511105143,1187.2935184484477,Minor,E00,1,17,5,124
M020,2024-05-04 18:00:00,71.9653947229033,0.39340120498655046,,59.876258934100996,224.764346459346,56.518315274035,1572.7010498378477,706.1452630669276,None,E02,1,18,5,124
M016,2024-05-04 19:00:00,64.02065386535651,0.47006799718638,91.8918270072506,28.43370830921996,215.09317390848105,60.259976493875364,1499.1324679505663,836.5781232791709,None,E00,0,19,5,124
M008,2024-05-04 20:00:00,76.36671690186114,0.22922574680186833,88.72857260105643,42.32576062710051,226.40885115899835,44.4910660747988,1474.600033093335,1813.1270060283293,None,E00,1,20,5,124
M009,2024-05-04 21:00:00,,0.2598585761169479,99.54856456642928,44.80410723829697,217.87301002622786,38.848375735571324,1252.3487523204947,785.5598101221362,Critical,E00,1,21,5,124
M011,2024-05-04 22:00:00,78.97040874008819,0.2945987618890282,87.76369424952183,52.338335387784795,221.4243994697095,63.11943052944263,,879.3840138908363,Minor,E00,1,22,5,124
M017,2024-05-04 23:00:00,67.75356732312038,0.4036019314205615,94.46534739946544,42.3120870564908,198.83862883992975,35.94886611358658,1571.459825744639,1316.5351473037435,None,E00,0,23,5,124
M020,2024-05-05 00:00:00,62.38635163589403,,91.13993116344953,43.81762661894549,217.30131780461113,53.349198363038575,1493.062084398859,,Critical,E00,1,0,6,125
M017,2024-05-05 01:00:00,71.79584398390155,0.2993123543827464,111.8374098363106,39.46381407250392,230.10833590681315,58.18486677113116,1406.126990285623,1235.453575551703,Critical,E00,1,1,6,125
M024,2024-05-05 02:00:00,79.77571612970559,0.4001713105393795,92.07455718259328,,225.5574174969496,53.17279204199682,1298.494189105262,1545.150294282226,None,E01,0,2,6,125
M025,2024-05-05 03:00:00,72.9656528196963,0.4169473186439378,89.70763437661326,,227.0923649147498,54.51706071994762,1554.3669519887403,581.167914270163,None,E00,1,3,6,125
M018,2024-05-05 04:00:00,70.80198120496286,0.34868680284034587,101.98670827012616,39.87174274119194,220.42654142289138,47.87984316340264,1503.9756333640573,1501.698554578098,Critical,E00,1,4,6,125
M010,2024-05-05 05:00:00,66.7779178940554,0.29286465413656193,113.49456923649328,22.875888067246773,233.41019602312858,53.70176553505936,1666.7941464323314,967.0441049255203,None,E01,1,5,6,125
M015,2024-05-05 06:00:00,82.54659880008494,0.3689195697064775,99.07146336603452,32.64432668222094,222.30750973255016,44.332251233170815,1326.0723551597966,1085.5694227063145,None,,1,6,6,125
M011,2024-05-05 07:00:00,65.82238443069133,,99.69024554818348,48.80612959646283,214.71919934233298,45.36844437124325,1443.5629681000698,1968.8367557535369,Minor,E00,1,7,6,125
M016,2024-05-05 08:00:00,67.64763445423056,0.33312907293501776,110.32605968862781,49.03385147952777,226.8411270008609,50.28436611337577,1341.4431745043144,638.9505345964933,Major,E03,1,8,6,125
M021,2024-05-05 09:00:00,75.42020517650414,0.31413198469787146,107.02583470573157,41.24169969551213,227.3807868759073,37.681249078791595,1623.0382858705361,1436.281084893048,None,E00,0,9,6,125
M010,2024-05-05 10:00:00,60.863875860679265,0.4147488273125462,103.40331987689514,58.487821753653336,225.03672979813962,54.61632090609483,1648.684391112527,1651.211762720074,None,E01,0,10,6,125
M013,2024-05-05 11:00:00,79.64754399228804,0.36749161584287554,95.34127417279845,61.24851464759147,216.77652890029327,30.15409300696246,1730.7100284662627,926.5877203010602,Major,E02,1,11,6,125
M002,2024-05-05 12:00:00,75.74515868530413,0.4224990617322741,103.64766325029291,44.169271976640324,222.25177737655923,52.902523722986246,1562.570954047538,932.9084741986095,Major,E00,1,12,6,125
M019,2024-05-05 13:00:00,77.39538643086667,0.4435428301834688,89.11372723717851,48.00519427673053,231.14659888799784,53.65497560698904,1594.7123061467971,1052.5328410676325,None,E00,1,13,6,125
M013,2024-05-05 14:00:00,75.34870207169793,0.38212865382066485,95.01059560485922,39.56946669331921,223.8203999559699,43.643836988417625,1552.33005088412,924.2176279715591,None,E01,1,14,6,125
M012,2024-05-05 15:00:00,71.03325889526178,0.31454660195803935,111.451701207642,52.52265265741831,208.17789970646248,40.128270888072514,1568.7726926944777,1226.5883983016186,Minor,E00,1,15,6,125
M014,2024-05-05 16:00:00,65.62110773906747,0.4228228362553849,110.41594147792897,30.671274239704235,214.9698903002439,46.73464222370802,1505.8891867046057,1557.0424300536868,None,E00,0,16,6,125
M006,2024-05-05 17:00:00,71.15954735265024,0.3825965291594848,103.49987759468301,66.5500177125513,,55.11741814998854,1574.2593532288151,1054.7065124855926,Minor,E03,1,17,6,125
M015,2024-05-05 18:00:00,66.1485821294842,0.5322357443765348,84.56517022898673,58.679823152738706,213.96541270495402,52.76559292312146,1756.799166099335,1571.4217405078548,None,E00,1,18,6,125
M019,2024-05-05 19:00:00,74.9169318604583,0.37170720219462805,,30.612883752706765,203.10972558203957,41.107735128879945,1526.2415273370525,1760.4042345037003,Major,E02,1,19,6,125
M009,2024-05-05 20:00:00,76.84067898328861,0.3988381627309858,94.56422057108745,35.53177829399181,235.1246202222757,50.84544875182364,1502.8808132878546,1372.4237514761633,None,E00,1,20,6,125
M004,2024-05-05 21:00:00,80.86085178718925,0.3703296723907222,98.62640774929027,50.05498516853791,212.9896990959237,52.09565430568724,1523.7689635628624,1410.1934245775128,None,E01,0,21,6,125
M010,2024-05-05 22:00:00,74.23060584331718,0.34306309856923173,89.9967107959523,40.940986755796544,213.5684135236559,51.75656064130831,1482.1089745185318,962.4181714754574,None,E00,0,22,6,125
M005,2024-05-05 23:00:00,77.54745213957112,0.33188459152887034,98.02949021134215,51.53519458465979,204.46633235951614,42.10726946464372,1529.5706585439214,150.8132169796431,None,E01,0,23,6,125
M010,2024-05-06 00:00:00,,0.37059706912609963,,,226.9314318775492,51.245621841913035,1478.0402493354773,1434.2818685887323,Minor,E00,0,0,0,126
M016,2024-05-06 01:00:00,69.13033717195083,0.38648230262696986,103.20668701486939,63.2977410974407,219.27308117688565,57.34196009513553,1637.277930634296,,Minor,E00,1,1,0,126
M003,2024-05-06 02:00:00,74.8420313449008,0.43080715297510974,101.75061303168829,45.09968391241564,217.19269115933682,54.295693753400506,,1296.9777289880562,Major,E02,1,2,0,126
M019,2024-05-06 03:00:00,69.68116276369855,0.3716195390812635,91.85955664785209,74.04666157210495,217.61598918042228,,1759.91219268648,1563.90765300083,Minor,,0,3,0,126
M006,2024-05-06 04:00:00,73.61511473296595,0.31759775772023396,86.88812170629994,52.23210356535396,,63.14146054163124,1497.1752011810524,980.6947442338229,Minor,E00,1,4,0,126
M023,2024-05-06 05:00:00,65.63284686398747,0.32712022023807114,90.1744285956557,28.807147941022397,216.1598279145993,51.34232903231026,1534.6364601832813,1407.406218581165,Major,E00,1,5,0,126
M019,2024-05-06 06:00:00,,0.2573944139967773,86.56488681567191,70.03795900167897,204.08879149852606,43.26472743243498,1529.6367709420686,1788.8575472370746,None,E02,1,6,0,126
M007,2024-05-06 07:00:00,75.81245580610974,0.46628496905006167,100.60028209793207,58.18414745844619,209.6677124721598,43.290065236296826,1523.951156307864,1466.267163876478,Major,E00,1,7,0,126
M015,2024-05-06 08:00:00,,0.31211784705354056,103.07108643525888,49.56177150097176,209.25222818611456,51.40821741553917,1635.5992262127693,1737.1023088114607,Minor,E02,1,8,0,126
M003,2024-05-06 09:00:00,66.08606298619992,0.41772083220965345,92.27768037744522,52.759601474381135,222.2025427312847,38.499653035645196,,1739.6626069178576,None,E00,1,9,0,126
M003,2024-05-06 10:00:00,76.02368586303852,0.36935856002097733,101.18335471927318,30.731438824593745,227.4401523242652,47.51213701816226,1555.2850455485782,711.4462364464167,Minor,E00,0,10,0,126
M024,2024-05-06 11:00:00,,0.37126122815875845,111.75195052985826,23.34748667596483,231.7264450389612,,1739.4923143020455,1487.6724305700645,Critical,E00,1,11,0,126
M021,2024-05-06 12:00:00,72.09903105720186,0.3417786487309364,115.66157873877789,44.49900350998373,206.92084466185665,59.36916002214452,1663.5535275806203,947.2181803358311,None,E00,0,12,0,126
M004,2024-05-06 13:00:00,80.50166649474389,,106.16328280599375,61.545244069790016,224.96216073802069,37.64789002186195,1649.8280148701047,757.0066404423328,Minor,E01,0,13,0,126
M008,2024-05-06 14:00:00,76.84492340413769,0.2822025219655617,98.60127596833325,49.74850611922327,215.07943046236463,50.7926209517502,1601.0473201277568,1085.7382766911053,Minor,E00,1,14,0,126
M005,2024-05-06 15:00:00,76.77523192813315,0.4709925772163456,105.90483395101005,65.51005796890973,243.38766462252434,49.454111092650585,1428.506230544936,1901.6636167719694,None,E03,1,15,0,126
M010,2024-05-06 16:00:00,83.4527421507418,,110.81447986942369,,231.0684330452099,50.30004560866022,1410.018866425214,982.4799550984679,,E00,1,16,0,126
M008,2024-05-06 17:00:00,67.77672395370121,0.42876874223313555,83.94217489767553,45.24730448142543,233.61516329707592,51.132524044689355,,496.7134301316002,None,,1,17,0,126
M009,2024-05-06 18:00:00,66.08475015004473,0.44694348563516756,111.85655230237133,59.20508305592671,226.41951856197312,49.7466640231266,1363.3854261582205,,None,E01,1,18,0,126
M014,2024-05-06 19:00:00,67.66726637862845,0.321240714893055,95.6433054352555,63.27114463025676,,61.1376716042565,1613.5930298802946,1391.351746092809,Major,E00,1,19,0,126
M005,2024-05-06 20:00:00,70.4729936795603,0.3796454036149491,95.72029636050007,44.037816347005474,216.77933623436863,,1676.2035903264018,896.4698886832578,,E02,1,20,0,126
M023,2024-05-06 21:00:00,57.87269631424864,0.3531507542843943,97.16057621931266,42.43469327346214,215.20543351339862,67.14631350856338,1552.131200658633,382.7255843479925,Minor,E00,1,21,0,126
M019,2024-05-06 22:00:00,70.75543057981913,0.26899503378881773,102.56067311020604,46.68540584799891,213.59915930433883,49.915422404550206,1596.5742365133094,637.9549616610344,None,E01,1,22,0,126
M020,2024-05-06 23:00:00,68.73257560863053,0.33701640168670205,91.10996597040987,20.0,224.940605264496,46.71448432409758,1535.216261486012,1266.7673130063604,,E00,1,23,0,126
M005,2024-05-07 00:00:00,76.7025586043868,0.3911254613167459,97.72148772247239,48.365182818910114,232.48322239334905,42.257903934483025,1568.2511306039162,1511.794258800294,Minor,E00,0,0,1,127
M018,2024-05-07 01:00:00,74.11451627406024,,104.20221765198312,53.64525579701777,217.14553727421557,45.844494202787125,1245.954023190423,1021.7137581315594,Minor,E00,0,1,1,127
M021,2024-05-07 02:00:00,68.39582023338397,0.32726097632396967,101.74856999419194,46.734133096986014,214.2212095201363,55.716569062039675,,1459.5915305410088,Minor,E00,1,2,1,127
M005,2024-05-07 03:00:00,75.53976507217742,0.3378643201230048,103.04651611489176,49.136093044336484,,,1448.935218378628,1565.9718651587048,Minor,E03,0,3,1,127
M019,2024-05-07 04:00:00,76.33957835894262,0.4978070531917072,97.40825030095016,44.47828349280596,221.95753334714814,55.404117957077986,1495.180782283702,886.5158131014164,Minor,E02,0,4,1,127
M009,2024-05-07 05:00:00,67.38872526125154,0.2216165744026892,105.54967961970127,21.03573732054832,229.83413984813217,44.68425854230012,1527.0917655007288,1151.512309304093,None,E02,1,5,1,127
M020,2024-05-07 06:00:00,69.04185446770549,0.38511503093190813,108.45132897602285,,230.23461858175858,,1414.127900394198,959.8072489082574,None,E01,0,6,1,127
M012,2024-05-07 07:00:00,58.6478208774121,0.3322662645923484,107.97151449730168,40.58605383117938,231.02750992205517,65.65171235288426,1370.9268139231895,1415.5519978719685,None,E01,1,7,1,127
M021,2024-05-07 08:00:00,65.45604015378429,,103.42088186274509,37.58675846963792,223.3232529039608,43.34405612446334,1410.4859581399824,955.1064356603126,Minor,E02,0,8,1,127
M004,2024-05-07 09:00:00,67.54518263745852,0.3305487004990614,107.51114086978943,61.295793341421934,220.72150909863925,61.332197332998675,1326.1998590734572,,None,E00,0,9,1,127
M010,2024-05-07 10:00:00,72.44499705963614,0.3967163370683396,106.96848467291784,,230.25801809611804,53.23660838580206,1361.3751762710087,1221.034644555254,Minor,E03,1,10,1,127
M007,2024-05-07 11:00:00,66.32770392384111,0.4007166515814392,121.41206325347318,48.27679027170933,211.1195099027792,44.13920848716953,1377.8530419634133,1644.1379847021103,None,E00,1,11,1,127
M007,2024-05-07 12:00:00,68.91928807770535,0.3630211985704327,109.74453656038966,54.23243667719514,216.47324058771716,40.524115519393334,1327.789985370026,1404.229102118898,,E01,1,12,1,127
M008,2024-05-07 13:00:00,64.64801591050441,0.42649189215196387,99.29004690691775,31.140139971714213,233.68678464293825,,1563.453055410976,1602.7341038241943,None,E00,0,13,1,127
M010,2024-05-07 14:00:00,73.02668339118762,,92.70656570122505,44.029267511765426,211.4031558152681,53.341052912278506,1391.9404078742077,,Critical,E00,1,14,1,127
M004,2024-05-07 15:00:00,,0.407146315936543,97.91087796192711,60.53740931348699,219.7243349376178,42.72297604767361,1276.4190230852616,,,E00,1,15,1,127
M018,2024-05-07 16:00:00,74.41419209051894,0.31176652841969466,97.34572115520017,36.87429817043797,225.0506448456618,62.435282893706926,1451.849635033821,961.004735987,Critical,E03,1,16,1,127
M014,2024-05-07 17:00:00,72.07416679143155,0.38461090844490137,104.09138054180694,33.020000340074986,220.66158844259857,48.33711625119378,1366.4132890842188,852.1081486417416,Minor,E01,1,17,1,127
M021,2024-05-07 18:00:00,62.75356202099164,0.38494404613969985,,45.94324743404028,229.19534005295776,55.60357166728221,,565.3568202290584,Critical,E00,1,18,1,127
M018,2024-05-07 19:00:00,68.2802780166429,0.29290579964474134,109.53741737216323,46.22468413317353,232.20542535073517,54.95768873310496,1515.9497266784188,1675.8198217125407,None,E03,0,19,1,127
M004,2024-05-07 20:00:00,69.5561599660891,0.2401392774162019,88.88349595283763,52.770865198080216,223.83731456223336,62.97520624505541,1323.5424159796496,1067.757966392304,Minor,E03,1,20,1,127
M002,2024-05-07 21:00:00,69.58022812247624,0.20840570650378107,86.93979890946866,28.46217075312427,231.12050180605942,46.49623720948621,1568.2436174093189,518.091809501512,Major,E01,1,21,1,127
M011,2024-05-07 22:00:00,72.44988730793902,0.35488988430785057,98.9190719365972,20.0,212.57059628428945,50.848658138230064,1510.1970851840028,1693.7300874283992,Minor,E00,1,22,1,127
M013,2024-05-07 23:00:00,80.55324823422612,,93.25952760643591,56.05478312926643,218.73968612224567,38.78884405180802,1471.366905164946,1237.7067808375598,None,,1,23,1,127
M007,2024-05-08 00:00:00,76.87257727610759,0.26727528956433094,89.93412916812562,32.00421632154301,239.2415294394162,50.825185747118674,1688.9543121229092,1587.107721616755,Minor,E02,1,0,2,128
M020,2024-05-08 01:00:00,66.07489332090783,0.42322226327859536,94.90344035996127,,235.54344336937118,59.1200925046341,,,Critical,E00,1,1,2,128
M015,2024-05-08 02:00:00,76.0704172517798,,93.90811336736861,20.0,,51.75577353610849,1624.2175387324114,882.6905033552066,Minor,E00,0,2,2,128
M019,2024-05-08 03:00:00,75.84181420599441,0.4444616830440747,100.08107464987376,57.27495218430669,219.8979007319296,68.5013563168631,1450.8573837585907,1378.2995342939082,None,E00,1,3,2,128
M003,2024-05-08 04:00:00,67.1635951622906,0.37593751089885136,95.03623369348591,49.204058688870376,221.08859701218714,54.157679322967596,1497.797224405316,1411.4540064952837,None,E01,1,4,2,128
M021,2024-05-08 05:00:00,77.09319553581264,0.2753566499684594,95.68692513399942,48.72233452861138,223.3322056380059,45.67670077318942,1410.0208551529765,1088.0396885547862,None,E00,1,5,2,128
M006,2024-05-08 06:00:00,71.03774018432841,0.3820796849303104,99.96107425422966,,230.19234129367337,53.64611798404937,1417.6710377959737,1725.4112242872502,Major,E03,1,6,2,128
M012,2024-05-08 07:00:00,63.54027905991333,0.39690774864104705,108.1139325658834,20.278054151622175,234.71327266350218,38.29284157870083,1447.6752578120588,1578.1876803395496,,,1,7,2,128
M011,2024-05-08 08:00:00,74.73121634782285,0.31166634898790957,111.76596372391032,33.17800813910513,220.29932940476058,43.60815247447704,1271.9082481647847,,None,E04,1,8,2,128
M021,2024-05-08 09:00:00,73.30177094168715,0.24905349018830872,101.18214049987252,39.57927467464565,228.9758863730432,40.26392635771313,1541.597902543108,756.0111400459311,Major,E00,1,9,2,128
M007,2024-05-08 10:00:00,70.63393422488504,0.35702072450146244,101.80434495016416,36.015086746363984,,50.128887113260994,1513.7872681966276,699.6563898218047,Minor,E00,1,10,2,128
M007,2024-05-08 11:00:00,71.7752814901002,0.279940875527867,98.53450386163327,41.74186140424554,219.83095377590988,49.51581457320256,1320.275179066776,1679.6070339765884,Major,E01,1,11,2,128
M009,2024-05-08 12:00:00,67.68548712666923,0.4284621364142792,103.84998896047263,47.95439643214554,206.41473460508226,59.640877202157256,1579.194362242565,,Major,E04,1,12,2,128
M010,2024-05-08 13:00:00,75.66078302278265,,103.12175488467311,57.07725979506229,228.1477889603124,49.20745209425206,,1163.6082472862206,Major,E00,1,13,2,128
M005,2024-05-08 14:00:00,71.73929619294644,0.4707220774545309,110.6067814647073,27.237551675511597,224.84154969774946,41.979841706054685,1420.257731821543,1258.6577392060306,Critical,E00,1,14,2,128
M005,2024-05-08 15:00:00,72.99869306368937,0.20130889327368146,84.89036296675657,,223.11671384090675,62.47454172550395,1405.8275915268084,,Major,E01,0,15,2,128
M006,2024-05-08 16:00:00,74.14285154657324,0.3594356922901603,98.12401805030234,53.538524147085326,212.1498727598831,26.442873613010114,1633.6095235362877,1185.8715029604482,None,E01,1,16,2,128
M012,2024-05-08 17:00:00,65.07248631344206,,102.71351895302115,33.91100196033816,235.67309818618116,50.30772447130286,1548.3901757335263,1368.1188343249369,None,E00,1,17,2,128
M009,2024-05-08 18:00:00,66.6343018687077,0.2876786978878892,99.78972833966311,42.68600671478546,221.2197750595909,,1483.6891522182252,965.111705351334,Critical,E00,1,18,2,128
M010,2024-05-08 19:00:00,58.740333242302746,0.3388559345061075,92.4866157432311,50.598625385848194,210.86899539613697,49.917699694647155,1597.7474567421013,1552.564124164905,Minor,E00,1,19,2,128
M018,2024-05-08 20:00:00,75.38845355094244,0.3217874999945169,89.60506656607618,45.13450631375419,209.5814369615648,54.00073504312144,1532.8932412841568,,Minor,E00,1,20,2,128
M007,2024-05-08 21:00:00,,0.30213626504934016,106.4505794082309,53.09037312679276,225.41977920371122,50.88552174304559,1671.4200599765788,1128.016557704974,Major,E00,1,21,2,128
M023,2024-05-08 22:00:00,72.79541825937392,,93.94459319682868,46.13637776459516,225.65799791792222,53.99727975968796,1497.9894719160318,869.427474593349,Minor,E01,0,22,2,128
M019,2024-05-08 23:00:00,,0.2593204879300627,85.96079606795519,41.25764952402906,216.2959187468268,45.18224563381595,1551.1766703079431,,None,E00,1,23,2,128
M005,2024-05-09 00:00:00,75.61411703335511,0.3422321853068842,106.85258288007918,30.927482941633503,223.70100129064235,38.32758076487481,1631.7673770895121,2044.2680912626342,None,E00,0,0,3,129
M008,2024-05-09 01:00:00,64.77589851698364,0.3861195966379201,103.67186320356852,47.96602267696396,225.34085074030142,49.6291737186451,1206.260528907584,897.0285126899407,Major,E00,1,1,3,129
M005,2024-05-09 02:00:00,71.60903029115585,0.334943440202935,99.07300722033412,46.19967332990844,221.11940176797538,41.78780259192986,1636.1097689352268,1812.3122900884646,Major,E00,1,2,3,129
M007,2024-05-09 03:00:00,82.0216825247265,0.2799857060009957,92.68358725791177,33.0860156663328,214.38927103244504,,1439.3873048720866,497.9273813230724,Critical,E01,1,3,3,129
M010,2024-05-09 04:00:00,82.2858880799059,0.4221129779021051,99.09246845303605,51.98466989814317,227.69084759333836,59.29184992816127,1559.9936999728163,855.6855093782596,Major,E01,0,4,3,129
M004,2024-05-09 05:00:00,77.9239385641617,0.4011179873131795,109.72470080415364,60.21508207608024,226.70105048392955,62.46398236411808,1699.6952315438411,982.9481194018762,,E01,1,5,3,129
M001,2024-05-09 06:00:00,74.02495883291304,0.27711689800873807,87.08240571176961,,224.54144032039488,59.14164885784315,1463.292122055317,1579.6354923471024,None,E00,0,6,3,129
M011,2024-05-09 07:00:00,,0.2594124704484221,87.48817906608325,36.26841426866449,213.3301449857762,57.65905256565057,1445.337813006616,1222.1428622189687,None,E00,1,7,3,129
M018,2024-05-09 08:00:00,76.31172975234632,0.2833652908804323,94.97787741670072,35.83021731694418,209.3517400519656,50.479609193556044,1493.4308421618819,1724.0286082366388,None,E01,1,8,3,129
M008,2024-05-09 09:00:00,71.05187262751896,0.38816912158410505,,24.856061373752887,,58.12355179099278,1325.725160426897,1066.9431068524364,Major,E00,0,9,3,129
M022,2024-05-09 10:00:00,75.36316965163707,0.3692901029273782,,69.05378024250113,227.43656901291567,52.84495160990632,1763.8948566413928,1178.456088582621,None,E00,0,10,3,129
M010,2024-05-09 11:00:00,68.2029392708873,0.4053057898712,105.14253260133616,39.61337543381077,228.3229830476952,65.57992358499631,1494.8980091057558,1068.5274560798125,Minor,E02,1,11,3,129
M023,2024-05-09 12:00:00,70.96240132296043,0.3271694847364569,108.71067155558677,34.69854987102915,224.67505467279955,42.655190656544654,1697.470856031891,2010.5605124547662,Major,E00,0,12,3,129
M006,2024-05-09 13:00:00,72.98488416045855,0.2852686033749925,102.23015019685974,31.47869943612789,216.39636657509237,55.38086695355118,1460.0151008742591,751.9034279998966,Major,E00,1,13,3,129
M014,2024-05-09 14:00:00,73.47766854896315,0.41431925418901494,104.48345875004884,40.34439040327223,213.56634080004656,39.88565901880577,1504.0806705698756,996.7212235954315,,,1,14,3,129
M020,2024-05-09 15:00:00,74.96233628676148,0.3112586040584185,102.17679641618938,,219.86506536002628,55.42679008106221,1613.311699595861,808.8150797491514,,E00,1,15,3,129
M002,2024-05-09 16:00:00,68.5248300928506,0.36305836390977847,,62.25687824112665,219.94092806966646,36.24715320162339,1367.7342477850375,1429.3249884187837,Minor,E02,1,16,3,129
M024,2024-05-09 17:00:00,63.94029328733878,0.2415052612619238,89.65153040148243,30.015146207234338,228.85836234558946,40.291657307934486,1487.6939737959972,743.5960971780294,Minor,E02,1,17,3,129
M010,2024-05-09 18:00:00,81.74871023939878,0.31011327029740404,91.77606633917898,26.53758922453995,216.162284829431,39.73900946618756,1608.8162812544153,1928.858585503318,Major,E00,1,18,3,129
M013,2024-05-09 19:00:00,86.93552501414015,0.4206577424659059,,51.62140898744894,,52.01705600846242,1474.4359256174205,1232.2719541201147,Minor,E00,1,19,3,129
M016,2024-05-09 20:00:00,74.68452426721427,0.2998607803331099,98.81196164031132,43.7135220442883,236.43992880218212,,1442.0311113983707,1364.9520288807148,None,E00,1,20,3,129
M017,2024-05-09 21:00:00,64.05604743161933,0.40701526750160494,101.85822425003498,42.324661964650616,232.40977789109505,69.60383195787634,1633.8273704291091,1385.2409993992546,Minor,E01,0,21,3,129
M001,2024-05-09 22:00:00,67.36082929894273,0.1868286212668264,88.40590092174898,51.71563495565357,,,1668.1338594631068,1191.9762997389498,Minor,E01,0,22,3,129
M022,2024-05-09 23:00:00,75.05470541430581,0.3108425838249769,100.58076037681606,46.640539647534396,231.75001519157624,56.18031764380359,1687.215988867071,1248.6657458711836,Major,E00,0,23,3,129
M016,2024-05-10 00:00:00,80.04669367008772,,92.99826937391833,44.43818895767657,211.0249460274487,51.28696048133342,1419.0010428014293,1233.8925098752209,None,E03,1,0,4,130
M025,2024-05-10 01:00:00,64.72265619274886,0.47197782123396836,91.44640525170513,28.132246776916315,216.52753027352324,55.51118447972517,1430.4820799605461,1407.6972539378112,Minor,E02,1,1,4,130
M012,2024-05-10 02:00:00,71.25400307490659,0.26816559839898835,,24.98285820393805,217.4380520174412,51.149307859523745,1443.4104011122934,871.0523734370828,Minor,E01,1,2,4,130
M016,2024-05-10 03:00:00,73.17559238666381,0.39696953068129626,91.03618801323962,36.59485942451343,219.37926701801618,58.796934977934754,1586.2224702377084,803.1688009560098,Minor,E03,1,3,4,130
M012,2024-05-10 04:00:00,77.18747070771525,0.42398522468741556,104.85327294367428,31.98762070921284,224.95805069758103,41.57861187528624,1356.3842629317542,1528.3872316471627,None,,1,4,4,130
M023,2024-05-10 05:00:00,69.93839343359772,,98.65596465560859,,220.8517865462874,30.420213821058276,1363.1596434533901,1199.2328839702343,Minor,E00,1,5,4,130
M021,2024-05-10 06:00:00,62.617111852068454,0.3238533235859117,106.5217124559007,,,53.33922497663201,1414.2794277580235,397.4190829840143,Major,E00,0,6,4,130
M023,2024-05-10 07:00:00,75.72718535671741,0.3599140141668332,96.45202918314985,39.634078884777196,216.785273099518,35.559381317925414,1387.4132955338066,1009.9239762469059,None,E00,1,7,4,130
M013,2024-05-10 08:00:00,78.74877579102743,0.2462960522965229,96.75451150493052,42.92310170001869,222.993780991522,,1606.1232366149559,1811.989724034976,None,,1,8,4,130
M020,2024-05-10 09:00:00,71.50445122952904,0.318142775169705,114.98706112650764,44.524136645620565,220.63173470782587,45.61504759122621,1598.036636855054,1135.849156184922,None,E03,0,9,4,130
M009,2024-05-10 10:00:00,74.43144054783859,0.4393278428662491,87.01551622655728,49.78757115251449,208.8933594045139,,1442.1982522384096,987.6034719803313,None,,0,10,4,130
M012,2024-05-10 11:00:00,69.15305262343757,0.3865858367605094,,41.081517678108504,223.86408166952853,71.60416062901146,1476.7359945248238,602.0824669305897,Minor,E00,1,11,4,130
M020,2024-05-10 12:00:00,66.92536323164464,0.33902740973617296,113.23619230116661,36.99009595247474,220.7684429478903,49.852399883056975,1195.2320194683666,972.8675957479157,None,E01,1,12,4,130
M003,2024-05-10 13:00:00,78.1585540832833,0.3579150653285538,106.126539970092,,214.28872335042928,48.31915311771293,1445.108679246582,734.4986199714499,,E00,0,13,4,130
M018,2024-05-10 14:00:00,74.32497508688677,0.39066337558708397,97.35623624503181,41.15960773744999,216.60126297256463,,1649.2744211475895,1371.681831095087,Critical,E00,1,14,4,130
M001,2024-05-10 15:00:00,74.9422115964113,0.40406871035370795,111.41521657391793,62.0295644106516,216.7974340418061,56.523712981553686,1438.5816053791302,1219.717096470444,Minor,E00,1,15,4,130
M015,2024-05-10 16:00:00,81.01269088796768,0.31105100968346283,97.42590912088001,41.09847300666782,,59.113013483138076,1368.8987598271162,1054.614830727894,Major,E01,1,16,4,130
M012,2024-05-10 17:00:00,65.67094599408856,0.4574304660295769,94.35371531431423,44.80476404076243,234.07166496505658,39.33621199965863,1665.1470102815294,895.1128732888907,Major,E01,1,17,4,130
M012,2024-05-10 18:00:00,68.68784239104346,0.4421443740843263,96.89385324646669,43.33503182997926,236.72203551185913,54.28885425389386,1366.2623770513953,1810.576196621024,,E01,1,18,4,130
M013,2024-05-10 19:00:00,72.94760009300818,0.39740803412472486,95.43845008705169,47.7746233035879,198.1916905332418,47.65451164473985,,917.8733848538108,Minor,E03,1,19,4,130
M013,2024-05-10 20:00:00,68.61412057343254,0.2909928093907876,92.42701500064334,39.96182166124858,223.90539517459098,42.63177217956352,1846.5494994476285,919.3605133893858,Minor,E00,0,20,4,130
M011,2024-05-10 21:00:00,76.6988192116347,0.27858432652605847,,46.15361968494899,227.6396109480735,50.38490278401696,,1102.8127837714198,None,E00,1,21,4,130
M012,2024-05-10 22:00:00,70.8756046745761,0.32713773423823844,93.81241317902573,63.369768319147525,218.27138577590028,35.510062369665484,1649.253386366359,,None,E00,1,22,4,130
M015,2024-05-10 23:00:00,,0.35425355683510873,99.76282408862902,57.58622147669474,227.42472067825443,57.38344789623387,1299.7279465948664,1392.8185204870417,None,E03,1,23,4,130
M020,2024-05-11 00:00:00,72.39463005112597,0.2262055694108663,88.44982488480957,57.6688601234344,233.23334150970197,47.67459257169148,1294.4470293929053,1572.1779034990652,None,E00,0,0,5,131
M014,2024-05-11 01:00:00,73.02203262484073,0.3846285193481679,100.24648545399353,28.89683313807,209.02526407852733,46.17999235197579,1404.3927034394947,1542.2292757727168,None,E00,1,1,5,131
M017,2024-05-11 02:00:00,77.60809237737799,0.440122358469393,90.7525916462181,30.838560699586647,221.07009508979993,48.89857068511934,1598.6903874328332,2171.9577404513147,None,E04,1,2,5,131
M021,2024-05-11 03:00:00,74.35884541888454,,90.55611341659814,47.613011073083875,235.65397741690444,,,522.8504053158929,Minor,E00,1,3,5,131
M025,2024-05-11 04:00:00,74.76687834815901,0.30267630380370353,,54.24885510547123,210.09787759201416,59.125454650426335,1477.6317859432154,1292.3405317377885,None,E00,1,4,5,131
M003,2024-05-11 05:00:00,73.92175010404335,0.2943917621819656,108.45577812144748,38.77037337070259,219.07814127102762,41.234294217621766,1345.0997118862203,991.7972668970438,Major,E00,1,5,5,131
M018,2024-05-11 06:00:00,70.87066487224841,0.3709896640921855,103.52330950191838,36.62898163492556,,,1484.7180087810673,2003.9039474537517,None,E00,1,6,5,131
M006,2024-05-11 07:00:00,,0.3392687399263274,104.07296308906207,61.72611603207557,228.41514192063735,48.26754664009862,1422.766581499096,1270.241389731276,Minor,E01,1,7,5,131
M005,2024-05-11 08:00:00,73.73303010995626,0.38101288219791357,98.96066256016795,53.230520001043686,229.52996757757035,41.478727810280716,1389.3005090092172,388.13114019828953,Major,E03,1,8,5,131
M020,2024-05-11 09:00:00,70.00125140469815,0.3921204960823944,97.31487787879585,57.695840168754074,221.2986188651484,51.27450757308217,1379.1166049417222,1373.6855111245964,Minor,E00,0,9,5,131
M002,2024-05-11 10:00:00,82.1389357226461,0.42643233702262634,106.32912510795389,39.7025992988013,220.25767437528145,44.20901364435249,1523.0327061577536,,None,E01,1,10,5,131
M022,2024-05-11 11:00:00,80.05309376863931,,95.49458270143359,38.75975295220987,206.24681723582952,38.76574396519398,1413.5607337701788,1503.0983265081636,,E00,1,11,5,131
M020,2024-05-11 12:00:00,75.79703479410965,0.36551332634945183,106.67547323558156,56.386687255957895,231.38402016915683,54.2098192525355,1499.21791026359,910.5876648459714,None,E02,1,12,5,131
M025,2024-05-11 13:00:00,74.27080163575792,0.3245567497227073,109.88757551147248,41.847289676929215,217.17466947714485,62.378200637313604,1287.7183443476194,1331.1309072023816,None,E00,0,13,5,131
M017,2024-05-11 14:00:00,71.47224569411294,0.34309554692452465,93.26890573619379,37.66971564729555,218.8613995323492,50.387366058726215,1560.3766249094947,1091.8054437577343,Minor,E00,1,14,5,131
M022,2024-05-11 15:00:00,64.43325761191718,0.41050861968681207,94.44443603493434,34.04164276337742,227.7727984209565,49.17371599661395,1528.8856008451714,931.4552451881162,Minor,E00,0,15,5,131
M003,2024-05-11 16:00:00,70.70296666006821,0.418118811113587,95.63443594868316,38.86445832432502,221.5807974038583,49.00419551435649,1472.2356892410864,1337.0895413854832,None,E02,0,16,5,131
M023,2024-05-11 17:00:00,72.60840020043155,0.44789105552685576,88.26429899397269,55.50100261750412,228.03073560329193,45.87239299153544,1519.382035024232,1261.1138772937875,Critical,E00,1,17,5,131
M005,2024-05-11 18:00:00,73.37673884666798,,96.24477814692914,26.884021719264567,224.8272810877238,59.36077937028704,1612.100193702882,1620.021277214967,Critical,E00,1,18,5,131
M008,2024-05-11 19:00:00,74.81721820209496,0.3422988246470944,110.41159789775604,52.548629620127116,,50.752398066790164,1326.1427969100716,1210.7955812682846,None,E00,1,19,5,131
M004,2024-05-11 20:00:00,77.5279811872661,0.33229850713847314,91.63539566131722,36.50137489504622,222.48354182776185,32.57087422144935,,1441.5610336849281,,E04,1,20,5,131
M011,2024-05-11 21:00:00,67.8470755698428,0.22856714983237317,110.60156886923158,42.47639526255667,211.01781802738873,59.59163163695952,1343.3832607513139,717.026583102737,None,E00,0,21,5,131
M019,2024-05-11 22:00:00,67.90154635674594,0.44378145314290224,96.53244433637538,43.24505303259173,,57.63067932828676,1510.5129973357937,1757.8068667686405,Major,E03,1,22,5,131
M007,2024-05-11 23:00:00,80.70514007845895,0.3274671110350031,116.91228509682202,42.35106154035226,228.67237639944275,54.81280792516353,1468.937516643366,889.1197311787096,Major,E00,0,23,5,131
M021,2024-05-12 00:00:00,76.62588953515889,0.3854127942002037,94.54549547747658,41.55446844101438,,27.95674471938398,1497.010605591909,1561.1722023369148,None,E00,1,0,6,132
M016,2024-05-12 01:00:00,69.65537434720007,0.3975297568019703,98.84814440142273,,214.27779137041503,49.97641341850237,1601.8095635633952,1305.2475008237857,None,E00,0,1,6,132
M016,2024-05-12 02:00:00,71.35673298628657,0.2628279143664902,,38.14289791270316,212.96300570096744,57.14742385763043,,1254.5294924729858,Minor,E00,0,2,6,132
M024,2024-05-12 03:00:00,71.38371631995061,0.28536575252782553,94.49839381131339,60.837282563585674,221.22704477524843,53.03599513291869,1630.4050885776157,1504.138164661693,None,E00,1,3,6,132
M011,2024-05-12 04:00:00,72.1894447336883,0.4582913934938846,110.70543333486712,45.30059179283913,231.2202308221685,51.64121080727041,1452.434663281781,344.0073223946884,Minor,E00,1,4,6,132
M009,2024-05-12 05:00:00,74.83609855343168,0.3703304860978481,103.79629348111185,,224.3772799550245,57.16410147244304,,970.5902709451951,Major,E00,0,5,6,132
M025,2024-05-12 06:00:00,87.20995647659899,0.30935900349910384,108.2305422334196,37.26416733177496,202.58429936112228,51.11446635621797,1560.7965939049452,1498.4518310179315,Minor,E00,1,6,6,132
M014,2024-05-12 07:00:00,73.13853936697592,0.3411557092210719,89.47528559207974,40.10467414643181,225.18900000112708,59.62899507814501,1455.454894492313,1968.8372489545432,None,E01,1,7,6,132
M016,2024-05-12 08:00:00,75.97558890255151,0.4260365833382987,105.23862762526332,37.305945499663586,216.46327956330666,51.29405425292353,,1190.2567126718707,Minor,E00,1,8,6,132
M008,2024-05-12 09:00:00,61.88113976285914,0.4154020135814013,92.22845346623623,54.18413006297401,224.07505881980836,50.657472610806124,1484.1376502202293,224.94832096691385,Minor,E00,1,9,6,132
M006,2024-05-12 10:00:00,69.09060004332699,0.24737427664322495,89.30145189573717,35.95681096234888,,57.1393095086561,1667.386353448012,1073.11240972908,Minor,E02,0,10,6,132
M005,2024-05-12 11:00:00,79.37289001629964,0.46439986905703246,101.91012911082845,20.0,213.11634755009013,46.81130454962484,1597.2259650827582,1175.940057013719,None,E01,1,11,6,132
M006,2024-05-12 12:00:00,,0.41763036216990757,101.8283066672913,45.69969644957864,219.42822726686165,41.22206278308192,1459.6961459148422,1643.783744300571,Minor,E01,1,12,6,132
M005,2024-05-12 13:00:00,45.665312490810976,0.3393267325460889,100.4267662903932,41.64731006915749,216.46823919700097,50.03041091604654,1451.3468655486242,1219.3372127637676,None,E00,0,13,6,132
M019,2024-05-12 14:00:00,76.04413921389718,0.26657942898392956,105.74046730102133,37.97054139831238,222.4617195857765,54.72299619646289,1614.9138310423464,689.3099522007365,Minor,E02,1,14,6,132
M002,2024-05-12 15:00:00,83.50898636777261,0.42378060480426477,106.98853054106942,55.93867343937236,,57.402900263051094,,,Minor,E00,0,15,6,132
M016,2024-05-12 16:00:00,60.02455448328124,0.38334992502062337,111.75783471354961,20.0,211.00184116422923,57.4471961733392,1537.8642087562498,1427.3267283709179,Major,,1,16,6,132
M024,2024-05-12 17:00:00,81.11632605387307,0.2479541135345564,90.47725601355332,,225.85665477981448,49.4508146043127,1579.0286723461547,920.3625306420394,Major,,0,17,6,132
M020,2024-05-12 18:00:00,55.36826621624443,0.33375453472491357,112.0161299636018,57.6561331253699,228.87071601093143,48.629039556461,1656.3757781765903,1487.9490415113548,Major,E02,1,18,6,132
M011,2024-05-12 19:00:00,,0.5688321059954742,115.05849191756461,37.46336084166219,224.64046234333188,45.26307244404286,1479.0257121718823,981.3542648295693,Major,E00,0,19,6,132
M002,2024-05-12 20:00:00,71.94810824392655,0.3511551230190095,97.07015986838373,39.59058873980398,214.80981732261668,,1510.0164756656463,1080.716782613895,None,E00,0,20,6,132
M021,2024-05-12 21:00:00,57.9001727085323,0.298062058396504,86.65206653541459,51.05264341755227,214.0794405198682,36.87100794997471,1558.4073975256015,988.1246667107343,Major,E00,0,21,6,132
M001,2024-05-12 22:00:00,,0.27940523622853514,88.93200869544705,51.37459187809197,214.54008613457805,50.18207389172591,1448.520199191107,1076.0235419422256,,E00,0,22,6,132
M018,2024-05-12 23:00:00,78.90503849491235,0.4740469288400594,96.3051889525303,37.393417709141275,227.12315943800343,72.79744547950264,1703.8853984022314,1562.7041051045921,Major,E00,1,23,6,132
M017,2024-05-13 00:00:00,74.18332202292945,0.40934316427043815,116.11313272245937,,213.3996091348679,37.96909270088996,1447.4396826353952,485.6858407184925,Major,E00,1,0,0,133
M005,2024-05-13 01:00:00,75.50896582235768,0.44852073797420594,100.13664000162542,70.36431265442405,227.07232407703543,51.254684860994395,1507.3543569040635,1641.6517374812508,None,E02,1,1,0,133
M019,2024-05-13 02:00:00,69.52994332596563,0.367372969886451,95.06252706598549,56.47348859922661,225.09522525965974,53.02268632369835,1729.9651310201925,1270.5299407687207,None,E00,1,2,0,133
M005,2024-05-13 03:00:00,60.83166146867387,0.43778134647329503,94.51678193314163,46.8822363395322,229.90181585227,54.0517203426726,1276.586917177501,1043.9658603481016,Major,E01,0,3,0,133
M006,2024-05-13 04:00:00,76.15118413402239,,89.41822139995367,47.109302990880536,228.50522463190467,42.26685575675263,1525.9150163515894,,None,E00,1,4,0,133
M021,2024-05-13 05:00:00,82.49852351667778,0.36138136866405407,106.99660823744313,52.455804341958256,224.34124465825,54.12469368855416,1420.732075006015,836.409614665417,None,E00,0,5,0,133
M025,2024-05-13 06:00:00,78.77748512536475,0.37009374604809153,99.26345004224733,53.89275943254012,,45.7239475334964,,,Critical,E00,1,6,0,133
M007,2024-05-13 07:00:00,60.07274502239192,0.44677128523126547,116.79863607809946,20.0,224.88102700685525,38.57933231340328,1355.2944019944985,847.6887033003094,Critical,E00,1,7,0,133
M024,2024-05-13 08:00:00,62.910633556734396,0.3723190128098319,105.0256751714116,40.78953624761608,220.92378713625888,57.615658466638834,1455.4945779373006,441.80427620651545,None,E00,1,8,0,133
M023,2024-05-13 09:00:00,66.92419354921596,0.30621417807846496,106.63949052845817,39.542040525548096,217.01397008981124,55.31691847505214,1502.9732610126464,658.9431363720461,None,E00,0,9,0,133
M020,2024-05-13 10:00:00,62.44214729231914,0.35448516872442615,,43.06278409797621,230.89779398187608,42.2675003523301,1528.5984072643942,550.8993727907729,None,E00,0,10,0,133
M004,2024-05-13 11:00:00,72.26513951733624,0.2326510758277831,91.2717572946121,54.24952731770175,218.78931464392218,45.649620182867594,,1689.5275337226815,None,E02,1,11,0,133
M008,2024-05-13 12:00:00,74.36049483108313,0.18753218867108126,93.01135215736656,23.519037630512262,215.76440866440205,45.35990065566862,1221.1392567858682,686.3155411065071,None,E02,0,12,0,133
M017,2024-05-13 13:00:00,63.418480300545795,0.4081938959075801,89.04602444888735,28.810291373239476,228.99244934341573,36.85132288822186,1484.895671630881,1183.5014585855313,None,,0,13,0,133
M025,2024-05-13 14:00:00,76.66277075565317,,107.28315775854473,36.81905956157248,,56.09943790117294,1479.0369673045582,1646.6946675041825,Major,,0,14,0,133
M021,2024-05-13 15:00:00,75.60662366412008,0.33170078907138123,96.92067850203291,46.85214151759873,215.36405423501847,56.3993472662283,1492.2866019515436,1540.0355358995391,None,E00,0,15,0,133
M011,2024-05-13 16:00:00,68.71104525093779,0.40816626755566304,107.62000431673653,,210.98276718212944,47.3391234802374,1503.8730701944,1081.9455767256861,None,E01,1,16,0,133
M006,2024-05-13 17:00:00,70.9648680840961,0.4477907269531219,101.0873152184605,64.57588103473388,213.43859182870128,49.77499550722245,1400.3858327954783,1083.7694836888109,Minor,E00,0,17,0,133
M025,2024-05-13 18:00:00,60.30119294608181,0.3874141568379308,97.65745315383643,41.56374960138781,214.12488527533867,50.917583769785274,1314.360399846603,,None,E00,1,18,0,133
M007,2024-05-13 19:00:00,70.00642706227755,0.4849650981152468,90.6431773202516,54.96577091549982,224.96838017852363,51.95513486885953,1526.0527326705276,2044.8912951482912,Major,E01,1,19,0,133
M009,2024-05-13 20:00:00,72.04430984478195,0.3851882393840094,102.41306186370142,53.521949739189,211.8474215571842,39.219766404504725,1380.6898004624557,1365.2188895120767,None,E01,1,20,0,133
M025,2024-05-13 21:00:00,73.01248557136914,0.3711549424505996,98.25093586842564,51.50002981284156,205.1372889927854,,1548.3289584630254,1467.287966325518,None,E00,0,21,0,133
M015,2024-05-13 22:00:00,74.27326147212105,0.36682721757532194,107.21747142364337,44.708628721941594,222.4258384044919,40.5959419116128,1387.5358138351964,2106.5587210166527,None,E01,0,22,0,133
M007,2024-05-13 23:00:00,73.46545045938343,0.2600153106506468,94.2767145929952,40.20561673871396,214.92838966268565,55.45100170758318,1583.1266379617912,1311.1305465483863,None,E00,1,23,0,133
M001,2024-05-14 00:00:00,70.41393781640598,0.41691990239480853,104.92886218797629,,,41.48095863758549,1493.4653104556635,1659.1435798745417,None,E00,1,0,1,134
M011,2024-05-14 01:00:00,73.7171696553259,0.17881737859892993,113.1267873297803,31.42088560653933,230.25932780612985,39.5991300106776,1501.794955207128,1391.0901034741212,Critical,E01,1,1,1,134
M025,2024-05-14 02:00:00,78.01219195986148,0.3089622999906955,,49.16498188197606,220.57235796926932,49.77569152161776,1470.4386181418881,1385.263031520861,Major,E01,1,2,1,134
M011,2024-05-14 03:00:00,71.42701156014213,,106.28233162193504,44.34692987661703,232.07696892338274,49.59595820626244,,814.6644331291475,Critical,E00,1,3,1,134
M018,2024-05-14 04:00:00,73.90556934499006,0.29471663736106457,104.57512196942064,40.01391146591777,219.45482503174395,50.82997314122588,,748.3391652346008,Minor,E00,0,4,1,134
M007,2024-05-14 05:00:00,70.88297362401529,0.3183770853849025,115.18473187614018,52.97770351556171,228.0556518508521,42.85811414001217,1641.7980387655778,995.0734171612569,None,E00,0,5,1,134
M020,2024-05-14 06:00:00,68.11944650112257,0.478756289635906,102.97248337355063,42.594129994934704,215.62058214330284,51.622541753823654,,,Critical,E02,1,6,1,134
M020,2024-05-14 07:00:00,75.13727800150562,0.4272816720047175,105.59967081388407,,220.86152520308457,52.37593344232336,1422.2236394271729,1533.7864620657222,Major,E00,1,7,1,134
M016,2024-05-14 08:00:00,68.66864433497877,0.3019920623435282,99.70979177187235,41.8020231716378,212.53625597903635,59.325706443660934,1626.7992628016489,1733.2745118854882,Minor,E02,1,8,1,134
M020,2024-05-14 09:00:00,74.31688140595314,0.31713034423193365,93.80489171453793,54.84755816649592,213.48640714198885,51.480261774695315,1598.3727972350257,1195.5585260849962,Major,E02,1,9,1,134
M015,2024-05-14 10:00:00,72.16953222906027,0.2606097236013709,90.33459451455064,32.717840973888975,218.2026685630201,45.20486276408306,,1415.0967660756842,Minor,E00,1,10,1,134
M010,2024-05-14 11:00:00,70.17639194087914,0.39934956502042956,110.1353925250934,47.51132181045052,209.37172756349102,39.22350235295272,1492.8909216926827,1416.79823686378,Minor,E02,1,11,1,134
M019,2024-05-14 12:00:00,,0.33251802847126666,91.93312502925968,44.33489106727339,221.27487977391092,37.75791271593684,1341.8050637096956,1157.0023150093991,Major,E00,1,12,1,134
M021,2024-05-14 13:00:00,68.95127404550588,0.21234734703738162,105.96691599826745,35.87028130356655,217.57792014244362,52.583825047494436,1367.0589855433889,1071.3861303210613,Critical,E00,0,13,1,134
M022,2024-05-14 14:00:00,62.12519296746592,0.35705485142670407,103.3281330430701,41.479773755526104,221.87663944893558,56.345590964152194,1464.154663066787,606.0006989212766,Major,E00,1,14,1,134
M006,2024-05-14 15:00:00,74.29737057097016,0.3807285218521278,107.34228275916585,26.13980389465614,,42.8782364436307,1591.2836026416192,1138.9861741909392,Major,E01,1,15,1,134
M017,2024-05-14 16:00:00,73.38928095166992,0.4174198681222537,95.88230381933425,46.31568232988799,225.61385848520874,52.04210878454512,1469.4385773294778,1158.3997924439493,Minor,E04,1,16,1,134
M001,2024-05-14 17:00:00,77.09802151469096,0.3448651643796257,93.67416068413432,28.623204199231687,233.58090932377115,48.60625055574487,1460.198216940989,1653.754935821693,None,E00,0,17,1,134
M015,2024-05-14 18:00:00,,0.32391301860495325,103.02697470479806,57.86924660667348,231.89226479404746,55.746140284496924,1547.6322011571262,1693.1967413976859,Minor,E00,1,18,1,134
M015,2024-05-14 19:00:00,83.37230175286001,0.489038527634267,,43.89633092358974,235.23125223627915,56.928615294135064,1503.326575891038,1258.2853322550202,Minor,E00,0,19,1,134
M010,2024-05-14 20:00:00,,0.3504610309269686,90.15177330714977,38.13823612116871,220.3394479566651,31.870298853598285,1447.1294269894086,2025.3532716417958,None,E00,0,20,1,134
M025,2024-05-14 21:00:00,66.74934214683182,0.40036932821185545,,58.926711936677435,217.1813771733072,58.257077585305616,1379.8184463160756,1275.9947937064405,Minor,E01,0,21,1,134
M023,2024-05-14 22:00:00,66.03789048094401,0.3122322249636619,93.66873467229964,32.617813869302786,223.9006683189603,52.017575704975116,1613.63437202873,1613.168127272868,Minor,E01,0,22,1,134
M001,2024-05-14 23:00:00,61.596465580622024,0.3982936756145083,92.05093830411988,36.02780512997594,218.09424184669922,45.74915215487549,1625.737587158442,1159.9703492556596,None,E02,1,23,1,134
M006,2024-05-15 00:00:00,81.19576735435876,0.2481059705317131,98.06291385456498,23.049040055620253,206.07650280713352,45.972297300972464,1373.0775758485522,743.9396840843083,Major,,1,0,2,135
M006,2024-05-15 01:00:00,80.22640434461198,0.3176552717996956,110.02286855326331,60.714075651993326,226.55439610978118,50.25397923340388,1451.686838565895,1029.912280924544,Major,E00,1,1,2,135
M023,2024-05-15 02:00:00,75.60447097730855,0.2654208032401762,82.66611965501107,67.47438835911836,218.12478496339483,45.970009686139534,1580.0367362763684,1789.6203904224478,None,E00,1,2,2,135
M013,2024-05-15 03:00:00,66.62346715334532,0.30765186746913725,109.35906891660359,24.916872261695296,208.2611777940412,42.50397092225528,1363.4805460676782,1094.3191811231982,Major,E01,1,3,2,135
M019,2024-05-15 04:00:00,82.86760608935472,0.43753290281617496,92.70821198834957,35.210730712600004,215.9337418779552,44.33761877522917,1543.8212950517507,1013.4007359787868,None,E02,1,4,2,135
M021,2024-05-15 05:00:00,69.88968503087007,0.3071371877487411,102.11620192086603,45.83776297809662,218.3067187799971,41.678704397442544,,1198.3736534133004,Minor,E00,1,5,2,135
M020,2024-05-15 06:00:00,70.38584501264009,0.40027792878318585,94.5919443062096,38.81167035589617,220.09466014589788,60.772547572479056,1353.9891291876902,1044.2011647821128,Major,E00,0,6,2,135
M003,2024-05-15 07:00:00,80.62355448261646,0.4562085627439928,115.93533483201605,44.62421992628522,220.1907599782202,50.4472385221636,1713.2810703852026,1677.503626158554,,E00,1,7,2,135
M004,2024-05-15 08:00:00,75.95346350688523,0.34806958804776766,100.99696069313882,,230.95215796075618,68.02274473560006,1459.027882642124,1954.1818794324,None,,1,8,2,135
M010,2024-05-15 09:00:00,85.20661883252757,0.41956369735393956,,49.890622322139656,209.6916760869408,,1562.9168856301949,,Major,E01,1,9,2,135
M009,2024-05-15 10:00:00,73.49233356191412,,97.59126942529848,33.46841407255263,218.78284661679913,,1365.4594152217287,1416.1822722257778,Major,E02,1,10,2,135
M019,2024-05-15 11:00:00,69.61781520252765,0.3581505851408473,,47.311915802930926,212.96828925938345,,1686.2807717566543,1588.7500460722529,None,E00,1,11,2,135
M004,2024-05-15 12:00:00,68.32917069924123,0.402522091252185,101.42141286209761,31.60647092508963,230.04934600994685,48.25432850984865,1733.686365119525,1243.4192633105683,None,E00,0,12,2,135
M010,2024-05-15 13:00:00,60.91802293685624,0.47879566629942977,103.51009986817057,,215.50836714875499,,1319.7385148147425,848.8351649629728,Major,E00,1,13,2,135
M006,2024-05-15 14:00:00,70.32842536316278,0.3053911761244013,99.98876313854149,24.158984069879743,217.24936129988484,44.90201088707628,1480.2527536814214,1036.222957792476,None,E00,1,14,2,135
M005,2024-05-15 15:00:00,78.86756003296428,0.28285593698767475,88.98270066713027,40.145421702581174,,46.28159178763081,1659.3466895608526,1364.8091811183135,Minor,E00,1,15,2,135
M005,2024-05-15 16:00:00,75.59300503593641,0.27874598180412596,97.27785863278672,,230.59819857955097,53.361182659033474,1443.7881374978692,1357.524870452418,Minor,E00,1,16,2,135
M005,2024-05-15 17:00:00,72.12184803936243,0.4196099578815588,104.85326699872687,56.322952280863944,231.78098830304359,53.51807838607114,1549.1158699761486,,Minor,E00,0,17,2,135
M015,2024-05-15 18:00:00,66.03039333710203,0.4290557336189847,94.640937548968,44.28887913216478,206.85509523473277,39.30443779558222,1298.3585309843752,1025.3515953175547,Minor,E00,1,18,2,135
M011,2024-05-15 19:00:00,,0.3124074146666245,,46.470038797245806,223.86331282150437,52.26992721154598,1405.4037083316339,905.1971690401274,None,E00,1,19,2,135
M011,2024-05-15 20:00:00,78.07688223117223,0.20047905153924567,100.25374506366248,,,54.42412145956499,1536.6052481214126,1552.9167126267737,None,E01,1,20,2,135
M012,2024-05-15 21:00:00,74.58431553881991,0.302767028205384,98.25807874586808,20.0,219.5901908356263,45.27778527886567,1429.264575784243,920.7036266167969,,E02,0,21,2,135
M019,2024-05-15 22:00:00,73.00041101780016,0.3883497924464897,109.55315114031674,21.036644877939985,220.5325448887922,44.46468959433434,1456.7357661406343,1015.5413478088396,Minor,,1,22,2,135
M022,2024-05-15 23:00:00,67.21825408031276,0.3453293802712017,,41.17586839943035,230.28619151166694,53.53175312051441,1318.1310973404738,1001.5634140562306,Minor,,1,23,2,135
M014,2024-05-16 00:00:00,77.20309088467208,0.36262434227287565,94.5974328138828,48.342719858085665,228.30871381635694,29.415301161713245,1578.4879615334942,1516.5326775048454,,,1,0,3,136
M017,2024-05-16 01:00:00,53.208571087534914,0.31336589072070814,109.8594296774302,,227.17530581324803,50.016675764056735,1339.2506085753894,1587.537732668552,None,E01,1,1,3,136
M019,2024-05-16 02:00:00,74.29707425319087,0.4209862387296835,114.64039330522827,,221.65531358785967,63.07542323689841,1684.8832034850639,1397.4294202981898,None,,0,2,3,136
M018,2024-05-16 03:00:00,87.42193188566759,0.3740234261228245,118.2879398773736,42.116242567611565,238.16472622733113,29.22912548910231,1418.0769929735434,1642.563773328826,Minor,E00,1,3,3,136
M004,2024-05-16 04:00:00,62.94975967600892,0.3910524430654661,100.40284424270644,,216.79501724809617,56.58299893337727,1596.0843737508546,1694.1660673327012,None,E00,1,4,3,136
M025,2024-05-16 05:00:00,70.5517832717918,0.3611345978118677,103.66317903692435,54.34803898658848,,54.35537958214631,1584.2645283978172,475.87654388794266,,E00,1,5,3,136
M005,2024-05-16 06:00:00,71.95253405925165,0.38670577145275903,106.53942261788534,53.676239782389665,217.87804788117123,38.495193366333325,1381.7906059763727,1436.7645400984502,Major,E00,1,6,3,136
M011,2024-05-16 07:00:00,69.22450311566054,0.38210001817266726,110.20060217726628,,220.46190195884535,54.16391086098531,1430.9091397840837,1052.0805274406362,Critical,,0,7,3,136
M017,2024-05-16 08:00:00,78.21824545535388,0.28503477603049526,102.50473547739809,44.40090895380948,230.42547278174285,58.01135916878078,1445.1073850823238,697.300637851416,None,,0,8,3,136
M011,2024-05-16 09:00:00,74.8347060861318,0.37611441667625894,107.40919138756854,48.3143914343089,215.9121754918709,40.587062406440594,1453.2416230917265,1072.1062073598578,None,E04,1,9,3,136
M007,2024-05-16 10:00:00,72.91380223528391,0.4054055720362564,103.67819040355617,50.09573274528817,223.92984059223258,44.34220529039952,1344.2798059036493,1492.3442864975807,Minor,E00,0,10,3,136
M024,2024-05-16 11:00:00,76.78363536701568,0.43085990263363905,104.177791535267,64.83117708948531,208.18204580496743,50.2088568851281,1564.0643087182827,1782.0989147572466,Major,E01,1,11,3,136
M002,2024-05-16 12:00:00,72.10050425443045,,92.65304610479936,44.66222842390061,228.65134322344556,57.82136117199017,1417.3502692480465,661.9600589291251,None,E03,1,12,3,136
M007,2024-05-16 13:00:00,91.07918693294108,0.28243246368879243,97.36629024499021,59.02493765047822,220.54655531564728,45.67105278364037,1486.299113703665,1447.3663180852795,,E01,1,13,3,136
M025,2024-05-16 14:00:00,72.90808160194045,,95.81784641537745,31.079003068276766,217.75555142793974,49.66327413568601,1620.7624193387355,1986.2515824971456,Critical,E00,0,14,3,136
M019,2024-05-16 15:00:00,73.17169259093822,0.3195396343122948,90.48883637137183,37.347914105391474,237.05321939271968,44.68084977783761,1568.6156516912924,1932.3014600161416,,E03,1,15,3,136
M003,2024-05-16 16:00:00,61.737191702560345,0.3632624735695567,86.78715820631268,20.0,,50.19646102834727,1425.443297584314,100.0,None,E01,0,16,3,136
M019,2024-05-16 17:00:00,68.73929803617946,0.34144347290846844,96.61098001126281,46.81567848011682,211.68126497165716,,,2071.5520287344534,Major,E00,0,17,3,136
M025,2024-05-16 18:00:00,78.88426609079886,0.271338755405836,97.88894138850992,52.770287458305994,219.1248658027518,,1579.8647727668506,1584.4164414442714,None,E00,0,18,3,136
M003,2024-05-16 19:00:00,63.98725889784077,0.27091959759794637,100.84029660822273,,241.89055632003453,47.140326443276635,1415.2986298239425,277.0469088690982,None,E02,0,19,3,136
M011,2024-05-16 20:00:00,59.054656954188275,0.20310347575653212,104.44590272672113,47.259436411090086,235.83053429232984,49.73794642585173,1438.3142620524054,893.7356112035739,Major,E00,1,20,3,136
M012,2024-05-16 21:00:00,72.19389282712545,0.13163675532923924,101.50497794884657,52.250524166782135,227.38370504227356,43.59499552953656,1620.0604948796488,1703.1056315045396,Minor,E02,0,21,3,136
M004,2024-05-16 22:00:00,80.22446704484987,0.3407752723931552,97.9447105797554,51.566851156061276,205.22361490436896,42.04486343363318,1593.441138697851,1344.1142071512852,Minor,E02,1,22,3,136
M006,2024-05-16 23:00:00,72.25428737217675,0.5124161262599999,92.678989473785,30.649666559584233,230.65720217584047,59.62734423467363,1319.6921698242995,970.4177080827833,,E00,1,23,3,136
M005,2024-05-17 00:00:00,69.98325238424194,0.47577456666539986,107.01655278000975,54.277439677106976,214.9185186978538,63.10167687195248,1379.3288846082835,1226.5850975507271,Minor,E00,0,0,4,137
M005,2024-05-17 01:00:00,60.84907237355412,0.281523801151392,,45.111653968624786,230.5881434734401,35.667908957505624,1583.4454992418807,,Major,E00,1,1,4,137
M011,2024-05-17 02:00:00,74.71352473621316,0.3604932308173427,96.52968163994473,52.09245142699819,214.21865211556064,54.65703595625655,1359.0750538701755,968.292416368355,,E00,0,2,4,137
M012,2024-05-17 03:00:00,75.96765065329826,0.24747943429648836,98.50836574069385,43.489705309835664,223.9106363698376,56.871467771925474,1596.5925405259022,1149.1530376712037,Major,E01,1,3,4,137
M006,2024-05-17 04:00:00,61.3096050053934,0.2581523328399315,94.13804522116234,49.572448404665536,214.87773898865873,40.306518944408054,1732.294447177443,1558.7668425244087,Minor,E04,1,4,4,137
M008,2024-05-17 05:00:00,78.80719469218332,0.2661769181658734,95.75460861271115,58.310829600489335,217.09375753160438,46.22595884446476,,919.672372293929,Major,E01,1,5,4,137
M005,2024-05-17 06:00:00,76.59417315535265,0.3342150920890717,95.5003334936785,42.55173535077101,224.97757308886364,45.383629932889,1389.2413980746032,657.2047220761874,Major,E00,1,6,4,137
M020,2024-05-17 07:00:00,78.79389565528408,0.33722782728516165,97.70130065599625,48.409257706760506,209.44881261329718,65.20757408332253,1521.1806876552896,945.0751094177369,Minor,E02,0,7,4,137
M006,2024-05-17 08:00:00,75.50115055100005,0.3676891379564801,105.24603965454472,59.99722434308149,238.97934427263658,63.21960173106108,1624.1535626073012,844.4350550070299,None,E03,1,8,4,137
M023,2024-05-17 09:00:00,75.92209625286792,0.3964251472792998,103.25689654832486,43.401238022282904,211.78222826230368,42.630585496244855,1511.8692509802881,958.0531389304913,Minor,E03,0,9,4,137
M014,2024-05-17 10:00:00,75.12432539221044,0.3264183353623389,112.37389925824627,31.495246014985817,211.33479819155423,38.32601511164769,1558.0603785663468,509.01653932108576,Minor,E00,0,10,4,137
M021,2024-05-17 11:00:00,77.21083392900718,0.35253413794638394,109.69383273689607,53.112517489871934,225.001070143429,56.18381569412751,1404.070439537731,1294.2483960358159,None,E00,0,11,4,137
M016,2024-05-17 12:00:00,61.08745338525649,0.27343312453168533,115.6513741858766,62.21853132731249,230.33552909298055,54.35158016104543,1413.1595832624243,1547.040518765432,None,,0,12,4,137
M007,2024-05-17 13:00:00,62.99364339827091,0.2558852083019973,104.47326783736663,60.46540215381073,,59.951948009541056,1608.7268359593545,875.3089633970525,None,E00,1,13,4,137
M016,2024-05-17 14:00:00,,0.2450719357766183,,53.579853195946484,211.42824626063117,41.5274034252275,1414.5525319542128,939.2123101348349,None,E00,0,14,4,137
M007,2024-05-17 15:00:00,71.22107896996468,0.3954473460789759,96.10067377890292,20.0,212.62096873049776,55.788328163858324,1189.6556269373007,1125.0453990729382,Minor,E02,0,15,4,137
M003,2024-05-17 16:00:00,74.32882153984907,,106.60811917996399,37.37000727604426,211.7598434320081,44.14592622955987,,835.4778801984697,Minor,E03,1,16,4,137
M007,2024-05-17 17:00:00,73.9480899193731,0.21902158160229176,94.75106455965529,37.984794148094366,222.46543704158944,54.98530797605356,1537.703524683245,1593.5130292219567,Minor,E00,1,17,4,137
M007,2024-05-17 18:00:00,78.70263486873618,0.3455837733121473,88.23635580494738,45.53842070193743,,49.703045330616774,1627.0212721417568,844.5355159311092,,E02,1,18,4,137
M004,2024-05-17 19:00:00,78.8909717914821,,112.21058713798203,65.25917801328805,223.40666087124254,,1697.493073049957,989.6402137484507,Minor,E00,1,19,4,137
M001,2024-05-17 20:00:00,66.76568935023724,0.466226517328108,90.00654724293862,32.033500397313645,222.91895542085936,53.57914956400046,1510.163993001515,894.6928246762237,,E01,0,20,4,137
M024,2024-05-17 21:00:00,73.43145666030283,0.30948247948892216,103.5108143167648,71.90642506315717,226.594498306616,47.48804549278014,1579.0340602922065,,Major,,1,21,4,137
M013,2024-05-17 22:00:00,66.91301071366897,0.39770541900733847,92.9573490173331,40.412064440709095,216.72044784104466,51.10346725888793,1514.475162047023,1107.5684359616569,Major,E00,1,22,4,137
M011,2024-05-17 23:00:00,70.8705177698786,0.4262274119169491,109.01334098233467,35.79718423831866,214.09436208900462,49.195852344868676,1542.488417729254,1997.2437146975228,,,1,23,4,137
M024,2024-05-18 00:00:00,73.93074821429097,0.2831550083210071,110.10359988616557,55.14245654774146,221.25035254694046,40.764509301317275,1477.5768592661052,1341.5058697540373,None,E01,0,0,5,138
M006,2024-05-18 01:00:00,51.547727541169856,0.3553232982288295,104.2334224593855,56.091651201889505,219.56007992480096,,1546.372977079783,1663.3725129037414,Minor,E02,1,1,5,138
M011,2024-05-18 02:00:00,86.4674642378381,0.3887427530971702,109.97091767580959,,222.02361611487646,62.789757780831415,1412.4092606699107,,Major,E00,1,2,5,138
M022,2024-05-18 03:00:00,,0.35808823206870743,100.05869660664898,35.76653439832794,214.30629647179018,48.5895722876768,1737.6102603911015,822.9517928604549,None,E00,1,3,5,138
M016,2024-05-18 04:00:00,68.42578034751956,0.37527705315168725,117.87339744660841,51.02433753286887,225.1377383156197,55.59904585558525,1213.0526960933496,1186.7356545668158,None,E00,1,4,5,138
M010,2024-05-18 05:00:00,,,105.96932186794326,32.597307073192106,210.57301376911374,66.41143473313566,1568.5063961411934,928.3825704133291,Minor,E01,0,5,5,138
M007,2024-05-18 06:00:00,69.91541297708284,0.38878253538001667,,35.433049632237505,216.47692272483786,,,400.58828947916976,Minor,E01,1,6,5,138
M001,2024-05-18 07:00:00,72.79511631496834,0.31596850640791035,100.55685366995311,43.86155803074891,229.03233066613078,47.54086873802228,1544.553812994909,1605.407924797739,Critical,E00,0,7,5,138
M003,2024-05-18 08:00:00,69.07730513761423,0.37446158562988985,98.77998379027946,35.160436801186776,210.94948032781744,49.29634224241234,1358.061910524839,1213.0972035844634,Major,E00,1,8,5,138
M005,2024-05-18 09:00:00,81.91195102466004,0.4143992191886025,97.99660753249871,,,36.259724422075315,1298.6225254328044,919.8790222442233,None,E00,0,9,5,138
M020,2024-05-18 10:00:00,71.37009176216472,0.3968165955262791,86.74288617680634,38.061989617084826,208.72720501510707,56.19817474569241,1572.693008726994,1350.5086546445427,Minor,E00,0,10,5,138
M016,2024-05-18 11:00:00,72.89690460443705,0.37441038078426314,103.09491635554768,42.35452538062681,207.31819300560667,59.942761872580824,1660.9201182191111,1218.7730504253025,Major,E00,1,11,5,138
M011,2024-05-18 12:00:00,79.22269291815267,0.3949489807329162,,34.437620619911804,,59.99764932952034,1526.4274994836337,1763.916280059202,Minor,E03,1,12,5,138
M020,2024-05-18 13:00:00,75.51083674476646,0.39818877377221495,79.79674175582093,57.45131773705999,220.93444933796428,55.608322145563,1596.63237119268,1373.126704043738,,E00,0,13,5,138
M005,2024-05-18 14:00:00,71.67391160919557,0.4546850812968748,,,225.83676600354343,52.81877290528474,1445.0226491007118,1137.2322874383703,None,E00,0,14,5,138
M006,2024-05-18 15:00:00,78.66234583414477,0.347616451037606,93.95285077286209,58.70413323293704,230.34075283111258,42.01750199469762,1539.7888471085985,1477.3712435867728,Critical,E02,1,15,5,138
M010,2024-05-18 16:00:00,87.2308993765677,0.3614769895409672,93.10770389891557,,229.70296605709427,52.55767633938279,1647.0791889751724,,Minor,E04,0,16,5,138
M023,2024-05-18 17:00:00,73.90446269279653,0.4152446766283278,75.17523239707583,,226.90158867937808,44.94670406266306,1462.3743041425485,1273.5331118785857,None,E01,1,17,5,138
M016,2024-05-18 18:00:00,72.7005605272354,0.3156728673165541,93.19325699237561,45.35601369913218,213.34573238513744,54.20143541989767,1642.2861722223604,1690.4667144750929,None,E00,1,18,5,138
M022,2024-05-18 19:00:00,73.02376250171449,0.25653127691254096,98.61086507861837,39.31549228118458,213.27597172832077,43.88907045714997,1303.8513276717358,732.571166845652,Major,E00,1,19,5,138
M007,2024-05-18 20:00:00,,0.3845261122207939,94.92676847923126,51.548663943083724,226.3023385721563,,1426.4396376707812,854.6905546188437,Minor,E00,0,20,5,138
M022,2024-05-18 21:00:00,68.40481358980247,0.33557834207688386,103.09874941002666,42.666344264053194,,60.58498730601449,1565.5099349943475,1032.2573178368177,None,E00,1,21,5,138
M002,2024-05-18 22:00:00,70.33009464173003,0.26547308117859425,111.1412851878045,39.99023203472682,211.75087296071734,53.01721325922306,1728.3372812588748,1090.7884604635165,Minor,E01,0,22,5,138
M006,2024-05-18 23:00:00,,0.3850379350565886,104.1309395220414,,230.35199471511285,52.62766992260515,1501.7128698117237,,Critical,E02,1,23,5,138
M014,2024-05-19 00:00:00,64.89679282416016,,108.21115435281588,26.013410837689474,204.63730025368594,57.30421517463386,1375.9298942418197,634.1202470083696,,E00,1,0,6,139
M002,2024-05-19 01:00:00,68.89319998381218,0.23591802175976395,108.87301351718759,44.08982106233906,223.11940075148257,64.16267723059134,1725.609461967491,1188.2000462620886,None,E01,1,1,6,139
M022,2024-05-19 02:00:00,,0.42156274966515367,91.8491138634663,52.79534364167256,,49.141727166050124,1484.8629984452755,979.6887571793912,None,E01,0,2,6,139
M022,2024-05-19 03:00:00,82.61449995462071,0.17240527389780225,103.51291754148956,46.65665256313403,218.36648204130418,54.16817606972962,1579.7734648628166,1880.1929734252697,None,E00,0,3,6,139
M014,2024-05-19 04:00:00,75.21595682955135,0.321979935887294,107.96125882692372,,220.25016904559754,62.08986063214881,1459.8690252817094,1553.5390014718653,Critical,E00,0,4,6,139
M008,2024-05-19 05:00:00,,0.4788361138569806,96.51231617561217,40.472422945670694,213.17015850206855,55.354310851194896,1517.0731081473468,1295.4769108842831,None,E04,1,5,6,139
M003,2024-05-19 06:00:00,67.6321170878153,0.32701731660409933,93.67498679975768,,223.56862481244318,33.98098175064977,1432.5459436271076,1587.537079174507,None,E00,0,6,6,139
M016,2024-05-19 07:00:00,80.24849209938392,0.3562956877074694,104.24325167373155,31.59217195228601,220.48534784634202,44.27505163146869,1770.9172267918207,672.2240312833743,None,E00,1,7,6,139
M014,2024-05-19 08:00:00,78.75966209177516,0.40340063405414883,88.14696902569857,40.13106115741529,227.48249185869312,,1642.9478127524917,2011.0017937866307,None,E00,1,8,6,139
M019,2024-05-19 09:00:00,72.16889946134522,0.2298468540157543,91.29596333546965,68.59071149957244,232.723123173297,46.79861875494787,1712.1747511661465,863.2584596894695,Minor,E01,1,9,6,139
M016,2024-05-19 10:00:00,69.344841206767,0.35504663605878284,94.66594921933253,48.30652038223743,221.01533530166506,61.52283741086522,1405.3845807103203,1702.7799753406332,Critical,E03,1,10,6,139
M004,2024-05-19 11:00:00,78.74959701422786,0.3544949150372916,103.60411370504566,37.97356541042136,213.45025307169232,64.86339210912426,1280.9971931813416,,None,E00,0,11,6,139
M004,2024-05-19 12:00:00,66.04003723965188,0.4803624681274118,101.75130017244531,32.92629674319521,210.89680698143422,45.27803867132914,1464.8454812842424,1305.7299265595532,None,E00,1,12,6,139
M020,2024-05-19 13:00:00,74.35218238834514,0.26349814183015235,108.25896703641706,25.817631290808933,233.58601454527857,41.73997863666617,1801.9766406888373,,Minor,E03,0,13,6,139
M004,2024-05-19 14:00:00,85.63595394535999,0.3232922478484915,92.62503956509265,35.03527716711218,232.56298392507617,47.110541205231584,1461.375226540857,1598.632810474131,Critical,E01,1,14,6,139
M024,2024-05-19 15:00:00,73.23213409350875,,92.19621622985993,54.11032210246369,227.09897288386514,,1626.2145689410888,1242.9528676407076,Critical,E03,1,15,6,139
M003,2024-05-19 16:00:00,67.34634312443038,0.2775911737416034,104.19129574999731,39.875618721096444,220.4788312170126,62.288706303027006,,1031.360545457142,Critical,E01,1,16,6,139
M019,2024-05-19 17:00:00,74.46221221602923,0.4289181908945205,93.61066476714372,33.50193902228914,226.52132448238774,41.71732465375307,1400.5191635053275,1249.2115832689592,None,E02,0,17,6,139
M025,2024-05-19 18:00:00,69.17994768590792,0.3518656051400572,95.17196867604463,34.82179459158911,230.43572304847723,55.9394416421988,1490.4249278087004,1158.8773423530636,Major,E00,0,18,6,139
M012,2024-05-19 19:00:00,63.63530493747951,0.3111102962501435,85.14588128598601,52.79376959927919,215.0563441830442,61.10270352277751,1753.1632831551124,1341.5964887698976,Minor,E00,0,19,6,139
M002,2024-05-19 20:00:00,76.20621616123265,0.3137507869200225,102.3267680113087,44.024843095420465,220.23836241796238,56.55376343959603,1632.0279406847105,1608.235829643174,None,E01,1,20,6,139
M022,2024-05-19 21:00:00,78.70700640329834,0.31057410461382223,112.33032377452935,37.47354702947869,211.15011570460712,53.491642168388914,1253.6175296090464,1387.4273959093534,Minor,E00,1,21,6,139
M005,2024-05-19 22:00:00,70.13455996756457,,91.76568866959695,41.29933956534514,218.967506994981,48.70231049829404,1580.0076945488775,1273.9478831442964,Minor,E00,0,22,6,139
M014,2024-05-19 23:00:00,69.73658595542236,,108.1736288937609,71.47059750656913,232.35418837201962,,1362.1518177913672,938.4132348897227,Minor,E00,0,23,6,139
M025,2024-05-20 00:00:00,66.23060765326902,,99.52481135208039,59.63547689046773,,48.037954733029096,1418.212615756564,1329.862692135769,None,E00,0,0,0,140
M019,2024-05-20 01:00:00,71.1003863971946,0.3248555315843499,,62.62350395603817,221.0800544112796,57.58627453978017,1561.2468486313835,521.6267807555967,None,E01,1,1,0,140
M002,2024-05-20 02:00:00,68.62578970246085,0.296954230551766,92.84218515497497,23.974752652443428,198.45413506670954,48.730118391519625,1667.8122852629199,880.9970135920144,Minor,E00,1,2,0,140
M021,2024-05-20 03:00:00,65.93380387978047,0.3608532379413482,92.34826133756982,43.18677266595671,214.75365891650188,35.26637533544833,1661.9118729832112,1442.4969293787337,None,E02,1,3,0,140
M005,2024-05-20 04:00:00,83.35301298239763,0.36679226360827105,97.46777771887498,37.2625308101894,220.81924771892884,47.84285831341449,1539.787996122883,1554.0748578284174,None,E00,1,4,0,140
M019,2024-05-20 05:00:00,,0.3110346949995804,103.35611430757363,51.52608235000615,218.27269264254545,48.74972936286219,1541.47409419968,1191.7346335057782,Minor,E01,1,5,0,140
M016,2024-05-20 06:00:00,75.43437064817611,0.33991060944636214,114.79138269793145,57.7176825414264,220.26218065030648,48.852838803390235,1661.545447820576,1280.3962043925671,None,E00,1,6,0,140
M008,2024-05-20 07:00:00,77.30039741359457,0.50110366088306,88.55083364065212,48.91711455504048,,44.71751934387367,1310.9347139458341,1348.104461199617,None,E00,1,7,0,140
M011,2024-05-20 08:00:00,76.62621730055884,0.4984303281021496,96.1217808246401,34.53035948808649,215.730553927256,55.00616281504247,1719.2826194604502,1472.5743835003054,None,E00,1,8,0,140
M003,2024-05-20 09:00:00,69.52134028321971,0.27621368669091845,92.83215317671431,37.067839944033175,219.93975240151042,55.89671585874438,1411.6821997530715,1119.4363413787419,None,E00,1,9,0,140
M025,2024-05-20 10:00:00,73.6353157378288,0.2859886703388009,89.85616430808562,52.446850393594254,218.80445290266525,47.553448723880045,1531.273637695142,806.8158104276548,None,E02,0,10,0,140
M006,2024-05-20 11:00:00,70.38581709443604,0.2758417706105602,100.76358149287653,,214.37437865879028,47.48627585360689,1440.4496359406062,1354.869746264161,Major,E00,0,11,0,140
M008,2024-05-20 12:00:00,74.63078174865996,0.42399377579805675,100.01183992949478,,234.77070129616007,41.5944938990329,,1983.3220922044245,Major,E02,1,12,0,140
M013,2024-05-20 13:00:00,74.05014531574899,0.3221029490297014,85.48958122333705,46.557491032674854,216.18833155255123,52.03489867629529,1555.3908572444798,831.0188624226188,None,,0,13,0,140
M017,2024-05-20 14:00:00,69.70403843481479,,100.14520422356372,45.6014704292226,201.96632629830648,61.02335516158253,1528.3842832705795,1149.2346726336818,Minor,E00,0,14,0,140
M013,2024-05-20 15:00:00,64.02420766246921,0.48978771332966187,90.35683205671089,48.22915869296676,234.2661268806879,61.028937057998846,1487.3528352920744,1045.5014247702645,None,E01,0,15,0,140
M013,2024-05-20 16:00:00,72.87742234179305,0.3492674643982676,100.0946217530798,53.59153170206175,213.22979212394048,45.20680702614662,1481.6801323099644,2165.279351546426,None,E00,1,16,0,140
M015,2024-05-20 17:00:00,70.7743830731562,,110.15597194564872,52.56198848683835,227.1992667931523,65.9295341362168,,815.7098267529998,Major,E00,1,17,0,140
M022,2024-05-20 18:00:00,60.65776651374745,0.3864294524510275,103.70454368860752,45.283025206601,214.55290856794275,47.10262879287544,1763.1363708183403,1135.816806412071,Critical,,1,18,0,140
M010,2024-05-20 19:00:00,75.0459706133323,0.3088247853812835,101.42013675525672,44.41140699207197,224.55422508474268,41.872482412242455,1650.3483085993125,1054.1255191703444,None,E00,1,19,0,140
M021,2024-05-20 20:00:00,77.79205267345665,0.4241413212219301,,43.952420291162916,219.61482112003836,39.10522951505611,1533.2890269033703,698.2613292378863,Major,,1,20,0,140
M020,2024-05-20 21:00:00,87.1701388512537,0.29052094336298695,100.53494120675819,35.636032269602836,228.00264669850944,41.389857814525186,1303.5279846313929,676.5363964335845,None,E04,1,21,0,140
M025,2024-05-20 22:00:00,69.65281498007603,0.4437915850510923,104.50603377797985,35.48366220801902,,,1575.2586836420624,1427.353360923889,Major,E00,0,22,0,140
M023,2024-05-20 23:00:00,68.7677286207056,0.3088784324353616,103.71333074246728,51.52747529763733,214.7574407394265,47.94028700185878,1580.5668423145435,,Minor,E02,1,23,0,140
M020,2024-05-21 00:00:00,65.34347381736455,0.31654225956247334,99.20624988949164,36.44557336326523,222.0561588151697,44.94393701654992,1592.5599515286137,976.1999427687712,Minor,E03,0,0,1,141
M007,2024-05-21 01:00:00,73.25185143892205,0.27380585234612453,101.73901059151133,54.767206414956284,216.9400661482638,43.22083951744469,1363.0822868961213,1763.59856100639,Major,E00,1,1,1,141
M020,2024-05-21 02:00:00,73.21390908335013,0.2853018412428347,89.46750543966336,44.38388746757248,204.56661717280932,41.31106034596742,1602.0076758966686,299.6747532073041,Minor,E02,1,2,1,141
M019,2024-05-21 03:00:00,67.13222199127951,0.3201264974370025,94.1253058017781,54.83514310122195,215.18799416285188,42.881049562989126,1687.390343129159,696.611090657996,Critical,E04,1,3,1,141
M008,2024-05-21 04:00:00,70.95042070797696,0.17980560094625714,105.66047802036789,52.643505642657686,242.95015180820354,58.123149374825125,1382.085324106059,870.111754141765,None,E00,1,4,1,141
M017,2024-05-21 05:00:00,60.12800599866386,0.3336667361177082,106.73626361099366,55.115159097264936,205.42901685967635,64.42669212378567,1582.158875721454,1196.4186896974873,Critical,E00,1,5,1,141
M007,2024-05-21 06:00:00,77.55826048699947,0.3144418033930938,,,,,1402.5868032258757,1019.6371575110617,Major,,0,6,1,141
M014,2024-05-21 07:00:00,67.375924441967,0.40530077690282823,111.83172587492122,49.9067934057485,218.0568317738674,55.49669542555495,1487.4876390094557,1119.5811569017098,Minor,E01,1,7,1,141
M020,2024-05-21 08:00:00,71.79206189152212,0.37960865168497776,104.06415533169094,53.854655874580374,,46.061791734474795,1386.1570557166403,1394.022314417433,Minor,,1,8,1,141
M005,2024-05-21 09:00:00,,0.3004653798230492,98.13497985709549,26.384079607206814,211.1116934861949,44.657492104409634,1457.9145226017883,1782.8277845410375,Critical,E00,1,9,1,141
M009,2024-05-21 10:00:00,68.50587840323055,0.3179014468401865,90.24197797567554,65.42032137058632,220.81042749024172,56.04911861748083,1458.8449610065525,1520.9722785167648,Minor,E00,1,10,1,141
M020,2024-05-21 11:00:00,,0.33357673730353715,111.50986600023131,72.19143655336889,,,1549.4729934882237,1222.4613676526537,None,E01,0,11,1,141
M012,2024-05-21 12:00:00,71.93225491823502,0.45401695881330945,106.16253965723662,,218.5656426428416,53.295332367477215,,1167.9433769194823,None,,0,12,1,141
M025,2024-05-21 13:00:00,74.87839509313507,0.29243867236804905,114.38649138344414,54.6705691455599,213.85957556456287,65.44350388560919,1645.9413137470294,1640.5646242202783,None,E01,0,13,1,141
M001,2024-05-21 14:00:00,80.63445050091732,0.2996167534534542,117.33477964403133,52.065103169514224,219.82243066469064,51.73462862844464,1421.7640761292394,1953.6939295035804,None,E00,1,14,1,141
M019,2024-05-21 15:00:00,76.39626565661614,0.2709991093867994,89.70447754573792,41.11879989975929,217.52403004910136,68.22281160837161,,1455.3171772181877,None,,1,15,1,141
M021,2024-05-21 16:00:00,,0.24625723643946704,89.72533004698252,43.67795746477778,217.5015799951182,40.985001466762746,1368.2202721445433,1003.9581699373807,Minor,E02,1,16,1,141
M023,2024-05-21 17:00:00,80.67662465965883,0.37149025365378463,77.09440069944746,56.572858744326346,227.44569877243603,53.57937925628614,,1303.6912545828116,None,E01,0,17,1,141
M004,2024-05-21 18:00:00,75.41824728913619,0.36420323317512465,107.34689709623805,33.321393661602926,223.22359666618365,52.509892164480355,1505.1289023789043,1432.1248846365456,None,E01,1,18,1,141
M025,2024-05-21 19:00:00,,0.4397933296984746,105.2518614999008,32.271397042450495,224.4141350185144,,1389.2955771964296,977.9416782177981,None,E04,0,19,1,141
M010,2024-05-21 20:00:00,78.05467143753033,0.42289863054088506,100.78223200100678,40.23204973509002,222.64236946266337,56.41324436453754,,1546.3018022765432,None,,1,20,1,141
M009,2024-05-21 21:00:00,78.43805571576993,0.5177981700172265,90.1909341516528,52.8750380987461,227.6790431966565,62.246479956142906,1481.3094460536665,1305.6166260106208,Minor,E01,1,21,1,141
M009,2024-05-21 22:00:00,75.89139502779621,0.34482890627212326,99.28773048700182,34.6087661007096,230.43407760459178,67.62135853784875,1518.5243040137468,1665.8632375224663,Minor,E00,0,22,1,141
M016,2024-05-21 23:00:00,63.27223441778338,0.3317629305342655,101.47764396006164,42.295007196991705,217.70629411842904,53.290318857762145,1646.9410231785507,809.3032690091641,Critical,E01,1,23,1,141
M017,2024-05-22 00:00:00,66.95123908143212,0.2589841558406648,,43.71989275137588,226.55575124699305,34.79914542388653,1448.6787968646313,503.40895284347897,Minor,E02,0,0,2,142
M012,2024-05-22 01:00:00,70.3508753758171,0.3987604717233428,102.18389531572228,32.857569136386516,209.63049363541248,53.81591804795656,1602.0237927804394,1042.8984557535948,Major,E03,1,1,2,142
M002,2024-05-22 02:00:00,76.6777261244154,0.3582973969012437,105.31041035992934,20.0,201.97555225892233,55.93567665195,1673.1453835275406,1209.4947559140478,None,E00,1,2,2,142
M025,2024-05-22 03:00:00,71.87192148557664,0.39558864135074784,99.00695304068762,32.68184952697435,234.6112402715631,,1665.7924202137854,479.6388821630654,,E02,0,3,2,142
M006,2024-05-22 04:00:00,78.82121180070338,0.270261304653312,109.45185515140201,48.13063820780031,217.33313247813211,51.72095420346756,1477.423776449465,956.616676461129,Major,E00,1,4,2,142
M003,2024-05-22 05:00:00,79.89141977246568,0.37461229323186895,105.05384061954753,50.83372161932968,222.01978271970415,46.13258940360886,1383.2805385829486,1713.4222000784926,Critical,E01,1,5,2,142
M015,2024-05-22 06:00:00,79.19502281206324,0.3643639732567759,90.5045354343934,50.93235580633686,210.19827363282928,48.930435136877335,1414.8082010388232,1413.3134174213883,Minor,E02,0,6,2,142
M011,2024-05-22 07:00:00,79.23324338688172,0.35973245279255806,111.11376294124993,52.31486873811766,209.82925029121532,58.139895882500994,1309.5980960087104,1255.291058732074,Critical,E01,0,7,2,142
M016,2024-05-22 08:00:00,65.7780365720477,0.3021713864266633,109.80457218172108,37.483261193550646,214.29644886747673,61.112189921613094,1582.3222457337704,777.6862253533005,Major,E01,0,8,2,142
M022,2024-05-22 09:00:00,74.89581299673465,,103.72379789642353,34.91269050015375,225.14318183857404,,1589.7702904921207,1700.1127861705568,Critical,E02,0,9,2,142
M003,2024-05-22 10:00:00,68.35482575426751,,102.24574163989972,49.50069605821027,215.8676575951002,45.90942092454948,,1033.061700228252,Minor,E00,1,10,2,142
M008,2024-05-22 11:00:00,,0.2722759181591669,113.2688925510266,42.45899915715671,217.31367640078898,,1334.8636941419188,1237.9977308088107,None,E01,1,11,2,142
M013,2024-05-22 12:00:00,,0.40043107857150706,86.9334970698234,55.88494347055323,214.04391137013187,64.70659407054565,1456.1658821022106,1362.960758996193,Minor,,1,12,2,142
M020,2024-05-22 13:00:00,79.94842179376352,0.14855048940617271,109.92979619247721,49.57648277205059,229.32630471448266,56.96623615591295,1665.631098419403,1268.500497224146,,E00,1,13,2,142
M016,2024-05-22 14:00:00,74.76445206071078,0.3968026964637721,96.19034641140519,60.405846753994645,,33.99197280064656,1573.1596780316181,1796.7112578930414,Critical,E04,1,14,2,142
M010,2024-05-22 15:00:00,84.10685622963535,0.21908917684207713,108.76141957128308,39.413564348092855,216.12681401790442,49.48372190032431,1593.9657835868622,1430.0455290220577,,E00,1,15,2,142
M016,2024-05-22 16:00:00,73.06338087160867,0.31325228564705193,100.96300677735235,57.81041100129415,225.47293012312295,47.73232742279864,1896.967119022574,1335.336928919115,Minor,E00,1,16,2,142
M025,2024-05-22 17:00:00,86.68681652155745,0.25808827367720244,90.0565918127341,69.41611076565982,218.03810398336788,43.95248844641993,1539.3689599788586,,Major,E02,0,17,2,142
M013,2024-05-22 18:00:00,,0.33490719535354224,96.02784151971447,,217.29960603699152,58.29021853629118,1240.9615097758228,1372.7624252711503,Minor,E00,0,18,2,142
M023,2024-05-22 19:00:00,72.13488177692241,0.408715558885748,108.17383258532772,50.99168012328922,219.6023138024108,58.10709473978989,1367.868005796466,1116.0014979813805,Minor,E01,1,19,2,142
M020,2024-05-22 20:00:00,64.32365947247102,0.21998807153910838,98.31833694944102,33.83366053561815,225.14587171900305,52.15561287745358,1536.6666789395651,1275.751615895799,Minor,E03,1,20,2,142
M008,2024-05-22 21:00:00,78.66337644175661,0.32483642173390526,95.02811668225516,55.72867831058806,212.86240388084803,44.8667804678417,1502.248691438225,1063.3142502926917,None,,1,21,2,142
M007,2024-05-22 22:00:00,68.98724922635712,0.314064186182876,94.97462353763984,58.548698034291604,224.01915694040525,44.934015765867,1479.3614760693333,1000.2266477279029,Minor,E01,1,22,2,142
M020,2024-05-22 23:00:00,68.11771416354763,0.4606734078710312,105.13797937787032,39.06656179120067,239.98256778506845,50.351414005615204,1481.4681950391712,,None,E03,0,23,2,142
M006,2024-05-23 00:00:00,79.68738338257543,0.38022327054951993,114.00508024111971,,221.46496944284166,46.34290914080304,1405.867755348238,1091.5234218967437,Minor,E00,0,0,3,143
M009,2024-05-23 01:00:00,78.94933601277575,0.2675948020708604,82.87293303490975,48.365672866135256,220.28574473554522,49.953428367063374,1544.8577265842375,1065.2821248221128,Minor,E00,1,1,3,143
M006,2024-05-23 02:00:00,78.79230820326407,0.317009393467872,122.40547557874629,49.689423483310215,219.3266586352492,54.464648769469015,1667.3232912006358,1931.750437556467,None,,0,2,3,143
M016,2024-05-23 03:00:00,69.82685319567011,0.4589272966869872,101.62996983180905,54.74423688918328,223.8256932933514,,1707.8806382313082,1596.842183588363,Minor,E01,1,3,3,143
M008,2024-05-23 04:00:00,71.69414480816849,0.4000055721741817,,51.22679410799378,207.1167690807507,43.93452572651676,,1146.3896799961844,None,E02,0,4,3,143
M017,2024-05-23 05:00:00,,0.28572365763162044,96.50990602282074,43.332146085925885,233.60867444974548,49.73045631345016,1385.283999518455,1030.6753889728677,,E00,0,5,3,143
M024,2024-05-23 06:00:00,76.69510908403439,0.33130506231318374,99.97187900114538,54.99955626516165,227.84949563443215,62.52275917778944,1497.5789625968532,1446.022056138618,None,E00,0,6,3,143
M021,2024-05-23 07:00:00,81.32138801096538,0.33354235961142964,101.54010409704887,58.34227307429536,214.8438730280239,,1462.3391906935294,,None,E00,1,7,3,143
M024,2024-05-23 08:00:00,74.20887933119045,0.3123412650990936,91.60723206130372,38.34966679176003,220.25237784096558,49.97132779532898,1571.0367756421147,1518.6240894328998,Major,E00,1,8,3,143
M001,2024-05-23 09:00:00,83.84934651214415,0.23028514905748168,93.55454849393976,44.978410475441095,215.54121440134583,,,511.97852120790077,Major,E02,1,9,3,143
M012,2024-05-23 10:00:00,77.38316650819837,0.3025664799227022,109.47654032713002,23.77568633734919,222.3938801911361,49.1879690582782,1472.9247014408415,1545.2658128149797,Minor,E00,1,10,3,143
M006,2024-05-23 11:00:00,70.59120363531349,0.4472439514105762,87.58122523712623,52.003176570374556,220.4908069079069,58.61779019079464,1674.5495146346864,1616.1279107302885,Major,,1,11,3,143
M023,2024-05-23 12:00:00,,0.3233198859057177,103.52831282650833,59.677410915171244,221.82906844787937,,1511.805410803707,2079.695582869192,Minor,E00,0,12,3,143
M018,2024-05-23 13:00:00,82.23564167225264,0.34277224586773564,97.03586472504652,41.91245727012887,,60.23040195506615,1514.902034945712,1100.661438881569,Major,E00,1,13,3,143
M009,2024-05-23 14:00:00,83.98973390004801,0.35983679527975015,92.31434280419539,46.60123389401633,216.14765195195525,39.157290540761764,1549.5885815138176,1255.427501451682,Minor,E00,1,14,3,143
M015,2024-05-23 15:00:00,79.12134806759448,,115.77545481575521,42.35765118067272,,43.55047567927098,1581.1432523255492,1380.0960800754835,None,E02,0,15,3,143
M016,2024-05-23 16:00:00,72.15404672194799,0.35062123399918727,92.36397950990849,40.393245313489636,215.72966912801945,52.19657069308356,1581.8347045634082,,Major,E04,1,16,3,143
M013,2024-05-23 17:00:00,70.69984047566447,0.42657617475084575,90.95918400212423,47.78605544215915,198.85204372120685,53.94808950935078,1686.2564810758563,858.1700071326369,Minor,E01,1,17,3,143
M012,2024-05-23 18:00:00,75.45641702136834,0.3081273879564162,98.5042183718357,35.589089531666595,218.79495691854402,69.20270760004033,1345.7260771804245,1359.7430723667662,Critical,E00,1,18,3,143
M002,2024-05-23 19:00:00,82.04384697162628,0.33184205176482556,93.85153092718319,42.17667676267881,239.2919288836952,35.53802691452334,1538.9354827831683,582.7884163377722,Major,E00,1,19,3,143
M012,2024-05-23 20:00:00,74.60261473328671,0.3508786906177199,100.0510452559564,34.14538886272943,226.79102130225291,49.73539798108947,1487.7144643758577,673.1906238199781,None,E00,1,20,3,143
M009,2024-05-23 21:00:00,74.72719123121287,0.29581069407054306,,52.06891903019612,215.3268335524497,49.376624086682114,1463.8945507598833,1526.2708783438325,Critical,E01,0,21,3,143
M021,2024-05-23 22:00:00,,0.33573975535779293,101.87726452507941,,219.59518578316332,51.902708899363226,1590.9336753951789,1399.1356750008345,None,E00,0,22,3,143
M022,2024-05-23 23:00:00,70.03265362421273,0.41216356550692884,99.00887322205149,39.82514499138091,,,1655.585152475262,1699.8965821774673,Minor,E00,1,23,3,143
M019,2024-05-24 00:00:00,71.02719296013649,0.29397448072356813,94.3827063752622,45.44494494746875,205.94998577671888,57.01020491470774,1428.9888773098758,1385.2932646296447,Minor,E02,1,0,4,144
M001,2024-05-24 01:00:00,72.81255591147318,0.35000623216745463,105.14722434143465,,213.1515280405548,37.1678854277411,1702.4325005351488,,Major,,0,1,4,144
M022,2024-05-24 02:00:00,82.30859997743893,0.39961134861591524,99.10645786796685,58.726742046871614,223.18677500263797,62.270075578215,1328.2022819895933,1715.6276877983014,Minor,E00,0,2,4,144
M010,2024-05-24 03:00:00,70.56171732881519,0.2922873765831079,96.03506150356017,39.70785221587885,232.75589259048718,,1570.8313726192064,1030.8518068604876,None,,1,3,4,144
M011,2024-05-24 04:00:00,72.31567245546829,0.4266789654830469,111.83994959278017,52.620539585182605,216.4854145466073,52.10459653759095,1393.1177034414166,1066.6647355008304,None,E00,0,4,4,144
M024,2024-05-24 05:00:00,66.80773403756095,0.3551018435797926,99.0295043168684,36.537512576300486,232.53613898078055,37.05787801697467,1422.9873655247532,1174.1927132218818,Minor,E00,0,5,4,144
M022,2024-05-24 06:00:00,76.29978639883893,0.3384414205662497,108.73589281197273,54.7708608045588,213.96541123733118,48.787048194770904,1507.20954035627,1380.1861761067414,Minor,E02,0,6,4,144
M002,2024-05-24 07:00:00,80.2000750723097,0.20942965359398494,109.81470757687512,57.4476672000433,192.91589870599444,53.74982390328045,1452.1412494002634,1173.3510626773416,None,E00,1,7,4,144
M009,2024-05-24 08:00:00,81.74698707574053,0.3238471290590568,110.30138268340635,58.0140755111345,,57.97240810723309,1156.4068022795827,605.9809206475194,Minor,,0,8,4,144
M019,2024-05-24 09:00:00,73.22018714817426,0.3760114691301712,105.5292624648888,62.65220269366437,,35.836417670008856,1573.3763473785011,1093.363187102935,Minor,E01,1,9,4,144
M014,2024-05-24 10:00:00,75.44612569967542,,99.99493202499389,48.509340000948306,225.8894742677433,43.84716361865867,1593.5712701712434,1187.3771779300553,None,E00,0,10,4,144
M007,2024-05-24 11:00:00,71.07869806697977,0.3897522407878129,99.4876664747918,59.8553604199589,225.57683897658669,58.78413129153099,1480.6723905530314,1245.9281607993885,None,E01,0,11,4,144
M014,2024-05-24 12:00:00,75.16811207816714,0.4288351362244844,,64.4901594278451,221.53400043542473,62.01412056542043,1471.243373740644,1020.239830227821,Major,E03,1,12,4,144
M022,2024-05-24 13:00:00,,,82.66483463989499,,217.92947853469377,53.44421946130511,1455.2531887862008,1402.2464026220835,,E00,1,13,4,144
M006,2024-05-24 14:00:00,72.34958632350893,0.34112242530429315,105.7504544459829,37.76114229884157,218.2344929813582,59.188097708962175,1294.6241676495938,555.7896917780761,Minor,E00,0,14,4,144
M019,2024-05-24 15:00:00,72.82652215366278,0.4354522509630205,101.95572453108063,27.051591485794546,216.31678878663234,53.64225016805056,,1366.3038225025316,Minor,E00,0,15,4,144
M019,2024-05-24 16:00:00,74.7115337003619,0.28785865147200534,,57.73372949669725,216.79687389114437,57.70467806491164,1596.4358053753097,1917.1439346492139,None,E00,0,16,4,144
M023,2024-05-24 17:00:00,70.23508539092661,0.41756558402811716,99.0639875882243,26.89761279133989,205.51172194192728,51.160978201059685,1627.7640843510842,957.276787007297,None,E02,1,17,4,144
M008,2024-05-24 18:00:00,70.5450192475318,0.4013322505220233,105.3186012956282,23.641891914231635,210.28553642453844,53.83958834574573,1571.6195417948977,1223.044152412286,Major,,0,18,4,144
M006,2024-05-24 19:00:00,82.24417208202932,0.3692306553914874,88.97994349710845,31.83128782925807,218.69262961499263,40.22577125293504,1545.5104417031305,1101.1898996533318,None,E00,1,19,4,144
M014,2024-05-24 20:00:00,88.2632806130783,,90.64587512590744,24.14025587370683,202.07306415457867,55.777098127780576,1593.9263478397647,1107.9318558605178,None,E01,0,20,4,144
M014,2024-05-24 21:00:00,64.77379830879573,0.2809593391799295,80.19030720222895,48.265896357905184,203.93728141584518,39.98117721691814,1585.9332278838426,788.6124746540772,Minor,E02,0,21,4,144
M011,2024-05-24 22:00:00,64.44317277374364,0.47427655058723195,98.92520643334699,31.98548825536838,217.32574261230616,55.768128527844695,1405.7814281690353,1996.6234254891938,Major,E03,1,22,4,144
M020,2024-05-24 23:00:00,66.2570830331511,0.39423037624068213,93.8197952977712,24.716605055954567,218.9733526695599,46.48813570414689,1526.6952890120901,1354.3141057314606,None,E00,1,23,4,144
M020,2024-05-25 00:00:00,71.38026950976867,0.3738431287272814,92.77294499863665,44.49752015873794,217.49315719975075,52.95990643171122,1464.4712759846266,931.6813671492826,,E01,1,0,5,145
M007,2024-05-25 01:00:00,77.37468306622354,0.3211005176258424,102.67721902372246,45.205344341364565,200.96074134917532,42.3776262351441,1466.056468254385,886.141402648388,Critical,E00,1,1,5,145
M020,2024-05-25 02:00:00,75.54751765228963,0.3526510140712984,96.59594244641897,22.56260283016681,232.4191617861914,45.97113450074439,,1224.6004868987075,Major,E02,1,2,5,145
M006,2024-05-25 03:00:00,,,88.5352719455707,36.435585918353716,208.51015465697597,52.94376735504351,1688.9593679653237,332.93075206873067,Minor,E03,0,3,5,145
M011,2024-05-25 04:00:00,75.1736132817474,,,44.10433497632401,213.4547114361987,56.03465306600812,1218.4389163275794,1621.1288072867449,None,E01,1,4,5,145
M001,2024-05-25 05:00:00,67.84748306022978,0.4014038201930354,99.7039150360954,,209.90585612160385,58.75032941727173,1469.3910891548553,994.4597623874424,Minor,E01,0,5,5,145
M009,2024-05-25 06:00:00,70.53526336948428,0.29522699319014356,91.33469557651443,41.046201275367146,230.39224690439607,40.7994106892808,1463.1075945528619,1355.5174049711347,Critical,E01,1,6,5,145
M024,2024-05-25 07:00:00,71.87943270974522,0.24733821241590967,94.64131631253561,59.151443744833344,223.37136097632396,37.99093744249538,1639.3765932026006,1374.2390985964391,Minor,E01,1,7,5,145
M012,2024-05-25 08:00:00,,0.3558996595891448,98.61485624792637,70.75853750788289,216.21405503081175,42.197549344748246,1325.9549388379296,,Critical,E00,1,8,5,145
M018,2024-05-25 09:00:00,65.03213877166442,0.22769478638726665,98.5980323019424,41.240418168218376,215.6507528325221,41.47513421843817,1141.2506386290127,1397.0502184780541,Minor,E01,1,9,5,145
M003,2024-05-25 10:00:00,65.27060363233404,0.32734373035044534,110.417314184367,29.13742160904295,221.43674587262228,62.53463142943119,1598.5122120904762,1497.2700367977668,None,E04,1,10,5,145
M016,2024-05-25 11:00:00,76.58464934210265,0.31435671189217657,99.36456033894234,42.185002816634224,210.02756559020636,60.72166477584217,1615.552072302467,1607.6261929656778,Minor,E01,0,11,5,145
M010,2024-05-25 12:00:00,73.4721296914345,0.38442237345411684,,47.33151724103427,223.0459152171701,,1285.9194607317943,1067.9014050603485,Critical,E00,1,12,5,145
M019,2024-05-25 13:00:00,75.66636720044366,0.48878179248404163,96.54061644790315,44.360657462761885,215.61084130078666,63.68247268866807,1485.0717941353378,2060.5549106519,None,E00,1,13,5,145
M024,2024-05-25 14:00:00,,0.21387865632675068,103.41148832207914,52.32829341869273,224.15711345557386,60.24398914812681,1683.621768617448,1341.1495446915374,Minor,E01,0,14,5,145
M014,2024-05-25 15:00:00,,0.5091929521222881,108.17584155462265,71.54291100235457,223.88578009189322,36.96317713588492,1370.6347344169405,1188.8070454392205,None,E00,1,15,5,145
M003,2024-05-25 16:00:00,75.97929264153898,0.33368473886166816,109.56121843769343,24.442549715036158,215.25110705312403,41.75814135962336,1512.126192523367,863.5582193815378,Minor,E00,1,16,5,145
M012,2024-05-25 17:00:00,55.32798215000369,0.37434660775208056,110.49497773943051,38.91504399559435,203.5783078464893,36.72592118165289,1560.95547406831,1117.180429941531,Minor,E00,1,17,5,145
M004,2024-05-25 18:00:00,79.34777614559883,0.2509617489663398,97.82390607295892,63.493718128338074,218.02539809245712,49.30734683677029,1328.6842117378899,1360.7424205620127,Minor,E00,0,18,5,145
M012,2024-05-25 19:00:00,61.06009713886326,0.41978100991584244,99.95608591780065,38.73545327680998,208.40421560488676,,1432.338978353951,1238.1108018245598,Critical,E00,0,19,5,145
M002,2024-05-25 20:00:00,77.06006935154987,0.3529030775446207,,54.47392206689308,220.62907748714696,50.124318776801076,1297.0996358452585,,None,E00,1,20,5,145
M017,2024-05-25 21:00:00,66.66849225145822,0.34569728121681986,98.43191969119552,52.5708083681719,,33.786180853248695,1480.2561903462963,1044.0059431982736,Major,E03,1,21,5,145
M008,2024-05-25 22:00:00,78.2934222910295,0.2143830419567932,108.73003342343985,59.84255828176563,215.29604096096094,38.58208852691503,1405.0807952818764,1471.723859654861,None,E00,0,22,5,145
M006,2024-05-25 23:00:00,91.24896548349896,0.3551657769693199,107.17469183884707,67.96007692991435,209.63550175592434,52.08123900660122,,749.7806752001072,None,E00,0,23,5,145
M001,2024-05-26 00:00:00,,0.4092079826671602,99.30810303191934,48.99687248520628,229.49431343225783,54.97777988920106,1576.1790255200613,2073.2833004274157,None,E00,0,0,6,146
M023,2024-05-26 01:00:00,76.1722628871639,0.3334604955161768,113.59311554343967,24.050042574961147,216.37054164057446,33.84150963016019,1666.6354560253865,722.545077272066,None,E01,1,1,6,146
M021,2024-05-26 02:00:00,61.151023718437564,0.43219395419509055,96.92795772524154,36.59511388483057,238.82680691025473,39.750943857337894,1779.8736915341701,2029.713772252501,Minor,E03,1,2,6,146
M021,2024-05-26 03:00:00,,0.42930266203239537,,71.23263439912337,220.27943687565207,58.17930511935673,1524.923982079272,1145.6642586054495,None,E01,1,3,6,146
M002,2024-05-26 04:00:00,70.75936701868864,0.3051233232081406,,28.029626287380314,222.81271489347844,,1462.0115815769145,306.17925000764836,None,E02,1,4,6,146
M009,2024-05-26 05:00:00,72.77869393477106,,91.02027980131108,50.96167883028688,220.31369755504292,49.88240667356878,1455.0401825543618,1740.815110398862,Major,E00,1,5,6,146
M025,2024-05-26 06:00:00,66.52988234203058,0.35317064750275573,104.9791602536283,,222.73257383880141,39.44365295142281,1384.216041752524,1232.9299368732438,Minor,E00,1,6,6,146
M015,2024-05-26 07:00:00,76.68324665697901,0.3534821675551481,102.30785449286887,28.78527381732589,228.74149866449184,56.6518556308799,1553.7785624234386,1018.6237059079209,Critical,E02,1,7,6,146
M004,2024-05-26 08:00:00,63.309852972177715,0.35692868558219115,104.87983557098441,55.64324737679895,228.83381064596355,33.864139516372376,1440.6150893641836,1456.6726436117465,Major,E00,1,8,6,146
M004,2024-05-26 09:00:00,79.44982357739244,,96.6850307845503,45.431531043957065,205.8671383027518,47.5643279536968,1562.1662692927252,1465.763281855336,,E00,0,9,6,146
M007,2024-05-26 10:00:00,69.5444981603389,0.16589066503390437,,,226.84397919690952,57.52245142542685,1388.0368171638402,,Minor,E00,0,10,6,146
M025,2024-05-26 11:00:00,63.58385593558146,,82.57265021272875,35.227727707741046,223.97711534871732,54.88022883980422,1444.0707924740543,1654.0154343489548,Critical,E03,1,11,6,146
M005,2024-05-26 12:00:00,81.56962094004419,0.2545237469836282,103.00980441048837,,220.28713759403084,46.28710103513304,1551.8824100581357,1301.0197620634274,Minor,E00,0,12,6,146
M023,2024-05-26 13:00:00,71.59594408314508,,100.79073164047719,53.320870634719654,233.70040738780574,44.410542857929116,1485.011367428726,1459.889710728136,Minor,E03,0,13,6,146
M017,2024-05-26 14:00:00,83.44581582265215,0.461025809420484,91.19577870805229,41.60223156410915,234.02213454687148,48.13682780200874,1269.5614273363105,991.2942553944183,None,E01,0,14,6,146
M024,2024-05-26 15:00:00,79.32813677588005,0.40963568327189115,99.16273974330723,26.737617905836153,227.23677015911304,39.68519133765163,1498.1768617730884,,None,E00,1,15,6,146
M021,2024-05-26 16:00:00,67.21112577128139,0.3333072793862778,97.93720558343867,45.362269674123404,215.65172809817122,49.1999406946714,1403.787152305408,993.0392202890397,Major,E00,1,16,6,146
M009,2024-05-26 17:00:00,71.4900611943795,0.2794389544377411,114.11449548005994,51.97497618492154,210.46013495232853,49.33699228232062,1641.771541981759,750.1836144682692,None,E00,0,17,6,146
M021,2024-05-26 18:00:00,72.72622763798145,0.30396932991070763,91.51098425497756,42.59191571849552,226.03520105733443,46.656405948492996,1616.5333365481856,1117.495089874253,None,E00,0,18,6,146
M005,2024-05-26 19:00:00,81.15781919991863,0.4859849334498223,102.65140943093361,46.39191219974906,230.87626846840612,58.00278091574329,1226.0483526805183,1089.6877822770177,Major,E00,1,19,6,146
M008,2024-05-26 20:00:00,74.62510628020269,0.30154618294360275,91.27385317857312,45.4575217858493,203.77073790762742,41.436131009238586,1596.179867460318,1571.100176241221,Major,E00,1,20,6,146
M006,2024-05-26 21:00:00,73.05775572657876,0.18510832519297551,95.53701244743783,36.51846229646189,228.69035784319894,36.36490066194533,1546.7159503510652,618.7197234983487,Critical,E01,1,21,6,146
M004,2024-05-26 22:00:00,70.80072247741015,0.42211158559397755,102.21455162953784,45.65111535959799,217.9610757011839,45.797445014732006,1321.9148637384587,1637.4533132317524,Minor,E00,0,22,6,146
M003,2024-05-26 23:00:00,71.69665778487216,0.4550352179532525,98.3090960730951,,205.52797732468457,50.991981135613536,,950.8101389149706,None,E03,1,23,6,146
M005,2024-05-27 00:00:00,79.82755251406995,0.46614509810165655,99.95207315029155,57.415724079906994,223.75516924183975,49.14617394602824,1346.413848611134,214.04192935280247,Minor,E00,0,0,0,147
M004,2024-05-27 01:00:00,72.02223210478485,0.422684360297453,102.66177686585576,54.48875206307212,227.27509322779088,48.790703872442734,1637.4453737667818,717.0442625120846,None,E04,1,1,0,147
M010,2024-05-27 02:00:00,69.63001637221095,0.43410637740643465,96.05048343041153,36.898823625169044,217.1892107402605,,1422.4573962564807,1076.9859459957972,None,E01,0,2,0,147
M002,2024-05-27 03:00:00,68.61295700631788,0.3537053851837479,107.07317227852351,,211.54116294717488,42.13968013963922,1317.834324022361,1377.6903565979692,Major,E02,0,3,0,147
M002,2024-05-27 04:00:00,68.67740907698303,0.20465930635558355,97.55616205409916,50.58559712803854,233.6967274151542,46.093230552796484,1754.4897484878745,1146.6802030017834,Major,E01,1,4,0,147
M025,2024-05-27 05:00:00,63.58742402374341,0.35195167290500096,99.21955630757942,36.483494490657655,,45.46242139197556,1314.4405798858893,716.1845487092071,None,E00,0,5,0,147
M003,2024-05-27 06:00:00,67.49774815004113,0.39351009406935916,102.89049019670284,39.42824714952676,229.27577853934693,58.78468452389861,1403.2771053493623,888.5861407033882,None,,1,6,0,147
M002,2024-05-27 07:00:00,80.99052165390194,0.34053109604036247,101.81600160931868,53.15631723177048,207.89559739850114,52.111326827866364,1426.8095510761063,722.8559786777628,Critical,,0,7,0,147
M001,2024-05-27 08:00:00,70.76040443659502,0.3373414716882269,,61.522897833677305,223.32804038123004,45.73949205932532,1445.319796616854,1303.5025106549647,None,E02,1,8,0,147
M004,2024-05-27 09:00:00,76.22647001133659,0.2825117372687174,,23.259937224234015,223.10005726126795,58.76010446108993,1583.8537650571673,1163.7626033358854,,E02,0,9,0,147
M014,2024-05-27 10:00:00,57.127460892594996,0.27987828797095815,103.7522452924494,64.68073486043154,226.98732805207126,53.57022870851867,1506.9494322625258,1445.5087791841522,None,E00,1,10,0,147
M021,2024-05-27 11:00:00,75.40986785379528,0.4786703960336249,97.39701988667886,58.969916110898055,231.94386714587262,39.13965117443856,1620.5163453039465,491.9206981635417,Minor,E03,0,11,0,147
M019,2024-05-27 12:00:00,,0.4812042458916099,91.44983121531584,,213.4909623069168,24.066617456972992,1544.6300612542377,986.4067627972069,None,E03,1,12,0,147
M015,2024-05-27 13:00:00,69.11135986265695,0.3498147008127727,88.57888877797711,42.11140051970402,224.16619817508086,39.390123312550045,1299.2400059993734,2011.5192261905822,Major,E02,1,13,0,147
M003,2024-05-27 14:00:00,73.0857597445268,0.36970665235650485,86.6343188188616,49.685201390629715,209.067460921532,,,1456.4137420363554,None,E01,1,14,0,147
M020,2024-05-27 15:00:00,69.02504847712784,0.28133993600740864,114.1018137418342,37.313215672092355,208.97668039621902,57.13188043665693,1528.0567826956337,1081.5570872216758,Minor,E02,0,15,0,147
M001,2024-05-27 16:00:00,59.256750480669865,0.3949802394957618,82.29781271284699,42.86765976063996,215.3733233475136,36.718155082442394,1425.0445595407302,805.0583601975646,None,E01,1,16,0,147
M016,2024-05-27 17:00:00,77.53348764703162,0.473175442012994,109.54978799181681,27.299676582732246,223.27461818084956,55.269153726164376,1748.8470399024366,1643.099042106034,None,E00,1,17,0,147
M011,2024-05-27 18:00:00,73.45810536808916,0.24295384540387144,93.43304790962021,24.101724515179672,233.4149425611605,54.9659187532825,1573.0017736184261,1813.0684495469186,None,E03,1,18,0,147
M023,2024-05-27 19:00:00,70.11634527151288,0.38247183097916754,109.49152777695843,72.9876796164706,234.87156471867127,61.160334124155824,1613.0072091693366,740.5329063446558,Minor,E00,1,19,0,147
M008,2024-05-27 20:00:00,66.20288776756537,,82.3796797766764,45.75690262089945,217.1608693673953,57.603153168070506,1617.1887555075907,778.3724907328722,Minor,E02,1,20,0,147
M016,2024-05-27 21:00:00,63.18085490335719,0.386932456042248,98.11924878493375,47.4442682520284,222.44427566874265,60.81505974401929,1449.59357842864,1311.520371282693,,E00,1,21,0,147
M011,2024-05-27 22:00:00,73.34335624240835,0.4649972367493928,111.63219522420215,44.63120648266951,227.54404372232395,53.90692729289126,1576.0062171726026,1348.9134034618241,,E00,1,22,0,147
M014,2024-05-27 23:00:00,81.68064576135215,0.49252127485198066,105.70567650780465,35.066711766229304,226.123061507805,53.639375118403265,,1393.1113930023262,,,1,23,0,147
M024,2024-05-28 00:00:00,73.21899886044623,0.3336561425489136,,41.315254682840795,218.6443460514175,47.301723301912176,1433.1569498445358,1937.347937528965,Major,E01,0,0,1,148
M018,2024-05-28 01:00:00,63.70343036344305,0.39712215705094506,84.45618158777215,46.09426432762021,220.60884030364176,56.56205090707203,,811.4048476418737,Critical,E00,1,1,1,148
M011,2024-05-28 02:00:00,,,89.42009182279254,,219.1185526264361,39.34074623559453,1502.907791713321,1215.9433327560475,None,E02,0,2,1,148
M012,2024-05-28 03:00:00,71.67994222651963,0.30575192949422125,111.11317677247503,,,48.89058056988057,1570.4315218627842,1488.4775871988006,None,E00,1,3,1,148
M018,2024-05-28 04:00:00,,0.368956990981671,97.21407038997019,50.753865518688535,217.26871658539133,,1501.9491520036295,1484.167795604294,None,E01,1,4,1,148
M009,2024-05-28 05:00:00,75.64039906447036,0.39700496699501736,99.42540717269249,47.26037630241772,219.04273207990647,61.265718890100445,1478.1226383642215,940.8740393130664,Major,E00,1,5,1,148
M005,2024-05-28 06:00:00,54.08506479534046,0.36518500797918896,102.26828083762105,49.71489326092432,216.75348734740112,46.17649458009929,1503.282958787211,956.6703278655503,Minor,E00,0,6,1,148
M012,2024-05-28 07:00:00,75.27145322657074,,89.57728869529956,53.46053774423803,210.91665871678927,57.73264841869586,1465.562490046754,1016.3111520825965,None,E00,1,7,1,148
M002,2024-05-28 08:00:00,,0.31755075521010256,103.25832143872144,42.95371305242079,226.9006422643815,48.422571218420075,1685.9183138166925,1881.3828987838367,None,E00,0,8,1,148
M005,2024-05-28 09:00:00,63.46962755130781,,96.64307615464796,,224.1300618712939,57.896471490724515,1532.4288991511053,808.6115397338523,None,E02,0,9,1,148
M011,2024-05-28 10:00:00,,0.2910289231548507,,62.78943074702466,235.01274994534904,43.58918315410596,1441.6244806019295,1070.2761365292356,Minor,E00,0,10,1,148
M020,2024-05-28 11:00:00,74.46582665418006,0.3719477707123968,95.37559263570373,33.671817493090565,,55.80777257074487,1283.0368628173837,1510.1807962234732,Major,,0,11,1,148
M020,2024-05-28 12:00:00,62.15559233827906,0.3792678467405154,87.41507151951075,22.5164190213076,216.66431881035248,,1476.3349714785868,764.4750341234078,None,E01,1,12,1,148
M007,2024-05-28 13:00:00,76.22745850234531,0.4185662320621037,96.58101974550387,51.666464424689764,214.98851695978365,40.51919051151154,,,None,E00,0,13,1,148
M011,2024-05-28 14:00:00,76.5800330851896,0.2899664356287558,105.12622093686402,37.447798861508765,220.37892853879623,48.7736190897985,1426.3246862954086,440.18741886745295,Major,E03,0,14,1,148
M004,2024-05-28 15:00:00,72.28185717779698,0.30957649196398446,,32.07178851247862,224.42300130700477,60.57368976816061,,1277.0405312784221,Major,E02,1,15,1,148
M019,2024-05-28 16:00:00,66.79425821863771,,100.24744693867781,55.62285620510904,218.04231516647857,41.84636064280615,1509.568279262911,1220.94989506395,None,E00,0,16,1,148
M007,2024-05-28 17:00:00,66.12373197486424,0.33848528951489554,107.18505482408274,,208.2379402517015,38.125460496982384,1298.1065721687753,1265.443850656433,,E01,1,17,1,148
M020,2024-05-28 18:00:00,78.15559278948136,0.3521091720476143,98.37124789964619,29.83723130841789,214.08791749953508,53.18994018612345,1574.2598216153738,852.4270147619824,Major,E00,1,18,1,148
M022,2024-05-28 19:00:00,62.932663881024574,0.33774273950230455,,68.21935342811466,220.1442001264951,36.5776151817729,1310.1556009707692,1291.0897327378268,None,E00,1,19,1,148
M018,2024-05-28 20:00:00,78.38682276491507,0.42931215731051503,96.1618649624502,25.671764827231208,,62.506839687181134,1583.1983784319186,1184.3806592705632,None,E00,1,20,1,148
M009,2024-05-28 21:00:00,71.00880504521739,0.432026607650052,107.65294381402764,43.9598592919668,208.1134099063065,62.30528291918244,1442.99097116986,1719.6481842069097,None,E00,1,21,1,148
M024,2024-05-28 22:00:00,71.42499300214286,0.42792456704121934,102.33222838177412,22.328678701833724,222.12066760497336,58.30624262173163,1510.4288654274787,1455.1364681724347,None,E00,0,22,1,148
M018,2024-05-28 23:00:00,61.751473767520054,0.35185973279502836,95.54433511861302,48.24789880622673,221.7689562420615,49.91014409021256,1497.0112054077251,620.4070309667103,None,E00,0,23,1,148
M017,2024-05-29 00:00:00,71.11970021922848,0.28892948157576986,88.08776202777756,,216.3873880376481,63.31729334233149,1482.2247800424393,866.9659641086041,Major,,1,0,2,149
M022,2024-05-29 01:00:00,75.68151309606826,0.4847649154431478,108.8396901991866,54.83129778395244,215.30462224599114,60.763579781230575,,953.4571397907685,Major,E01,1,1,2,149
M023,2024-05-29 02:00:00,63.981539472888116,0.4099416283868862,94.04747959052288,44.791363364319494,214.1094100689764,,1509.8261077103944,1272.1543075294685,Minor,E00,0,2,2,149
M002,2024-05-29 03:00:00,74.99181520351107,0.3180338713025327,100.57651481991637,61.207293348081954,221.12645042692264,,1724.3675235865983,1132.3530982000893,Major,E00,1,3,2,149
M023,2024-05-29 04:00:00,72.53407352207414,0.44966731928610876,118.82079746515657,,229.01454930198224,42.706611987806326,,,Critical,E00,1,4,2,149
M020,2024-05-29 05:00:00,68.13746631700616,0.31250737593186334,106.41207633386647,25.74546772624899,229.58227591592777,48.42373653761835,1529.6623722924016,2327.093242294235,Minor,E00,1,5,2,149
M006,2024-05-29 06:00:00,77.12803851894783,0.44874923822320595,112.88919671061593,47.85019263632239,211.0081572222522,,1414.8574723400732,994.8413820655945,Critical,E01,1,6,2,149
M008,2024-05-29 07:00:00,58.78645938612866,0.4534799212569144,95.69500149967081,41.96931023448965,218.50417455464876,51.16739011584393,1545.7074028483657,1756.346388988191,Critical,E01,1,7,2,149
M019,2024-05-29 08:00:00,74.08008449246225,0.28549620598232606,108.56781117456165,23.168881423470538,202.4519215814564,47.64393202718562,1377.1690727434413,1141.0555483300536,None,E00,0,8,2,149
M006,2024-05-29 09:00:00,81.71661094843975,0.39072308121146726,100.21335194361512,32.33543668697148,220.87347448816936,46.3824004646599,1638.0153275551863,328.5903018428483,Critical,E01,1,9,2,149
M012,2024-05-29 10:00:00,80.63965883460396,0.404753349277293,102.92813536614865,36.15441065428213,224.78118336104913,48.67476675499647,1321.8781848893295,,Critical,E00,0,10,2,149
M018,2024-05-29 11:00:00,74.33884032323114,0.5330436439710432,116.16673370431648,63.664600684808796,232.5676894844319,45.36363800875721,1398.7609568683893,1647.6923210064938,None,E00,1,11,2,149
M017,2024-05-29 12:00:00,70.18991534321492,0.29803892176562996,97.77083340680235,53.489349594839744,205.70834090140409,50.33339313817242,1304.504062075778,1453.3788421369277,Minor,E01,1,12,2,149
M023,2024-05-29 13:00:00,68.18518466071421,0.450278029389568,100.15403562941229,40.827178046487184,211.29552062415502,60.268552732529,,,None,E01,1,13,2,149
M003,2024-05-29 14:00:00,70.18244523656615,0.35121422126234875,92.7742827879363,50.65043675846687,221.15309441500503,,1449.1351808507195,1209.4903592657665,None,E01,0,14,2,149
M008,2024-05-29 15:00:00,75.26284348750744,0.2631045071493601,107.10774844726461,20.52648144167945,207.05289306820302,56.900219302699,1582.3112769899114,1002.1365966503507,Minor,E02,1,15,2,149
M025,2024-05-29 16:00:00,67.1565371672435,0.3416008981115999,95.51498481370692,38.22112666622398,221.37769720681044,51.721937710032826,1382.9291057549083,1558.4942097370676,None,E00,1,16,2,149
M015,2024-05-29 17:00:00,76.54454290830229,0.3501725332769795,108.18168332655102,49.81194454810035,224.98402036056373,52.993011466229284,1563.7770597035974,1026.3186572186012,Minor,E03,0,17,2,149
M007,2024-05-29 18:00:00,84.79896310801995,0.27587768648192973,86.80069406604119,46.984515676745616,209.74969820837552,49.75432909876263,1569.5803946224344,943.8650546828856,Minor,E03,1,18,2,149
M008,2024-05-29 19:00:00,71.62870058923563,0.371852153319607,104.38910457466886,38.5277262491567,221.06068296038777,44.260799143850655,1525.4157345983144,1364.2528088374193,None,E00,1,19,2,149
M009,2024-05-29 20:00:00,63.93363118030017,0.4170466478849007,94.85045355149555,44.540302414428,210.3023125198796,53.55890957932403,1503.7048198626862,1079.9702318239897,Minor,E02,1,20,2,149
M014,2024-05-29 21:00:00,63.93153152210152,0.3666740457843409,105.84414111464169,49.057302056544216,231.00340695150643,54.15071437938815,1516.463901991997,1712.3458419742326,Critical,E00,1,21,2,149
M008,2024-05-29 22:00:00,76.65939331026945,0.3120709137434086,99.89152661716618,44.88772007797815,221.65316873968155,43.596245254296306,1390.7168986202328,1386.912113947442,None,E04,1,22,2,149
M016,2024-05-29 23:00:00,71.64152292623734,0.33960695521151235,95.71728868105367,55.33204748308167,214.87948776826374,39.291883610299955,1370.9676556486456,888.8120762689207,Minor,E03,1,23,2,149
M012,2024-05-30 00:00:00,77.26098537638431,0.3496819650244584,96.90752306499203,48.82442531865171,210.0948689576001,,1565.2647121517298,,None,E00,1,0,3,150
M016,2024-05-30 01:00:00,68.79819450504391,,93.19689359953088,51.134885645156146,223.113197548242,56.03776675164285,1455.757077633923,970.5632516076896,None,E00,1,1,3,150
M004,2024-05-30 02:00:00,76.98374128523899,0.42768815335680216,106.70230204256687,65.562657458761,230.8634840168193,58.040720401140206,1554.4070354834942,2135.1826080400647,Minor,E01,1,2,3,150
M016,2024-05-30 03:00:00,71.05020495930165,0.36903578273702625,91.61090120459669,54.93007599558079,213.82796872638514,59.626585786616154,1686.1186152010803,1104.9709103091366,None,E00,1,3,3,150
M024,2024-05-30 04:00:00,67.60497566805631,0.25181123599592026,97.86337089013762,65.89150135657167,216.4828426714247,52.97112667296783,1445.1410951531573,1503.3113376361425,Minor,E01,1,4,3,150
M004,2024-05-30 05:00:00,69.5940091271857,0.31063752496079156,102.76191663761979,36.93702760535784,213.9828743943345,47.89429856137158,,677.741324517839,None,E00,0,5,3,150
M009,2024-05-30 06:00:00,64.81767386746058,0.36162147356276453,112.90795620358816,25.891033525853416,232.44394056841716,49.982764068265006,1461.086014929369,766.7674827705093,Major,E00,0,6,3,150
M018,2024-05-30 07:00:00,83.93615735148967,0.428688713946788,99.92561119286549,43.316630511469114,204.73087624825936,40.054585800034985,1504.6765350372018,1124.6273320206262,None,E00,1,7,3,150
M016,2024-05-30 08:00:00,71.42170911864908,0.4408492509075586,98.05991530769248,42.292843659871416,230.2847457824018,44.53883639650122,1573.6966570326115,1880.4392556665334,Critical,E02,1,8,3,150
M017,2024-05-30 09:00:00,75.86708453209317,0.47422797391112187,102.18907892092822,62.51296982867227,216.98241529242298,49.57403491316199,1496.5935713260305,683.7062098737088,Minor,E01,1,9,3,150
M014,2024-05-30 10:00:00,,0.3591430078305513,,31.43946680811793,219.42707904107007,,1749.4256404980044,948.1061908944872,None,E01,1,10,3,150
M018,2024-05-30 11:00:00,65.68843306812106,0.40343164228517453,90.41083439447425,44.0534524744807,217.27492280226258,50.736074347079224,1550.5019417965336,1560.677673833488,None,E02,0,11,3,150
M016,2024-05-30 12:00:00,70.59671693449239,0.2481876925917921,96.99706800897239,49.86215239251464,221.91680705185718,39.00130206668799,1593.6989267369574,1837.035448254168,Minor,E02,0,12,3,150
M002,2024-05-30 13:00:00,78.60715520027519,0.38009171012130377,94.29624679413878,46.2012300478123,214.16160996048183,40.78824558620856,1495.5767497855172,1374.9613202822945,Critical,E00,1,13,3,150
M019,2024-05-30 14:00:00,68.8756092516103,0.27473151289773967,87.1933336860527,42.94164423313565,228.46706509270143,56.204749541339815,1621.4197475434555,1470.347369970955,Minor,E00,0,14,3,150
M012,2024-05-30 15:00:00,66.77680816362351,0.3456222562971675,106.86222920934068,49.302821438476144,228.79197634235283,43.33324261193055,1475.3672464303697,841.2311312463072,Minor,,0,15,3,150
M002,2024-05-30 16:00:00,72.93278546621487,0.56208868722105,102.07805383645858,57.94917157094371,212.13272768178604,,1422.6931561524825,670.8317975213788,Major,E01,1,16,3,150
M011,2024-05-30 17:00:00,74.99413560430646,0.37124879653333004,101.12212197826007,,,50.76028581306717,1608.6413784832507,741.670503069817,None,E00,1,17,3,150
M011,2024-05-30 18:00:00,,0.28953307465737693,94.44807079076502,45.39368648947301,217.14804911813505,42.55050230804631,1493.1253744223138,850.6566417519741,Minor,E02,1,18,3,150
M003,2024-05-30 19:00:00,74.12250287023497,0.37854523041705335,100.63514371730932,35.209850956865225,220.41306792049141,58.850639420646075,1529.4317635830428,1290.240935559923,None,E00,1,19,3,150
M025,2024-05-30 20:00:00,,0.31380473693874517,104.11559567552848,63.41440912912038,232.20120717880752,39.945358987808156,1617.8259276987699,712.1447136384779,Major,,1,20,3,150
M006,2024-05-30 21:00:00,76.31565142152193,0.2827479120789714,97.88083156877376,32.06839863917412,214.6077266564135,50.012191912681764,1516.6780191955972,1300.1605073139283,Major,E01,0,21,3,150
M009,2024-05-30 22:00:00,65.08190770840422,0.49721976733733503,103.55657791392292,66.48694611738159,227.41239551863669,44.011319760040365,1482.0901500317775,1073.9253583475613,None,E01,1,22,3,150
M012,2024-05-30 23:00:00,66.22000757718274,0.42467684183867266,,61.12962437902476,223.65700143161843,51.249499963770965,1435.7524434600043,974.9928027989432,None,E00,1,23,3,150
M021,2024-05-31 00:00:00,65.4966222623661,0.37418756374970213,100.7798825039177,62.87278549714644,218.44777488439294,46.02028509020783,1627.4017018618028,1554.0150806355473,Major,E02,1,0,4,151
M019,2024-05-31 01:00:00,64.00712546585012,0.3225723696826721,109.1399862634088,53.22469027167703,222.9392285402306,49.81078507879126,1458.9928324727264,816.3877988754758,Minor,E03,1,1,4,151
M020,2024-05-31 02:00:00,76.77275924922242,0.32824473619194605,109.85615762860832,20.0,221.98729538653512,59.77024732644681,1493.867942225454,1774.281777224261,Minor,E00,1,2,4,151
M006,2024-05-31 03:00:00,73.74030054998254,,110.6207104395973,32.53055002709347,210.73317350316248,44.50042841801567,1534.4289195447705,1532.3372327156617,Minor,E03,1,3,4,151
M022,2024-05-31 04:00:00,72.4769763785487,0.3714604276365197,102.28454732346333,48.6826586483167,215.1462092510425,44.43383693930442,1533.9342242594892,803.9593236301291,None,E00,1,4,4,151
M021,2024-05-31 05:00:00,56.44370090758639,0.13420363999358303,100.25291163886196,36.892236017388804,211.63798092032738,47.47279287155218,1621.6439493275425,1680.8944882024036,Major,E00,0,5,4,151
M012,2024-05-31 06:00:00,84.33286115171171,,96.40968867072469,41.21664145994536,217.78704982809046,61.792155046269386,1491.6217049469108,756.7051021191933,None,E02,1,6,4,151
M014,2024-05-31 07:00:00,66.63436797507866,0.3628143649880599,85.54012194786067,52.353698169911105,230.76028236854575,49.282058537660745,1665.1661501549227,1717.2319125038257,Minor,E02,1,7,4,151
M001,2024-05-31 08:00:00,84.31087653563375,0.3740358304014372,,42.960308579656356,,59.873620875167916,1470.149187695076,1333.1735158518482,None,E01,0,8,4,151
M020,2024-05-31 09:00:00,63.30455111609211,0.42606863694043573,98.65556022427792,30.371752748107923,208.53928737999783,48.58470861934667,1544.4913961567968,568.3508244280107,None,E00,1,9,4,151
M025,2024-05-31 10:00:00,67.12559304866078,0.3825781979118111,99.13369240697256,,217.81305850336543,59.51709618629673,1477.947112100453,681.848668268145,,,0,10,4,151
M012,2024-05-31 11:00:00,58.78290370494222,0.40228360324017665,111.29778423045194,51.17883330184472,,53.25913244262694,1751.1767977532527,1038.0101412614217,Minor,E00,0,11,4,151
M014,2024-05-31 12:00:00,74.17274985565618,,110.518393035005,42.01204868424524,225.95270784244968,54.43653154566079,1457.923592317926,1547.1182414111224,Minor,E01,1,12,4,151
M013,2024-05-31 13:00:00,65.3924590751326,,94.50811086810732,53.53519420925608,214.79386369665585,38.51385481208669,1468.7761711381836,1131.7240847875178,Major,E01,0,13,4,151
M003,2024-05-31 14:00:00,65.56199907540987,0.36961629470312374,,46.14056475717106,210.10054540988617,37.326820076659146,1513.7689187360668,1121.7517642384337,Minor,E03,1,14,4,151
M016,2024-05-31 15:00:00,63.76491469695362,0.4502130256592213,96.18344908340872,60.97633430898295,219.54925676980466,58.5616120962256,1467.9871881132553,1216.06775546715,Major,E00,1,15,4,151
M019,2024-05-31 16:00:00,76.66413037642718,0.3046538209131817,105.4609307440304,46.81449462669011,224.55223736825127,58.462171312122436,1537.7385767777678,401.9663900555489,Major,E01,1,16,4,151
M024,2024-05-31 17:00:00,76.26878190940528,0.29903832036261563,106.44814182485396,60.88713199896816,,69.37164190347144,1647.4905902753958,1529.6901135079715,Minor,E01,1,17,4,151
M024,2024-05-31 18:00:00,82.87220334647272,0.4354713482265956,109.9367424971819,22.516166623497448,212.92258015566745,38.112375908190366,1517.67652829622,1735.8632804521546,None,E01,0,18,4,151
M013,2024-05-31 19:00:00,67.88576027356216,0.3179928356401236,96.05885316173843,50.510628278541944,,53.886395350720996,1522.1123760502203,1515.7444999181278,None,E04,1,19,4,151
M024,2024-05-31 20:00:00,73.3129162262808,0.32126080603159185,108.11442949744739,40.22565843982993,219.20947568085182,41.809432226519796,1472.5020143394024,1030.6054807216133,Minor,E02,1,20,4,151
M014,2024-05-31 21:00:00,64.26398881558829,0.32387990089376306,85.01748771102983,34.69138813987795,,44.07519098534637,1439.3911627340583,845.9834217436638,None,E00,1,21,4,151
M017,2024-05-31 22:00:00,69.98976586358809,,110.36972545231089,58.90200695286151,214.70426078622268,45.98203066054841,1511.5835720848268,,None,E02,0,22,4,151
M016,2024-05-31 23:00:00,68.88692812031293,0.23984533328685725,99.79986621745186,,,53.05884032737146,1500.911908755755,746.7436430960447,None,E04,1,23,4,151
M025,2024-06-01 00:00:00,,,99.97017601611442,20.922279730890338,224.5747751404086,,1640.7914046566732,2105.8251482895666,None,E00,1,0,5,152
M019,2024-06-01 01:00:00,78.10213083850914,0.36612576133978053,83.70050795447638,53.58594762379759,222.51730743328454,50.26924953656326,1384.9106488940527,1168.4708173887707,None,E01,0,1,5,152
M004,2024-06-01 02:00:00,77.946400144989,0.36562665553223805,96.89067290202095,52.129776556871214,210.78676141350414,56.65627389996989,1674.5441634539375,1561.8743901492269,None,E01,0,2,5,152
M002,2024-06-01 03:00:00,66.94312636669433,0.4310595136805711,110.8438351969084,36.32314192010809,,59.023786533659,1482.3821875844294,1539.8551874061354,None,E00,1,3,5,152
M011,2024-06-01 04:00:00,77.99080742773799,0.4787574555536363,96.58638486637749,34.976352636442016,226.05522378381562,55.54071455557308,1517.8241622315081,1257.0441804425977,,E02,0,4,5,152
M013,2024-06-01 05:00:00,71.73548917735322,0.4558738412665082,,25.913097304819107,228.1194671803136,53.61494465236708,1372.219618500327,827.337961658158,Critical,E02,1,5,5,152
M017,2024-06-01 06:00:00,70.05241862461791,0.4140256668851754,100.27644102171287,40.949617233156424,220.2962348615212,48.86693056530427,1567.432420286523,1407.4774548564449,Minor,E00,1,6,5,152
M013,2024-06-01 07:00:00,67.74893107908649,0.33958857864629544,108.50135311679759,42.87014954032121,219.40111068914692,45.44854485643938,1384.7428341127113,766.9905074277015,Critical,E00,1,7,5,152
M013,2024-06-01 08:00:00,68.64038523383068,0.3063851651030184,101.532007721633,54.56396136430215,218.54325694602295,54.312092247991984,1544.8068355526036,1440.921993071304,None,E00,0,8,5,152
M024,2024-06-01 09:00:00,82.4538830771774,,92.54550775121518,48.23256437400669,,41.592727549140186,1533.0839289095968,785.2495372572876,Major,E02,1,9,5,152
M009,2024-06-01 10:00:00,,0.39099051388410283,100.45160543879155,32.28110261634801,215.66042985662233,50.953029779558435,1460.925466826072,1025.5359682289106,Minor,E00,1,10,5,152
M013,2024-06-01 11:00:00,73.04767108500722,0.4075356458771967,112.8097352296097,47.866491899338136,210.5100412526127,41.394581609769645,1252.1670843050163,1024.8663750319013,Minor,E01,1,11,5,152
M014,2024-06-01 12:00:00,70.42651884877831,0.39361600134610947,103.98116062428961,41.95145496715304,217.0139506727051,49.669774506465444,1759.2749622824401,1759.580668852121,Minor,E01,1,12,5,152
M012,2024-06-01 13:00:00,86.67587166862818,0.3415177170036763,99.06842954165069,33.782085436026655,215.73498403618368,41.57031794806569,1373.4970324967994,,Major,E00,1,13,5,152
M025,2024-06-01 14:00:00,79.83006293307855,0.4050803567889583,,25.925913074731472,230.0787746917807,46.795491694400546,1532.7296208279374,2132.3143643619183,None,E00,0,14,5,152
M025,2024-06-01 15:00:00,67.67362731120724,0.4382610753558452,109.27372562048977,52.497640020306086,209.15206081106885,44.59237588811087,1412.4232737536017,877.6379230850537,None,E02,1,15,5,152
M013,2024-06-01 16:00:00,70.35830967177226,0.4116112268847279,106.53387132318768,50.35676579375361,,,1625.7604064980696,1150.6552700561783,Major,E00,1,16,5,152
M012,2024-06-01 17:00:00,70.71453273977454,0.34775908613856205,102.538739721955,51.68122833937088,221.52418531391092,49.301143855378086,1454.4616397583725,1365.3227771488394,Minor,E00,1,17,5,152
M015,2024-06-01 18:00:00,72.8752318696956,0.2916305915245795,,36.26106679809884,,30.609587979631463,1409.7630271762753,1331.0461955688475,None,E00,0,18,5,152
M005,2024-06-01 19:00:00,67.79264404421139,0.2899702799428324,106.10185658546273,47.05295834522117,225.70505845277717,35.5801696272174,1571.418806475586,1537.451976128897,None,E00,0,19,5,152
M011,2024-06-01 20:00:00,74.63289914017018,0.30231476634854726,82.5374772355829,28.495630235193026,232.9521388049244,56.42970111193293,1347.3651471751746,1444.149127084265,None,E00,1,20,5,152
M006,2024-06-01 21:00:00,80.71252879223589,,103.15948970263558,33.16100625777744,222.7663432063026,51.179830340071675,1450.4065665851003,2014.7980320887245,Minor,E00,1,21,5,152
M004,2024-06-01 22:00:00,,0.3863862627488943,98.71355312531473,45.404786396980015,218.37104415937574,44.2130671188808,1582.8294180833361,1492.6382719706799,Minor,E00,0,22,5,152
M003,2024-06-01 23:00:00,65.2311195774476,0.2509827377439179,96.0017898149074,48.14823636386614,226.84445222537755,57.79122690458601,1680.8211133662355,1153.0553175134667,None,E00,1,23,5,152
M015,2024-06-02 00:00:00,69.10104866821615,0.31472034241455143,98.43650175964609,25.454185248727654,209.06271253982868,44.88658024035743,1384.510613565623,978.7946659764611,Major,E01,1,0,6,153
M001,2024-06-02 01:00:00,,0.36702998257137753,87.55321050542238,32.30946342836834,206.32091980604568,45.36245347606291,1426.6129366996154,,Major,E00,1,1,6,153
M017,2024-06-02 02:00:00,83.99079524847558,0.2870224062931678,85.56311919970257,40.615285967001164,227.81010875665064,43.73291779920535,,1717.2975073123314,None,E00,0,2,6,153
M011,2024-06-02 03:00:00,78.01025532008903,0.3803732907141723,109.97201933958797,56.502224794923514,221.68453460779108,65.25295016579726,1260.309227931423,1902.0808020273798,None,E02,0,3,6,153
M010,2024-06-02 04:00:00,,0.3284800196358404,103.69726255767141,35.24276696560537,227.712030491556,51.88081387657731,1662.9148972407977,1601.6404121213322,Major,E01,1,4,6,153
M020,2024-06-02 05:00:00,70.4138058389196,0.299360580983152,80.69590298230176,46.68690339354094,213.1810204958842,51.56568699345746,1380.0603478234984,100.0,Critical,E02,1,5,6,153
M014,2024-06-02 06:00:00,70.28211955927911,,95.38892366878608,47.94471168760897,230.27827043286217,53.7312078849687,1447.5108086848302,301.13994719255504,Critical,E02,1,6,6,153
M019,2024-06-02 07:00:00,63.28976751740761,0.37745962307053704,107.04441386717224,42.00369809131832,225.36287101770318,35.17832407108318,1531.3013262169552,1196.9751721578475,Minor,E00,1,7,6,153
M018,2024-06-02 08:00:00,76.6904413682869,0.290602976001105,97.75988501023495,48.216240457913216,219.7510369478748,,1506.1483978135277,1133.3230873270727,Critical,E01,1,8,6,153
M001,2024-06-02 09:00:00,,0.33301713341301664,,28.860998345235036,221.65878333433662,53.6398948923405,1384.3660784858494,1207.9634559042645,None,E04,1,9,6,153
M006,2024-06-02 10:00:00,79.7159841880697,0.3827374864114975,108.39801439421308,37.130553617256595,222.77542315149356,49.96713212769635,1706.5750675719164,1700.6969988553578,None,E00,0,10,6,153
M015,2024-06-02 11:00:00,70.735021719863,0.29665368716782625,89.14631032551429,62.21231828962674,213.14614264136168,67.6433496025699,1190.984101106813,1680.7559909017793,None,E00,0,11,6,153
M025,2024-06-02 12:00:00,71.14932512279762,0.23395702117032685,,,216.91988358892146,45.71846739949652,1365.3590851766942,1269.9653380845461,Minor,E00,1,12,6,153
M004,2024-06-02 13:00:00,73.02027317136381,0.24243983080171716,96.41528460153037,55.11504894332284,222.6489787795614,57.54546437528393,1423.5870196051537,590.4477393156878,None,E03,1,13,6,153
M003,2024-06-02 14:00:00,77.35138545304257,0.3207364395160121,88.8860936451832,58.20470627944377,216.5989286713421,56.44803432328624,1386.0354508743237,708.3182992714401,Minor,E00,0,14,6,153
M024,2024-06-02 15:00:00,63.17870626741512,0.25771072065864026,88.36580540115783,23.089069727522848,208.24464900382677,51.14256720931163,1646.3464271501775,1226.9715794099016,None,,1,15,6,153
M025,2024-06-02 16:00:00,76.41633680243025,0.32565946733766277,93.55182763006619,33.61564937647716,222.3591101163112,52.59522753552767,1300.9987566773298,1366.7290164136025,Minor,E01,0,16,6,153
M005,2024-06-02 17:00:00,71.87702662696302,0.46654599958208753,94.8725967238989,41.26678116386266,226.68827339141833,47.67839680578575,1686.8955638547109,713.0765389594351,Major,E01,1,17,6,153
M011,2024-06-02 18:00:00,65.64817639227782,0.25349811286179225,,73.98770311696848,,34.214652833819116,1466.6239556057456,1464.2086866511354,Major,E00,1,18,6,153
M016,2024-06-02 19:00:00,59.4923654840756,0.3302176603965609,108.35370778571536,41.24299230592267,224.25848450830807,52.79346881421266,1336.6868799360434,499.04944193867766,None,E00,1,19,6,153
M005,2024-06-02 20:00:00,71.18115772872989,0.4992613187989969,104.10915964649895,53.938851595478084,226.54645800685304,53.427427037981566,1247.891542317684,134.7359099763443,None,E00,0,20,6,153
M009,2024-06-02 21:00:00,80.68627789964442,0.37856910580829967,106.00297792224659,49.54046433905816,227.90007255919946,54.685164833463304,1474.1843293469242,,None,E01,0,21,6,153
M010,2024-06-02 22:00:00,82.04810800044837,0.324259369876708,97.86705742823706,49.273481528774504,220.63724653907943,50.50477063813523,1415.7635871458647,1749.2253682424227,Minor,E01,1,22,6,153
M017,2024-06-02 23:00:00,74.13225726402058,0.3390182155836533,104.82400157290311,44.71763251755347,203.04866654134491,57.76320862740508,1528.379378908058,1808.9140579467823,,E00,0,23,6,153
M008,2024-06-03 00:00:00,83.77203398305349,0.38005537558752944,98.8130001472779,,229.27824973340037,43.07208001229428,,562.0242508028259,Major,E00,1,0,0,154
M011,2024-06-03 01:00:00,,0.4687040351439208,96.46822093397773,20.0,212.85345366525863,61.74710086645461,,592.6050322185872,Critical,E01,1,1,0,154
M008,2024-06-03 02:00:00,77.71982130985668,0.312840247476593,115.176807591165,60.382109784428714,,42.09667939279904,1482.9010565233734,,None,E00,0,2,0,154
M019,2024-06-03 03:00:00,69.29261466656143,0.2969672801978202,,37.602026564909536,211.1727403734705,49.13728643744818,1449.130986992792,1023.7240267722966,None,E02,1,3,0,154
M004,2024-06-03 04:00:00,68.9124069642951,0.25348338870538406,85.01356562154112,22.594641660347314,239.87662345668772,55.44699002953412,1616.7905150120741,1746.5497055366943,None,E00,1,4,0,154
M006,2024-06-03 05:00:00,67.93494529871619,0.35721672227568624,103.06159803306883,50.25553225203515,223.5243814907545,45.88037524174548,1527.3803416128098,,Major,E03,1,5,0,154
M007,2024-06-03 06:00:00,59.636826317254126,0.2516018841127461,97.8801412117404,,211.66706873381827,55.9920408365981,1592.9558004288274,1566.5573988371793,None,E00,1,6,0,154
M023,2024-06-03 07:00:00,79.72255355968147,0.31753521626247433,88.50412519866462,54.21470773777639,214.53266854041274,47.25771647544533,1637.8392860515962,871.2479020356486,Major,E00,1,7,0,154
M024,2024-06-03 08:00:00,68.1502053651719,,91.56311239068985,58.388588421580465,219.99420019366133,50.945064213789664,1464.7439493455179,1377.524589092632,Minor,E00,1,8,0,154
M013,2024-06-03 09:00:00,67.19136732146882,,92.60475362510574,33.97216356864459,224.33923022165072,48.550971560187385,1504.5897454000888,2006.5534637605165,Minor,E00,1,9,0,154
M004,2024-06-03 10:00:00,64.92016991032395,0.31441225288432356,107.13869229704731,34.50021951997989,222.23433870345718,45.38547259763679,1601.2564731821333,1256.8993434454464,Major,E00,1,10,0,154
M019,2024-06-03 11:00:00,70.7738433807823,0.37778512296039307,109.69928344851552,,212.5711484717772,68.00860114466727,1205.9212796680727,,None,E00,0,11,0,154
M013,2024-06-03 12:00:00,82.58095386335846,0.23771355988180057,,54.859682208661944,222.53717234942607,43.28201918459917,1487.7879174132202,1025.7227444911725,Major,E00,0,12,0,154
M022,2024-06-03 13:00:00,84.56267310493631,0.35920548681169917,87.2879102223253,20.0,215.11049752300565,31.71110291564118,1473.0159175974843,559.225558658587,None,E00,0,13,0,154
M009,2024-06-03 14:00:00,62.0347987451875,0.2657787785897476,89.06301173990775,46.53847603309508,228.37532016571333,43.570909927692526,1544.8862884372923,760.4216802196418,Major,E00,0,14,0,154
M025,2024-06-03 15:00:00,69.87331202414231,0.3202046050049098,88.51498820399581,,220.45037281827814,51.05036710861735,1403.8668178574155,843.2709156059748,Critical,E02,1,15,0,154
M021,2024-06-03 16:00:00,65.7938533794378,0.5047841801979357,110.31085604616007,55.69027736421767,213.92532721742393,46.98517519295741,1631.4536837504365,542.2797859779433,None,E02,1,16,0,154
M006,2024-06-03 17:00:00,77.93002644726911,0.41525220640686183,103.33779563535623,53.502739018048,,58.14860526822694,1411.4684378764139,582.6071119244008,Minor,E00,1,17,0,154
M019,2024-06-03 18:00:00,73.71956128376355,0.3410111192018085,100.64159373175777,57.7560062429465,223.0659597582802,57.85747040140054,1444.917925886338,220.7261509681537,Minor,E00,1,18,0,154
M008,2024-06-03 19:00:00,68.18058403572098,0.5739259336848237,101.83702955077958,20.0,216.20107440397993,47.45287106530126,1420.2708043331918,886.995661097623,None,E00,1,19,0,154
M009,2024-06-03 20:00:00,72.43543848354611,0.28593777167386775,,64.36162427486728,,36.54217669748494,1647.585821548833,1470.099157130721,Minor,E03,0,20,0,154
M007,2024-06-03 21:00:00,69.13548827155375,0.4315651467452753,91.03086362074797,48.964859442880496,225.03293688251176,,,1073.3924412998097,None,E02,0,21,0,154
M018,2024-06-03 22:00:00,81.68547656624938,0.24271278802070195,104.10538231827924,61.01581526013605,229.61457758727607,49.742380954599504,1714.4255976203333,1075.2056355985105,Major,E02,0,22,0,154
M007,2024-06-03 23:00:00,75.28175709009624,0.3329254069646437,98.51089195477051,30.904386277039507,225.6811082572494,37.48392334859518,1676.8044650521163,1506.7112807820592,Minor,E01,1,23,0,154
M016,2024-06-04 00:00:00,76.01894052549862,0.25565471748736074,90.39742789216565,23.954077864936203,218.28842495678214,47.057694529739464,,1875.5860659949149,Minor,E01,1,0,1,155
M015,2024-06-04 01:00:00,55.99849513180261,0.3680093140563612,,66.43653222006768,,61.37042229415754,1623.2308530003497,2109.3320984611564,Major,E00,1,1,1,155
M019,2024-06-04 02:00:00,71.59926792702713,0.35391791775051296,96.5936989098193,33.88173798456582,221.49317275877365,52.74266513188614,1515.6107802990716,1257.8043205509828,Major,E00,1,2,1,155
M025,2024-06-04 03:00:00,,0.32846346405714927,101.81986789473102,41.26981314440292,222.7344338007974,50.365343445052616,1698.3493613801563,1087.279510342537,None,E02,1,3,1,155
M001,2024-06-04 04:00:00,79.9567744202201,0.42644399175884146,99.0001667096158,51.32945568554987,220.40957553483778,41.67381904637935,1614.0784449057908,1034.7683957625404,None,E00,0,4,1,155
M025,2024-06-04 05:00:00,60.91746248447818,0.31030307188980466,107.13103017779846,54.27463992346219,,51.45390127430175,1763.1773489551624,1436.480576075968,None,E00,0,5,1,155
M003,2024-06-04 06:00:00,70.11944500389843,0.3728796223465127,101.76130379383153,57.940995538371425,225.4306396668324,47.931806934589666,1312.5423948041696,1137.4776253561804,Major,E02,1,6,1,155
M014,2024-06-04 07:00:00,64.79088320448767,0.4074388458189937,92.93039860114555,47.68063400868963,212.703597935769,51.909093829197964,,1138.908287363683,None,E02,1,7,1,155
M009,2024-06-04 08:00:00,82.26660936217722,,102.57602578830826,32.348289323291546,225.48578249235402,55.8167826220131,1293.107580820526,,None,E00,0,8,1,155
M016,2024-06-04 09:00:00,73.46566969365546,0.2976109960827931,102.8375097957845,53.47959159005065,233.6054778012737,57.18498926710172,,823.1453816900763,None,E00,1,9,1,155
M019,2024-06-04 10:00:00,67.39322664161138,0.35377026771210834,104.09066379231098,53.67067267680161,217.97761935234197,51.03112489164261,1769.958335937016,267.12144357671497,None,E00,0,10,1,155
M022,2024-06-04 11:00:00,72.20494766124473,0.3941107393599823,108.28699403785531,23.219581305765367,223.50787225985692,54.095383431774955,1556.1840541513639,932.305381100584,Minor,E00,1,11,1,155
M011,2024-06-04 12:00:00,56.3558068255891,0.4494866436145073,95.07213771858261,62.024218099840226,220.26222229036006,45.90415472613488,,1782.991724497842,Minor,E00,1,12,1,155
M024,2024-06-04 13:00:00,65.49023217926054,0.33488841408904557,105.34348533744426,,224.20466863882723,59.06055406291975,1561.6726352356734,1764.1904419444345,None,E01,1,13,1,155
M009,2024-06-04 14:00:00,72.21866235495786,0.3278470270145081,86.20146209727356,57.412987639126186,220.82756083723982,42.90300984927537,1554.0554091830484,1575.9130257516056,None,E00,0,14,1,155
M006,2024-06-04 15:00:00,77.07405221071994,0.2889182778850435,99.04012147769355,37.39068038330611,215.86415751065488,48.34025320660105,1437.3182489857086,1002.5085685792509,Major,,1,15,1,155
M010,2024-06-04 16:00:00,60.35211527641596,0.3730988864523923,97.80272092153886,53.46611377540246,212.76046225746325,59.8929417120021,1414.9629119851807,883.7945602497895,Minor,E00,1,16,1,155
M014,2024-06-04 17:00:00,69.71306815378543,0.3292017698411336,111.58276176144224,51.12233046359043,232.7237257612618,46.146700610873886,1434.1010798409516,1849.8385818979446,Minor,E00,0,17,1,155
M017,2024-06-04 18:00:00,78.05811443111293,0.3308177416021997,98.74931656818812,44.55452941313119,223.5084238777849,39.27371466018819,1172.352713560309,766.7480520461962,None,E00,0,18,1,155
M021,2024-06-04 19:00:00,63.29128005376037,0.3434278045878044,104.86391022537288,50.413039672563826,226.64411934888236,46.713998010362815,1490.1553711266345,1215.7591693907812,Critical,E01,1,19,1,155
M006,2024-06-04 20:00:00,73.37509700870504,0.3886139643463237,85.90577101701955,43.96261613503173,223.19250322257867,,1528.7820027020593,1875.7974283871251,None,E03,1,20,1,155
M008,2024-06-04 21:00:00,72.39584701863602,0.3105388612774517,97.18593628249134,53.56740991884147,227.80614491239578,31.834109914583983,1425.6935968858693,1249.5785642355545,Minor,E00,0,21,1,155
M024,2024-06-04 22:00:00,82.28628192213961,0.29594893377637665,93.22912106053137,71.22326114538457,212.83226174191375,50.81914543227901,1484.3181876793533,1082.6087845633242,Major,E01,1,22,1,155
M011,2024-06-04 23:00:00,70.61918284133017,0.3802206930293872,119.8040889863642,28.905132112381498,220.6654515557571,44.927971780799474,1563.005839972804,,None,E00,1,23,1,155
M007,2024-06-05 00:00:00,70.97039640974958,0.13819925686821902,94.66562594302914,20.0,224.0438889170027,48.658927186862115,1606.1762842924973,1228.8048149703154,None,E00,1,0,2,156
M025,2024-06-05 01:00:00,77.12975851898813,0.307742527843682,100.58623258129161,40.011908796649024,230.34135676629813,47.2116478662262,,1278.4684096522292,Major,E00,1,1,2,156
M012,2024-06-05 02:00:00,64.04190799170394,0.2694083350414845,101.01260641820136,39.19168920103166,241.38460879600456,57.68386601375513,1404.6269110510082,1805.8851360684341,Minor,E00,0,2,2,156
M025,2024-06-05 03:00:00,70.67470076069485,0.4342280756111752,87.28417367250677,40.46918189522431,223.26014897633934,50.4304644304002,1590.355132316546,182.0299186496362,Critical,E02,0,3,2,156
M023,2024-06-05 04:00:00,69.26564993495694,0.3191347066219972,95.79171671565508,33.88273255286865,214.711194078782,58.0842781412164,,1343.5360108346758,Major,E01,0,4,2,156
M023,2024-06-05 05:00:00,,0.31074987193129383,103.23813210119404,55.46921003041909,210.43485530639092,60.27305177076253,1661.3278500448673,893.4719385218746,Critical,E02,1,5,2,156
M015,2024-06-05 06:00:00,77.09043869377703,0.3465964260322708,100.68577820193028,28.424046529419748,212.76148213104506,50.239176044730996,1656.3510356706329,1117.110673598252,Minor,E02,1,6,2,156
M020,2024-06-05 07:00:00,75.32496891049304,0.308323930007456,81.5967122239365,50.4093012686599,,47.124017261603846,1789.7847797656905,1245.1825621681114,,E02,1,7,2,156
M025,2024-06-05 08:00:00,,0.32181462892925256,95.4640684439632,52.66158741428452,196.79134054144942,53.017471189372934,,929.8117540860871,Critical,E00,0,8,2,156
M007,2024-06-05 09:00:00,72.82019521996328,0.3567977287296214,108.16657329157515,,214.59475990352135,54.56149562307399,1689.4276804581095,1291.4088703471832,Major,E00,1,9,2,156
M001,2024-06-05 10:00:00,80.94264968460314,0.3204571695845612,,,225.73392561070514,40.77367391687078,1389.5982355256476,1354.145881752026,None,E00,1,10,2,156
M009,2024-06-05 11:00:00,67.01180580721616,0.31995477834095737,109.74426681460163,56.391207068729564,220.60319791350506,51.888510467553694,1787.2863416959563,1281.3822387588266,Minor,E00,1,11,2,156
M016,2024-06-05 12:00:00,72.87100068238207,0.2792889628402084,92.11482130061367,45.64278338708278,217.93100319756888,,1554.5636279034125,1244.5657618126875,None,E00,1,12,2,156
M014,2024-06-05 13:00:00,70.84103593836822,0.2692351381635628,,40.842040635292165,207.02437879409018,46.63721228767761,1565.042395531257,1152.9597251697637,Critical,E00,0,13,2,156
M003,2024-06-05 14:00:00,71.62196990497934,0.3542445828313196,99.64475161368655,50.83644526349837,228.40327983668237,44.47244017876535,1618.791074491443,1160.8268364398293,Minor,E01,0,14,2,156
M015,2024-06-05 15:00:00,62.2160542665036,0.3714620356850076,112.73778000751152,,224.09450632736318,44.994238755201366,1337.3564044390632,1231.7570632540392,Minor,E00,1,15,2,156
M005,2024-06-05 16:00:00,80.46457712587322,0.2500290349351235,100.02643547267019,55.67617225462504,219.89654684317236,60.045126809686195,1371.029385883722,823.0336997385741,Critical,E00,1,16,2,156
M013,2024-06-05 17:00:00,67.3538885946709,0.4031958990766593,83.6201960582855,,202.37984630095633,47.08805976343667,1513.8808334872242,1708.0466694820236,None,E00,0,17,2,156
M015,2024-06-05 18:00:00,78.1564318209212,0.4034833347877323,106.79403657045715,42.79762175178531,216.07381997105608,59.15006806855452,1541.4863484093903,1163.5547542684478,Minor,E00,1,18,2,156
M016,2024-06-05 19:00:00,68.27174035171494,0.4182282396795036,96.45189057620286,,223.46974708019474,51.04821265229472,1749.9064705484375,1038.6495278434863,None,E00,1,19,2,156
M011,2024-06-05 20:00:00,68.24697208862544,0.37099223593184183,96.99016310905213,51.731577919344296,219.77146098159355,40.93828301948127,1386.0960125742804,1358.3375610837045,None,E00,1,20,2,156
M011,2024-06-05 21:00:00,79.2787395027928,0.3945957470202297,88.37522855144185,53.72051005605314,221.53550454536273,51.52614453068467,1684.8231581838752,1154.1240799613151,None,,1,21,2,156
M017,2024-06-05 22:00:00,77.96330762086754,0.5029518091204825,112.97759599204835,41.707047826115016,225.48356929254564,40.49664352312133,1468.129289338667,1697.0496716747411,Minor,E01,1,22,2,156
M019,2024-06-05 23:00:00,73.2519953937839,0.32889348793858947,,36.2487842164988,221.23791180283914,54.85716506234922,,1557.873267180265,None,E03,1,23,2,156
M021,2024-06-06 00:00:00,76.56690329883791,0.276801594937731,112.60028619930016,52.16356241911314,225.19740026393652,48.33781318446149,1480.3388576990321,1237.1760373715729,Critical,E00,0,0,3,157
M009,2024-06-06 01:00:00,70.2686833184616,0.24261580817449765,96.55005470725717,43.40109219608449,213.25160727771734,56.84145472877252,1463.3667432802965,1575.5660208223749,None,E02,0,1,3,157
M011,2024-06-06 02:00:00,71.94979423368666,0.4728971751162621,,,,61.468366799996375,1558.3845991182998,1294.1073538452683,None,E01,0,2,3,157
M009,2024-06-06 03:00:00,68.03025364521709,0.473815108108906,,66.27543664979386,223.81888545818634,36.11723893784534,1452.606830230105,738.355203938232,,E03,1,3,3,157
M014,2024-06-06 04:00:00,77.42438969580155,0.28527801806460384,99.41332200799816,57.008532583618674,225.4592676923053,46.31083543319386,1330.7451363682217,1555.94705305843,None,E00,0,4,3,157
M004,2024-06-06 05:00:00,67.83952001299589,0.299087543112501,99.49142394115876,47.79188887257724,224.15179036662084,40.32431998928278,1467.8628700512654,439.8216547766048,Minor,E02,0,5,3,157
M011,2024-06-06 06:00:00,80.91093806962712,0.3273206273728179,89.74699247773503,66.90689863419175,221.05268942977327,67.26608973844992,1554.796679478374,100.0,Critical,E00,1,6,3,157
M005,2024-06-06 07:00:00,70.10499499008105,0.43569798105021884,96.33901316242995,47.888643486957605,217.4076724957336,46.47750084728239,,1479.1984116477802,None,,1,7,3,157
M014,2024-06-06 08:00:00,72.123051384098,0.25988884610637825,103.429566589048,39.24967331501273,221.68788805774872,39.47910197109569,1569.8195995392543,1377.424944933752,None,E00,1,8,3,157
M022,2024-06-06 09:00:00,76.552368123926,0.2123366332577787,89.60656004992919,36.895914762767156,223.03439950932403,67.92270904386731,1641.6623569224,1350.7009953077354,,E00,1,9,3,157
M025,2024-06-06 10:00:00,72.14318652713749,0.5017260133593513,95.68729844662546,36.557981250586586,223.5143795809788,44.191417280163286,1677.5916983785353,1755.8227002697345,Minor,E02,1,10,3,157
M012,2024-06-06 11:00:00,70.21255011428813,0.3718661300844053,96.63642850074034,44.9235630319793,240.85711645302936,37.02511468112918,1540.519679237188,1190.1135707717056,None,E03,1,11,3,157
M002,2024-06-06 12:00:00,71.81985931314917,0.3818089314142992,100.53152643771199,50.55704179394722,212.63356971598307,40.732806096576,1283.441922565007,1048.6998971687278,None,E01,1,12,3,157
M006,2024-06-06 13:00:00,77.36291012134551,0.33564257963600047,111.83647716510612,,245.80794499318338,51.14552948727125,1577.714400255048,1518.6559329228753,Major,E00,1,13,3,157
M003,2024-06-06 14:00:00,68.02288666717976,0.3826049446602616,,39.612888869188026,209.94543126537368,50.365979429847364,1616.0605592143568,914.4825224921618,Major,E00,1,14,3,157
M019,2024-06-06 15:00:00,71.2425779563604,0.24400558816613097,,47.55421216736875,223.08534981128483,43.31197921787533,1416.4158993736928,1104.756317697887,None,E00,0,15,3,157
M025,2024-06-06 16:00:00,72.06172036402485,0.2911355603197839,121.97096505619737,52.723515229930584,210.44125935257574,46.119617949185574,1491.278046193368,1301.029184976565,Minor,E01,1,16,3,157
M014,2024-06-06 17:00:00,77.18751117316594,0.35736105191658235,96.53451717181257,44.68892697504214,222.44995021917862,50.42464820494022,1558.031934125384,1333.016631441334,Major,,0,17,3,157
M005,2024-06-06 18:00:00,71.40092775677138,0.19103763749698305,98.47473471064643,47.93409760594009,227.85698259883,60.59130174934546,1714.4712543389376,1066.7900707016247,None,E01,0,18,3,157
M001,2024-06-06 19:00:00,82.84979456696233,0.3288237670330039,97.13722904647175,30.137731116113443,220.2606614387442,52.66623152377196,1469.2980375352936,1003.8082782133279,Minor,E00,1,19,3,157
M025,2024-06-06 20:00:00,71.06076853370944,0.3245084940765915,97.78584719112298,34.058559147869694,227.7846434317217,45.49467317391971,1606.950707093398,752.0324544472306,None,E00,1,20,3,157
M008,2024-06-06 21:00:00,70.57389816956832,0.3288116837634747,100.62203890412769,44.26965795259112,216.61054230878185,48.172599277620925,1537.9557148469728,885.1300323574558,Minor,E00,1,21,3,157
M003,2024-06-06 22:00:00,70.9738072702936,0.3114242734525313,107.3663718207462,51.126613382279935,,56.15767944829777,1523.9313036424637,,None,E00,1,22,3,157
M005,2024-06-06 23:00:00,64.10015142805194,0.28028756518878517,103.23190178618725,,225.01367306031403,63.44053509507627,1659.6563373175727,1093.7692878537148,Major,E02,1,23,3,157
M007,2024-06-07 00:00:00,65.77963891944789,0.22245777048103557,,34.81410736125539,220.24510659612136,41.16313111329745,1400.229325563615,1275.7005929444358,Minor,E01,0,0,4,158
M017,2024-06-07 01:00:00,68.81599866156544,0.3601322933017188,108.35222939685947,42.16125607742167,216.16308830495993,58.912876334143846,1527.6487680354753,603.4887988043063,,E01,1,1,4,158
M023,2024-06-07 02:00:00,78.81497909310077,0.328991320924263,101.66841684492701,63.1420601145217,216.71550774046477,47.49777330066136,1503.2622333970444,2225.2843732725705,None,E00,1,2,4,158
M007,2024-06-07 03:00:00,71.80124364382795,0.2537302917401925,103.01049576051021,51.53109879115874,223.25265388142893,,1319.1696050874875,855.4140043654706,Minor,E02,1,3,4,158
M018,2024-06-07 04:00:00,69.09213486230576,,,43.04960347972313,213.48373682257642,35.42212228431431,1647.9100002551909,,Critical,E00,1,4,4,158
M002,2024-06-07 05:00:00,79.35920847363957,0.3293534863449106,91.11032057598014,32.68995885936424,223.00195847649408,,,1175.5269701640505,Minor,E00,1,5,4,158
M001,2024-06-07 06:00:00,81.30706279735357,0.3177283233836519,119.9856896179064,36.439546594319076,229.50909615165563,61.626858733647595,,843.0083122301751,Minor,E01,1,6,4,158
M002,2024-06-07 07:00:00,79.53229476544657,0.19901735792347844,95.89931895577915,45.07908434680888,236.48056115690446,45.44733986159608,,1345.9925200310033,Minor,,0,7,4,158
M024,2024-06-07 08:00:00,66.88146001658906,0.3977937258615525,97.19228062744818,48.31136518320008,231.2362123020981,48.3028428081512,1500.026629145086,,,E02,1,8,4,158
M015,2024-06-07 09:00:00,69.02850827883806,0.26368642719236085,90.30479220260987,51.78676134121871,221.29396346373284,35.741128364298035,1584.8845890601137,1654.8196527526618,Minor,E02,0,9,4,158
M021,2024-06-07 10:00:00,82.88241642188831,0.3544289178388869,90.54279353636481,49.655827012665775,222.06132079923816,56.096327565734235,1506.3474157041358,1575.9436877349717,Minor,E00,1,10,4,158
M001,2024-06-07 11:00:00,,0.29342120895971147,107.79227255111789,40.557163652775785,216.79801178283884,49.772956131970986,1419.8999588239637,1152.5277313959778,Major,E00,0,11,4,158
M001,2024-06-07 12:00:00,70.39423761062353,0.32278914377164103,118.16154622113801,38.86674120728904,216.27485218707233,37.58178201145109,1437.950451168226,537.7921090781966,Critical,E00,1,12,4,158
M022,2024-06-07 13:00:00,76.31008776798502,0.4306604744224938,95.46207911353322,69.56386658747601,226.97625438768364,,1498.5450753292416,875.0986943391181,Major,E01,0,13,4,158
M003,2024-06-07 14:00:00,78.04379440414867,0.3872132740562362,102.77853222502014,,217.53991953340582,38.884513951500985,1388.0888216540561,,None,E00,1,14,4,158
M004,2024-06-07 15:00:00,68.57130257443042,0.4291027962402629,101.7613327656973,29.49955565642523,222.92879712871752,54.45997344057908,1539.998847852268,715.7955688771626,Minor,E02,1,15,4,158
M013,2024-06-07 16:00:00,73.31663975171959,0.3731269846235101,108.00195649933407,25.335390263370755,212.29992394075347,41.337549815592254,1404.8380481175482,780.8707521468796,None,E01,1,16,4,158
M016,2024-06-07 17:00:00,77.55936041530235,0.37773005090385464,117.74971571613918,40.76173335444346,230.96250119444417,52.69655334718282,1385.4794292645372,1619.7196386217508,Minor,E00,1,17,4,158
M006,2024-06-07 18:00:00,65.03827712424088,0.22532026998416751,112.1677873438527,56.27980584800196,217.42034669079794,44.77574020970313,1883.1758445362036,1261.9668135100862,Minor,E00,1,18,4,158
M012,2024-06-07 19:00:00,72.07407274455684,0.3277732504293412,,38.088627727905674,228.7038333653197,31.074406457721995,1732.7821691486977,1249.33229458832,None,E00,0,19,4,158
M017,2024-06-07 20:00:00,,0.3342563747705974,104.23014108567708,,214.36941458180456,57.969290447479764,1517.27340492239,,Minor,E00,1,20,4,158
M012,2024-06-07 21:00:00,66.09851701843914,0.4356565374246383,105.02446274193781,44.91262145833732,213.94631605897015,58.40747511288092,1602.1219520771642,,None,E03,1,21,4,158
M010,2024-06-07 22:00:00,68.62139953511817,0.31456394704651497,99.83927495065905,58.31469680096091,230.62425425086295,45.82573306602864,1622.5137645025052,1176.19767802639,Major,E01,1,22,4,158
M002,2024-06-07 23:00:00,,0.36854016563392855,91.23251093202616,35.90734640966922,214.99193988251582,52.19540036321825,,1382.3942377980682,None,E01,1,23,4,158
M012,2024-06-08 00:00:00,70.06786422817119,0.3658030140159326,93.60979025149582,36.0933992649625,207.45679799702643,53.50542361184087,1533.9306903627914,1523.5932331331296,None,E00,1,0,5,159
M021,2024-06-08 01:00:00,68.10949125018956,0.4310372612196509,109.18522120743373,46.09254843995967,211.68047570606888,53.76391561706592,1468.5395475500902,1399.241211995837,Minor,E00,1,1,5,159
M016,2024-06-08 02:00:00,72.30932737994975,0.34063791423857065,110.0104639665764,50.79065599613875,226.85366944798616,63.80478799627694,1650.680449168194,1784.1552470160093,Major,E00,1,2,5,159
M023,2024-06-08 03:00:00,65.11822363040142,0.40794508640852023,98.3394610812865,,,53.33438512096184,,1209.852146639344,Minor,E04,1,3,5,159
M004,2024-06-08 04:00:00,74.57281930700346,0.23065944061037325,102.0884431524807,48.50958540816942,213.89999133626947,47.13874298008796,1687.430265443061,661.1313628539878,,E01,1,4,5,159
M001,2024-06-08 05:00:00,78.78832057174986,0.23701863969392406,109.57811057063715,52.06183144140279,214.9462503904083,53.42332930911784,1531.9198283710502,1635.3082247806817,Major,E00,1,5,5,159
M014,2024-06-08 06:00:00,71.52477575407192,0.1901658958762831,86.36584902373362,27.953931842719594,225.38412661034107,46.560415941010085,1760.1365961705374,1101.9655234233849,None,E04,1,6,5,159
M005,2024-06-08 07:00:00,70.78410604019875,0.4050189482593333,96.42918055328914,40.90875060973032,230.5273643615419,41.475568008662385,1490.837866829079,892.5239897096935,None,E00,1,7,5,159
M015,2024-06-08 08:00:00,74.24064211929341,0.3971566856452115,116.14297105186115,38.77580965128292,219.44960368422585,59.75792272207741,1745.6316579713061,,None,E01,0,8,5,159
M023,2024-06-08 09:00:00,59.82918348701073,0.4127779301729497,102.39446172962654,39.35853410854958,224.4339073234946,54.27328390220089,1444.4040344763348,1348.3086787175864,,E02,1,9,5,159
M009,2024-06-08 10:00:00,75.2209047395872,,90.96627132237252,49.882532742220185,226.9874645323839,,1344.3071627317026,688.5008778719174,Minor,E01,0,10,5,159
M014,2024-06-08 11:00:00,90.61131482246918,0.31055166397257333,100.93825834858971,38.94252677301284,237.2240258547723,44.53067625131996,1743.336963242526,1468.2521136063183,None,E03,1,11,5,159
M018,2024-06-08 12:00:00,71.26394267331167,,108.1714847381462,20.939068365457985,210.75427215039628,56.061127884709926,1579.2452546987245,1949.7267493319637,None,E02,1,12,5,159
M004,2024-06-08 13:00:00,71.28524979770202,,79.62773650137134,42.161776177988095,,37.489403315402846,1562.294700430579,1329.447189608213,Minor,E00,1,13,5,159
M023,2024-06-08 14:00:00,76.4616420005981,0.4685679689335436,101.41028653752875,32.22712762490025,215.94821332708187,43.97653445997664,1456.741848487064,1097.5265047718453,Minor,E01,1,14,5,159
M006,2024-06-08 15:00:00,81.87199600918777,,97.02068356326009,50.95598377419055,226.62019318971795,71.29207694506424,1398.582109500042,532.2977935121444,Critical,E01,1,15,5,159
M021,2024-06-08 16:00:00,77.84980706660481,0.37317138073624506,86.86401498850442,54.66836390224464,217.98465822359069,,1409.969799046606,2020.4873136296546,Minor,E00,1,16,5,159
M017,2024-06-08 17:00:00,59.0663587284987,0.44347678883900876,100.65541804104247,20.0,222.49796670979518,,1516.6256741095222,993.2159150635478,None,E03,1,17,5,159
M004,2024-06-08 18:00:00,75.38039302597649,0.3320910279995309,98.90815814591642,35.70921515951613,220.9747436253981,62.00373598604881,1481.9759202660723,636.8046016706529,None,E02,1,18,5,159
M019,2024-06-08 19:00:00,87.43158087145005,0.32263409286623934,99.8072779824189,49.24047628103049,220.01389700712545,42.73202056447924,1267.1304026565706,1244.3379669262913,None,E00,1,19,5,159
M005,2024-06-08 20:00:00,75.73464628055679,,97.2139150380419,28.093498377581238,220.8591725950909,52.1309223023756,1703.2511055918872,1603.299587309739,Minor,E00,1,20,5,159
M015,2024-06-08 21:00:00,65.0723885203695,0.28148999414062953,91.82929958436688,,228.2392057194301,66.4705633741706,1449.634623629241,1694.3659098480462,Minor,E00,0,21,5,159
M024,2024-06-08 22:00:00,73.69097774651168,0.3377493444939871,88.36157733121402,57.59179841834666,212.23531480848754,53.67619789179666,1648.6091384278866,931.112154332766,Critical,E00,1,22,5,159
M024,2024-06-08 23:00:00,64.3158764919536,0.27178143693512413,94.474480477803,43.055812393281165,218.81235047255277,68.92414952473023,1415.322232139322,1160.5897062846652,None,E01,1,23,5,159
M022,2024-06-09 00:00:00,79.39682213561316,0.42175054732297046,106.87401691260851,35.7130608057789,210.2777780336039,44.9048670655153,1518.5811012275046,1200.1651184756363,None,E01,1,0,6,160
M013,2024-06-09 01:00:00,66.26470447183245,0.3880581173723112,101.86456234981397,20.0,221.81245542505314,64.37677662018028,1616.6773571478652,1590.6231904035922,None,E00,0,1,6,160
M014,2024-06-09 02:00:00,72.44546180815213,0.4500693678283478,99.44661336442728,54.76830353713321,218.43576911407646,50.13339190645475,1600.1215107256178,1437.1336519321972,Minor,E00,1,2,6,160
M008,2024-06-09 03:00:00,,,91.68185480742808,,,47.38015946393608,1467.8447213077686,1308.249855037745,,E00,1,3,6,160
M024,2024-06-09 04:00:00,68.72131165471205,0.4831187862845451,97.00868053716631,66.54781438002183,219.96141423560482,55.12032553242235,1561.1152694453829,1565.930580665372,None,E03,1,4,6,160
M012,2024-06-09 05:00:00,80.91690387516297,0.23992672103445914,105.8972604668577,42.66031779011394,216.44928693277595,,1581.1136002793498,655.1728778296898,Minor,E02,0,5,6,160
M020,2024-06-09 06:00:00,72.62074298936218,0.26611843474417557,104.03827009988393,31.887890187385224,218.02631961541823,,1482.2484548912819,1368.3498261066518,None,,1,6,6,160
M009,2024-06-09 07:00:00,68.64478515764569,0.30654249171958364,96.18240904181827,55.05149071593759,233.7873937088574,53.881540953021506,1366.3538049193917,1288.638533187936,Minor,E00,1,7,6,160
M019,2024-06-09 08:00:00,65.12863217467967,0.44154044843789053,79.10878278825759,43.477574686175686,,35.53812765354834,1425.051964866249,1179.997325565042,None,E03,1,8,6,160
M006,2024-06-09 09:00:00,60.76979108160338,0.36579014480600014,94.60121895870735,50.73758068372102,214.97987119507528,43.610750516620236,1454.492529115243,,None,E00,1,9,6,160
M019,2024-06-09 10:00:00,64.49231619886388,0.33293195246348994,96.1384438591149,48.633020439563346,220.28806435200053,55.78114448394654,1503.1270535106585,1253.6598455499984,Minor,E02,1,10,6,160
M002,2024-06-09 11:00:00,72.67175544866626,0.2945160795748387,92.74315249837791,,214.90858842735946,,1691.0856537729499,971.9247621531252,None,E00,1,11,6,160
M003,2024-06-09 12:00:00,77.88140261233598,0.25368453945375097,96.69459373488236,57.34216564179037,223.92545338211167,52.85782166719993,1608.8978921907915,2290.9167007141837,None,E00,1,12,6,160
M009,2024-06-09 13:00:00,68.63789104546679,0.42928391265851074,106.53240102556174,57.78801682836742,219.54811649511268,52.20696440148545,1402.072349123679,1743.5896920404748,None,E01,1,13,6,160
M013,2024-06-09 14:00:00,81.42326160431409,0.4059047482734048,99.70162837634788,38.72774778346125,222.04787922104276,53.21873698241333,1720.382675409614,1637.1639864986819,None,,0,14,6,160
M018,2024-06-09 15:00:00,67.69499746663064,,107.91756838323954,33.92265034336289,220.94262508222627,57.662387353478366,1490.5404389817088,988.1290694315562,,E02,1,15,6,160
M009,2024-06-09 16:00:00,70.57192966272072,0.3777772688886787,87.93302331483676,20.0,219.17563685682146,,1580.6742795200223,817.1228857197308,None,E04,1,16,6,160
M001,2024-06-09 17:00:00,,0.16505282790111253,97.55948753636045,40.84606367880247,209.6734101182121,45.924208079625345,1387.3215786350063,1115.2191273175604,Minor,E00,1,17,6,160
M009,2024-06-09 18:00:00,77.94457040740714,0.2628791947122983,84.48782311324,31.880098097863996,221.40873943354913,49.40456733977002,1445.731599685063,1245.6638586083666,Minor,E00,0,18,6,160
M011,2024-06-09 19:00:00,84.58506368426741,0.3825409914092696,96.58737976130521,50.030363027965066,205.89272931284742,51.56631756561297,1624.5526140817622,620.6439863284392,None,E01,1,19,6,160
M014,2024-06-09 20:00:00,,0.3241198082334786,91.63474035761861,,214.62431214696124,33.12288998920788,1394.5353124896446,1391.9907245767954,None,E02,1,20,6,160
M017,2024-06-09 21:00:00,69.92302758819181,0.3108810623150311,110.25002266742706,42.27085619643246,223.91364228818125,39.940851445563226,1506.620554677419,1632.8598446575998,,E00,1,21,6,160
M007,2024-06-09 22:00:00,79.58867908230022,0.27277412645773297,,,229.51750028566744,49.86671619127518,1556.509289756618,305.72904207075754,Minor,E00,1,22,6,160
M016,2024-06-09 23:00:00,63.318326871446395,0.4163312697190178,108.11863596474412,49.767056160404934,,58.10512574720138,1377.2475839596448,839.8527532056302,Major,E00,1,23,6,160
M016,2024-06-10 00:00:00,75.40010344182652,0.3819334846190015,96.56521739781657,43.59971928076011,216.57396817276754,46.64768043016255,1286.6962172364188,1691.1336273407348,Minor,E00,1,0,0,161
M020,2024-06-10 01:00:00,79.32883320124543,0.3850833856035686,91.84225522306686,65.23710811122311,213.07900295823913,44.664879247531836,1608.8861339736136,1349.5861252145894,Major,E02,1,1,0,161
M014,2024-06-10 02:00:00,72.46937288614102,0.30564784258504596,91.5874960436925,53.85778699599641,224.1782684068815,54.22934757495549,1843.6059091586674,853.4708503929407,Minor,E02,0,2,0,161
M021,2024-06-10 03:00:00,75.3015784256408,0.3623401431229866,,,234.9597505186292,47.37543222453437,1555.0639414848504,1494.144744933454,Major,E02,1,3,0,161
M006,2024-06-10 04:00:00,82.56541431676564,0.2563564551662463,114.4812919535474,40.544960808574444,232.26195834208727,57.04718774842783,1578.089644593308,962.3141222452987,Minor,E01,1,4,0,161
M018,2024-06-10 05:00:00,83.69055932460688,,103.29905833616391,54.460556322048426,211.71936635806495,48.22939397100112,1393.9113351263954,1105.5513788791598,Critical,E02,0,5,0,161
M002,2024-06-10 06:00:00,71.6281967217931,0.17304492949848235,97.00185816569933,47.43414838055384,218.8759265003016,41.07827312489106,1676.3609666993761,744.4490620603474,Major,E00,1,6,0,161
M003,2024-06-10 07:00:00,68.8057329042046,0.24023187026058113,98.48983315898732,31.54608347599227,226.8029382651634,,1454.7880697415337,1206.765891669259,None,E00,0,7,0,161
M022,2024-06-10 08:00:00,66.48011933355782,0.32743817090235916,99.74959734598562,55.73655407733685,227.35768921949088,59.89808746229549,1639.646078582438,1607.2761065103823,Major,E00,1,8,0,161
M012,2024-06-10 09:00:00,77.86178490257228,0.5162582702392452,116.21314048142527,60.08678640236254,224.73489539076567,42.3561641791764,1572.8757193451684,1008.9981502120025,None,E00,1,9,0,161
M016,2024-06-10 10:00:00,63.76934665325419,0.22394798486025946,109.86886852667907,59.17666641607014,216.41001132792704,53.16562878913329,1575.803631477679,1458.182888406171,Critical,E02,0,10,0,161
M016,2024-06-10 11:00:00,70.48455577205279,0.2629493585222096,102.07967203320293,63.512988018173566,224.66372174325863,47.386644979548066,1571.1967410723953,1180.0360484021799,None,,0,11,0,161
M018,2024-06-10 12:00:00,72.61613862572679,0.36517423576849667,100.87785574244884,69.83037755468389,227.43480643901594,54.95251301400373,1567.3722154549985,1631.602846172061,Minor,E00,0,12,0,161
M007,2024-06-10 13:00:00,68.98198492368748,0.4738596034210222,102.39482712295901,,212.54383939479573,42.99449238592285,1534.0068273607728,1014.7850144453448,None,E00,1,13,0,161
M005,2024-06-10 14:00:00,73.67892159011474,0.3641520747891651,103.95420535426462,49.087941381116664,230.6418871928844,,1616.3115674846658,1822.0079329705673,Major,E00,1,14,0,161
M002,2024-06-10 15:00:00,87.38707990975655,0.3991499296612909,96.69441637619524,42.4988654965083,227.93567611171736,59.55961188613786,1412.8741483880433,1472.6355350626347,Critical,E00,1,15,0,161
M022,2024-06-10 16:00:00,71.27040845792075,0.3263677374526466,93.2473684209869,23.04477963597435,,42.42125809006113,1471.3415555410343,1297.6052003827733,Minor,E01,1,16,0,161
M006,2024-06-10 17:00:00,69.38756623543566,0.3142564887742436,108.25776208443892,45.13041414528054,227.39927862687557,50.54160117374381,1676.1706076234643,1312.2029571728629,None,E03,0,17,0,161
M015,2024-06-10 18:00:00,78.09199094629112,0.3557529046447429,100.17586184457586,51.22963270694342,226.5049092438756,59.72772003773775,1520.74876240677,1014.0054192003516,Minor,E00,1,18,0,161
M012,2024-06-10 19:00:00,73.43750186487313,0.30391974265617266,107.58982348651975,45.52263486512825,226.80922122218962,41.98909921474594,1460.8872213149373,988.264604479498,None,E02,1,19,0,161
M005,2024-06-10 20:00:00,80.63601462726825,0.40069885371024216,113.16926999021155,22.341348015931,232.60778443552545,44.64938710945519,1624.1843253604075,1304.8769653855302,Critical,E01,1,20,0,161
M011,2024-06-10 21:00:00,72.98812571891831,0.23756096707380908,104.16491787279648,41.56054381503512,219.9163057674413,55.293904050900075,1600.4917542642752,720.5066243609849,None,,1,21,0,161
M003,2024-06-10 22:00:00,70.5094607521738,,102.86838783656056,52.743984586280185,222.65217052658326,48.714486959524685,1344.0216753983168,959.3232405816724,Minor,E00,1,22,0,161
M005,2024-06-10 23:00:00,61.29765067143267,0.3527519108611926,125.60194384413651,32.68901958043306,198.89017395871852,37.39780183862477,1587.5917836954309,825.0979347324818,None,E00,0,23,0,161
M004,2024-06-11 00:00:00,62.28159183712956,0.33496953919793954,101.65616102623855,46.98829494284641,228.926581572595,47.43824314059604,1516.4805219612447,1428.7284598653366,Critical,E01,1,0,1,162
M021,2024-06-11 01:00:00,60.985807857437386,0.23499108078695044,91.27562553722922,50.17952401055101,228.1566913407215,63.971523749142975,1585.4281857519143,1434.8109262052587,Minor,E02,1,1,1,162
M015,2024-06-11 02:00:00,74.27603499770544,0.2814147929601491,97.7501981426241,58.415611692308936,230.84827443827783,66.50310671814263,1501.2845791433995,1707.1288886835282,Critical,E01,1,2,1,162
M024,2024-06-11 03:00:00,,0.43390560311932247,112.41347769396432,,212.50655674264377,44.90330870604318,1555.7161076461457,1066.1387337363058,None,E02,1,3,1,162
M011,2024-06-11 04:00:00,79.5334641955163,0.3353980701376644,89.64666119775963,40.466087248672004,227.69636308636092,42.6935861553362,1280.280096941213,876.8927646634497,Minor,E00,1,4,1,162
M006,2024-06-11 05:00:00,72.18147938913572,0.36948789261109743,93.98032316677616,47.20508858148842,228.14999437150365,46.33590434506265,,612.2814290113309,None,E00,1,5,1,162
M016,2024-06-11 06:00:00,70.53487848538998,0.2884327590679257,108.85141444774814,47.580830070690254,214.79266709808346,64.41520336987003,1588.8121398781057,,Major,E00,1,6,1,162
M024,2024-06-11 07:00:00,66.93686954877397,0.34796617546421843,97.82703485989573,52.792498312660406,228.44771541571245,56.73674961974116,1814.5723617256178,1758.717697053564,None,E02,1,7,1,162
M014,2024-06-11 08:00:00,75.73355248962123,0.2539493566316014,99.11803370418804,51.44883702769615,,61.712681060733516,1544.0730359398199,1170.155033650786,Minor,E00,0,8,1,162
M001,2024-06-11 09:00:00,67.17301308274553,0.3569917578001521,108.58698256104503,62.10006672359725,206.41590581016771,57.989454055185504,1416.863436281411,1210.652488704755,Minor,E02,1,9,1,162
M008,2024-06-11 10:00:00,,0.3759448628089143,94.26543059476832,20.0,224.67584656375922,39.44508652619964,1516.2492269701474,1197.5143511014214,None,E00,1,10,1,162
M024,2024-06-11 11:00:00,79.1300995236321,0.3724430309029512,88.25118038782351,50.01625293867591,213.86234509257335,42.409217363024645,1392.7890856967067,1301.604140877088,Major,E00,1,11,1,162
M013,2024-06-11 12:00:00,74.12772696465014,0.28674906186568866,,,206.59254468310755,44.430614844109584,1649.978807715943,1598.819671529939,Major,E01,1,12,1,162
M024,2024-06-11 13:00:00,70.59042343051037,0.32605643111296484,104.65424354727698,42.17724920964041,222.93242620453313,45.824202472519914,1505.7695765787398,,Minor,E01,0,13,1,162
M013,2024-06-11 14:00:00,75.8485979084023,0.38760359021871416,102.07305675064636,20.0,219.4773543752203,44.5735440564032,1626.3849641112445,1399.322384985946,Minor,E01,1,14,1,162
M001,2024-06-11 15:00:00,72.0535912386642,0.3351993683305331,94.45946789376536,44.268046670716394,,45.50428104128477,1481.5854033070962,1425.708363159398,None,E00,1,15,1,162
M022,2024-06-11 16:00:00,74.2980789027101,0.3298886232361923,90.72966703354292,36.4732708477203,221.4537529683239,,1637.0352651911016,1104.2940504504518,Minor,E00,0,16,1,162
M020,2024-06-11 17:00:00,67.09891258574727,0.4832427326037889,97.83541499880906,65.13546491908468,226.22815461389615,51.086370788696435,1305.168551826962,1156.8751150993364,Major,E01,1,17,1,162
M018,2024-06-11 18:00:00,84.42239165346373,0.28343076167937126,108.93213829000378,49.50349643793448,224.0704749284012,59.758224625363354,1502.9373562314092,1151.4765618974345,None,E00,1,18,1,162
M025,2024-06-11 19:00:00,68.52228019394265,0.42562929276622874,93.31345636936595,35.45418207006888,,52.014706521255476,1564.7506351668835,1053.5412055037418,Critical,E00,0,19,1,162
M005,2024-06-11 20:00:00,81.33609796169986,0.26917235355465485,94.6985278243795,20.36825994245824,212.90874123967805,44.589788351113256,1467.79789488252,1251.0104378641893,Minor,E00,1,20,1,162
M023,2024-06-11 21:00:00,70.86678690417314,0.395834676003999,90.47582746122897,52.087412186620504,221.58829304090148,51.507695611878425,1543.1412054271009,,None,E01,1,21,1,162
M006,2024-06-11 22:00:00,76.84258269392977,0.3995706790686781,97.06069688718263,53.35379032492376,218.87411277542242,37.909516294910695,,1225.4226507973872,None,E00,0,22,1,162
M025,2024-06-11 23:00:00,76.40534099415682,0.3142744391460068,102.70463192573264,42.41067778615751,225.22946707071017,31.505302342894485,1625.8600032082786,1087.7919231803794,,E00,1,23,1,162
M005,2024-06-12 00:00:00,78.88111053090027,0.26477662029965254,116.92135325634473,52.2441057858673,,55.14569730642245,1574.583166415356,1250.3994927140734,Critical,E03,1,0,2,163
M014,2024-06-12 01:00:00,66.95625775701514,0.21206967573376073,101.74225210255949,40.820753658440225,,58.146480470353374,1547.1513746740911,816.0574316247923,Major,,1,1,2,163
M020,2024-06-12 02:00:00,78.45381240767317,0.3069420543752265,99.57057515810385,57.80658330201794,217.29653168065187,50.577035368478725,1605.5356378104834,1521.336112531299,Minor,E00,0,2,2,163
M002,2024-06-12 03:00:00,,0.38683530535666266,106.90349284788105,56.91221802924636,233.1880216683112,46.86955512098789,,1034.7363644920208,,E00,1,3,2,163
M002,2024-06-12 04:00:00,70.44784212454886,0.27456602900302945,105.56972441464195,25.33289554316493,206.44519105430973,39.265038351721785,1409.710809816016,738.0124978420113,,E00,0,4,2,163
M022,2024-06-12 05:00:00,72.20823640285273,0.35678640066466094,95.37871348506654,28.257697872706657,225.67491765492267,59.33540024083722,1333.7689124089188,1384.6979935052477,None,E01,1,5,2,163
M002,2024-06-12 06:00:00,68.85932014511907,0.2466499141462408,118.41648058744062,69.37538067652234,229.93157037386413,53.94024105059975,1565.8322260021946,1404.5531231136354,Major,,1,6,2,163
M016,2024-06-12 07:00:00,69.9213824868894,0.3336278265527225,99.80493318164838,56.18635620032508,224.6306972200191,52.329388389175705,1549.6576700995583,856.0271911091677,Minor,E00,0,7,2,163
M024,2024-06-12 08:00:00,82.26853679359495,0.2697069267060888,101.89100256284637,29.851427939657267,235.76806601038396,49.96140972883795,1666.2354084435674,1449.42758463611,None,E00,0,8,2,163
M016,2024-06-12 09:00:00,65.97459284321877,0.34454136486739007,104.41078869828905,26.155439538925123,227.50812517660177,46.24343424974754,1542.1999182732573,1453.5598659024474,Major,,0,9,2,163
M013,2024-06-12 10:00:00,66.34728706889537,0.31492443712747276,102.76697894090363,47.49326478732146,223.07298970990158,41.09373686950859,1424.1958253420687,1989.9522847715214,None,E00,1,10,2,163
M011,2024-06-12 11:00:00,81.66540561848626,0.26667437046336795,112.20318135099672,31.29221529752069,216.2661635326569,52.021633226787635,1516.0800974146973,1105.9899532869604,Minor,E00,1,11,2,163
M016,2024-06-12 12:00:00,,0.30387885654777413,95.28073008696025,41.19951134490181,223.22133957744748,45.691800700853065,1274.9494321877687,1178.2493704678352,Major,E00,0,12,2,163
M015,2024-06-12 13:00:00,84.72222149425515,0.28460901964306046,106.26705799082164,44.43264972479091,225.45345536150475,46.608311661632136,1451.01284693295,957.2812483252745,None,E02,1,13,2,163
M013,2024-06-12 14:00:00,69.29736817304489,0.25802527098338107,101.31654756307984,43.914739333623416,220.02800339488223,63.74276612109431,,,Major,E00,1,14,2,163
M004,2024-06-12 15:00:00,,0.4257922077702592,107.86178556087619,58.51845938138991,214.05738712604347,49.61538085268071,1539.422476696764,1198.1582496078802,Major,E00,1,15,2,163
M017,2024-06-12 16:00:00,68.03593833736917,0.32478775948843525,98.28011640025377,67.01707486950605,210.36621867194845,30.37635612192846,1466.4841868481737,1595.1716064072816,None,E00,1,16,2,163
M019,2024-06-12 17:00:00,72.85980701188618,0.1958442185648434,97.19667715077503,39.25298576601409,221.4832550830478,45.716332452703966,1484.1269193093337,1026.4198459431036,None,E00,1,17,2,163
M018,2024-06-12 18:00:00,61.35541981629418,0.306370343468372,105.8565878994081,31.432090034361117,208.15747033774744,41.988386015355886,,1388.742330582444,Major,E00,1,18,2,163
M002,2024-06-12 19:00:00,76.10972733993005,,102.86394605671984,49.66615385980291,216.22765848433988,48.88624239563595,1419.7372152707676,1104.8621030898644,Minor,E00,1,19,2,163
M018,2024-06-12 20:00:00,,,93.43764558139786,64.57776137331264,,38.60454081648828,1583.113966906672,463.0079772673412,None,E00,0,20,2,163
M019,2024-06-12 21:00:00,71.65467202520449,0.454842071469354,110.76489829131407,40.16141812392427,226.66414823696996,53.469053018343274,1327.6716092575775,1451.2162740617246,None,E00,0,21,2,163
M005,2024-06-12 22:00:00,,0.2900336561526887,,55.204306704170556,229.2323736733695,47.63146778293732,,,None,E00,1,22,2,163
M022,2024-06-12 23:00:00,66.6314760757914,0.38523856390715183,99.40636647603158,34.95437288959057,220.63158448209953,46.194299516916146,1402.653356765565,1136.2062925154755,,E00,1,23,2,163
M014,2024-06-13 00:00:00,76.36627747219657,0.42256470092137083,96.25415110615107,45.25525641720147,234.6516722548784,51.196949130991456,1298.279690559797,1142.4530242328321,Major,E00,0,0,3,164
M012,2024-06-13 01:00:00,64.97346008577956,0.3815135780618003,102.91304717498868,31.056692612398123,230.7790940177302,49.386745217706896,1647.1612660938897,1196.6522344251432,Minor,E00,1,1,3,164
M019,2024-06-13 02:00:00,75.07137547229546,0.2537854217751278,105.28388179221427,45.129984725750965,223.83828572117767,48.92231972001998,1659.5016907613742,1218.9243091459796,None,E02,0,2,3,164
M013,2024-06-13 03:00:00,84.44670836885675,,87.24739940823336,43.602540255412805,219.09428511270227,48.2065064724022,1435.2638518081415,1214.9870428357717,Critical,E01,1,3,3,164
M014,2024-06-13 04:00:00,80.91312893186578,0.4319049693270607,103.00544738018266,52.29747478994492,217.20481504893402,49.83748626717139,1434.0870125358815,1345.2290673773834,None,E01,1,4,3,164
M008,2024-06-13 05:00:00,62.96923234397608,0.29367719805676157,105.22043761930827,66.33673930427427,224.49992859487992,,1469.895044156932,1156.5076469184803,None,E00,1,5,3,164
M024,2024-06-13 06:00:00,68.77957163794018,,81.18041120025782,40.33325494908788,218.8701852728457,51.74376237590957,1402.7921638167857,2246.2789725293005,Critical,E01,0,6,3,164
M025,2024-06-13 07:00:00,74.52870444333203,0.3198800694729539,101.56951726996232,21.00325023185169,224.3858416132596,59.015036628375135,1423.9383176235312,1063.0429076746027,None,E01,1,7,3,164
M004,2024-06-13 08:00:00,71.5783084679139,,,42.57475332984508,224.97962891066277,,1554.0073146031,710.9563426839969,Minor,,1,8,3,164
M019,2024-06-13 09:00:00,63.60356569030547,0.2529724906085334,104.64702651411636,48.59181148186115,218.16336601751883,51.90500715253096,1748.867254368816,635.9947840218055,Major,E02,0,9,3,164
M001,2024-06-13 10:00:00,74.31189570884095,0.30742126977012507,106.4195868382466,47.422801059080854,228.7662865249839,69.56881661037261,1457.4348241749444,1463.302737883533,None,E02,1,10,3,164
M010,2024-06-13 11:00:00,71.9398986293022,0.28872855336921943,97.37946726385401,43.11092627657693,,49.67237098394078,1622.7725030193012,563.3459130835134,Minor,E00,0,11,3,164
M025,2024-06-13 12:00:00,,0.3657919755390721,91.68074852259636,62.85257928955622,220.1707083891626,49.98256245822907,,716.1009831472003,Major,E00,0,12,3,164
M005,2024-06-13 13:00:00,70.48062778429532,0.3565238305801118,85.60204534587683,46.634574478413775,,39.892910546308585,1299.331771006212,658.4963789148718,None,E00,0,13,3,164
M010,2024-06-13 14:00:00,,0.38238549273719435,108.73778592454447,43.7424448185664,217.83506612005658,44.29431613487918,1497.0676704381267,1382.8568466932381,Major,E00,1,14,3,164
M006,2024-06-13 15:00:00,64.39746958122015,0.3156634247835129,105.62452395035474,35.66752647802834,237.2655876478033,49.149071106648485,1481.9937452326799,1732.2829532092076,None,E02,1,15,3,164
M019,2024-06-13 16:00:00,65.83194421262095,0.2848838950093795,109.34791144662775,24.039471751905644,212.79690744903826,54.26762908116335,1675.7445587698132,822.4214082774364,,E01,0,16,3,164
M012,2024-06-13 17:00:00,,0.36279103598810153,94.19886912924684,48.950783235815244,,55.193305621333685,1680.6184061015576,1368.816575985082,None,E00,0,17,3,164
M015,2024-06-13 18:00:00,78.50238468364425,0.27792877678950756,106.43069138100292,47.94501479840827,216.36407078204346,52.61019179007258,1545.215963129607,,Minor,E00,1,18,3,164
M024,2024-06-13 19:00:00,66.25564364355364,0.42548957684958116,87.9785523843456,32.28803358086192,202.28878798787247,56.4327841110761,1645.711102493061,902.1019629450567,Minor,E01,0,19,3,164
M014,2024-06-13 20:00:00,72.14446443890347,,93.04405153032151,44.46753168537819,224.47176338629473,42.005256348115466,1482.4367919981098,1440.9899647860166,,E00,0,20,3,164
M019,2024-06-13 21:00:00,63.71052495882553,0.32717054232065307,101.00781773206269,,215.55100592847677,53.911333083341674,1634.3227250338416,1075.0781387176064,None,E01,0,21,3,164
M003,2024-06-13 22:00:00,70.91268104216712,0.38235229359251477,105.30566103861136,37.50599370708989,222.55232973073072,50.106824261632696,1512.0404958923245,1597.6115432505126,Major,E01,1,22,3,164
M006,2024-06-13 23:00:00,77.02153671374475,0.34465448503977986,113.4320995831762,35.480271442209194,227.91775170057497,50.99916423906499,1631.7209551348492,306.72389667578875,Major,E01,0,23,3,164
M024,2024-06-14 00:00:00,,,98.07948747681276,49.86098005325827,221.87678707350472,47.101449583812986,1643.929242527442,906.0095492136398,None,E01,1,0,4,165
M022,2024-06-14 01:00:00,70.50579176433719,0.2756999070427396,93.07400222568748,42.290259581395794,222.62639076723596,42.37575728352306,1585.9740936994667,1381.0985995449837,Major,E01,1,1,4,165
M017,2024-06-14 02:00:00,65.22122761022369,0.42403960927052303,92.66280897734856,37.908076902866895,213.0564806095434,40.27877625493906,1411.0094561264095,1376.0780123454408,None,E01,0,2,4,165
M010,2024-06-14 03:00:00,,0.35587190434912075,,34.659935691157166,225.65460288686367,52.565374403244945,1449.5347292997112,1406.7741006779277,Minor,E03,1,3,4,165
M005,2024-06-14 04:00:00,82.54866549728604,,117.76821437180095,43.44017921084957,218.48252788967784,53.9828133877527,,,Minor,E01,1,4,4,165
M022,2024-06-14 05:00:00,72.4375493503028,0.3746478446700616,106.05498864907567,56.09380282643723,204.01257114159574,48.963437791170655,1607.2152484469577,742.3502008060617,Major,E00,1,5,4,165
M020,2024-06-14 06:00:00,65.98615340009641,0.31085188260911756,108.90025480289967,47.4796808905618,,49.88149180515258,1519.0068168566665,888.3540660216896,Minor,E02,1,6,4,165
M007,2024-06-14 07:00:00,70.11136830049205,0.2887850033243852,98.08811530256085,42.15453573630436,229.0638628234601,44.238314175506765,1462.5250645151948,2126.5539319214,None,E03,1,7,4,165
M015,2024-06-14 08:00:00,62.41543427300063,0.26985890920563077,99.98681054081003,48.701885094821044,231.8489796444678,54.02449401390609,1522.966653615506,696.2490945775188,None,E00,1,8,4,165
M016,2024-06-14 09:00:00,65.91504184715873,,105.5941160476682,61.3726201760112,237.36658401924979,50.485004698651586,1466.582919614978,633.7715990334752,None,E02,1,9,4,165
M012,2024-06-14 10:00:00,80.16203843427871,0.21241511395962545,95.95360995375249,50.884968422161585,226.18827638102206,47.07508933965906,1467.25062272,1471.9565495039008,Minor,E04,1,10,4,165
M024,2024-06-14 11:00:00,,0.29137275478923563,97.6695369076266,48.1224117788743,224.1117769421483,56.92866717691502,1735.2040159530077,776.2921554300545,None,E00,0,11,4,165
M004,2024-06-14 12:00:00,83.34438105660723,0.3584088736137869,94.60236546988928,52.66235405111861,,55.16015555307267,1442.9415584843296,1916.8854427651866,None,E00,0,12,4,165
M007,2024-06-14 13:00:00,71.42791296902367,0.46048541482324473,96.42005840194308,43.103835161731965,212.90403882654493,37.7130484215812,1560.9346167870708,,None,E00,1,13,4,165
M003,2024-06-14 14:00:00,71.78412782285102,0.3887700737445223,100.39182890002658,47.20881384923427,206.62424455084118,50.393203822496275,1518.350912132079,1103.6241614676728,None,E01,0,14,4,165
M018,2024-06-14 15:00:00,75.84536495125273,0.2907782769127038,93.42631899068832,39.132534913447856,216.1839295319646,42.334109224943454,1352.8143409695215,1323.7808582457521,Minor,E03,0,15,4,165
M017,2024-06-14 16:00:00,55.964474506683594,0.457054741787477,102.28783183303509,26.39336014397363,230.21795341882412,51.116172840257704,1348.6778102024095,470.1370728796205,,E00,0,16,4,165
M025,2024-06-14 17:00:00,73.22963594192144,,102.27665396440894,49.114030228648126,214.71120694252446,24.78523087536728,1490.2659088811456,,None,E02,1,17,4,165
M014,2024-06-14 18:00:00,71.70608107163429,0.3685735315748608,98.56601085715053,49.160161013226436,223.72488470127294,51.57715259697319,1265.6766274171162,304.5452876981669,None,E02,0,18,4,165
M004,2024-06-14 19:00:00,80.91623336109089,0.38414492520265503,93.38032115549264,,224.58637842172388,55.695870566729134,,664.1854320109007,None,E01,0,19,4,165
M012,2024-06-14 20:00:00,77.7880763649817,0.2883219091759691,100.83970439161489,57.429852823221196,221.9541210995353,49.11366858930993,1456.6062347572472,1247.4369035085233,Minor,E01,1,20,4,165
M003,2024-06-14 21:00:00,65.1978498867192,0.3988315136321777,95.96076349638567,36.340760149660404,209.77894115865246,40.68225195585474,1446.817011485617,1419.0628931542067,Minor,E01,1,21,4,165
M017,2024-06-14 22:00:00,79.45283171176548,0.3140276909741328,100.37275333684828,23.74338705762376,222.74164596889744,65.6509625668397,1646.7676467177355,606.4408184603485,None,E00,1,22,4,165
M017,2024-06-14 23:00:00,70.42611284651403,0.3986599699262575,108.78501973922748,36.63460984973764,216.62757229001582,,1483.113667456127,982.9865519262619,None,E00,1,23,4,165
M022,2024-06-15 00:00:00,66.57328064222374,0.22122831551896535,89.97647906316774,26.508728369376165,233.622889537645,,,535.370920640628,Critical,E00,1,0,5,166
M009,2024-06-15 01:00:00,73.18261950522721,,117.38789069514701,,229.09502770348172,47.91180947624503,1431.2898463731822,,Minor,E00,1,1,5,166
M008,2024-06-15 02:00:00,,0.32115253291144763,99.41981126569807,35.97506556353255,216.90965539268714,34.151753341227476,1505.4520124676858,879.698299910134,Major,E01,1,2,5,166
M002,2024-06-15 03:00:00,81.23079188417114,0.4304792648077475,103.29471419124737,56.81627030994933,234.12589182793042,53.78720530951475,1616.2173788555824,945.7210794805034,None,E02,0,3,5,166
M011,2024-06-15 04:00:00,74.04373217094727,0.34692134891603343,93.97799927806533,56.56558563071353,222.74969127433488,39.04609043749767,1396.582407443824,1460.4865129424202,Major,E00,1,4,5,166
M012,2024-06-15 05:00:00,73.23395352531604,0.4374460673604083,109.13769239633318,,206.62690774846283,55.330923488096246,,1312.6276754882572,Major,E01,1,5,5,166
M019,2024-06-15 06:00:00,77.40388249713264,0.3855328935523136,98.99498824439463,35.30271764093623,219.37355773754908,58.20753538940561,1210.0186153503955,1424.4747810302981,None,E00,0,6,5,166
M019,2024-06-15 07:00:00,78.55722970855628,,96.84705352160661,,233.08222342369817,49.43789034444647,1651.8605726856217,1148.3197265792703,None,E00,0,7,5,166
M004,2024-06-15 08:00:00,76.7016305657838,0.4051368516730006,95.3958798297954,56.75807737737588,213.4412919774779,41.484369865089405,1433.2300319442847,,None,E00,0,8,5,166
M008,2024-06-15 09:00:00,80.51678083688972,0.4055840925168985,97.85206379368644,20.84855266052246,219.45408075891416,59.9921338751342,1489.7211021656335,1185.961517529775,Major,E00,0,9,5,166
M013,2024-06-15 10:00:00,,0.38303370031438494,103.34677858362326,48.3800504403547,209.12122945788957,50.01735565386848,1488.2455668629718,1003.4457746626565,None,,1,10,5,166
M009,2024-06-15 11:00:00,73.00590878836022,0.1895389037762371,101.3824855250446,20.0,,50.74580303939558,1383.0171836952609,,None,E00,1,11,5,166
M001,2024-06-15 12:00:00,79.43503237252817,0.2812207656464921,99.68112213511782,,213.3260820487684,42.54772957157691,1373.804359708552,1030.6313273238547,Minor,E00,1,12,5,166
M022,2024-06-15 13:00:00,71.45462315950716,0.44688740925541465,94.30862865640144,58.12388169475477,,51.54443150681478,,1068.2043541968135,Minor,E00,1,13,5,166
M019,2024-06-15 14:00:00,72.19947909806797,0.26208379011953137,93.84661220860019,81.11724160103233,215.05380732238038,48.37669941983676,1568.2002580020796,1627.307915720983,Minor,E02,0,14,5,166
M014,2024-06-15 15:00:00,82.32946150378149,0.41177228050460646,96.31300573936215,42.13411399021239,,39.372097565782816,1393.767183049626,1589.635083929427,Minor,E00,1,15,5,166
M008,2024-06-15 16:00:00,81.73154476773139,0.3994516859745768,,,219.71141947200726,,1564.9276476870616,1081.1447821506101,None,E03,1,16,5,166
M022,2024-06-15 17:00:00,71.95094515846006,0.2991973346892579,,,226.28417360729682,64.07300084253299,1566.947301008744,1549.1428353750007,None,E01,1,17,5,166
M001,2024-06-15 18:00:00,69.2786905361663,,106.37635357518415,45.79283625648365,228.7325521352647,58.14561862296107,1454.6137083412316,688.7311353528589,None,E00,0,18,5,166
M012,2024-06-15 19:00:00,80.77904100125099,0.3101761181436451,99.98826485168954,36.95710512553349,211.1325082810255,56.950665488188456,1344.7805476978376,1083.464525888447,Major,E00,1,19,5,166
M021,2024-06-15 20:00:00,76.80251014749129,0.49546105305431076,103.06849552734259,33.90211588824234,213.34790070059245,64.12083328472423,1495.4948023838756,899.2796534227917,Critical,E02,1,20,5,166
M024,2024-06-15 21:00:00,73.89348752518418,,98.65239436093671,39.877799922331874,226.12654981968691,41.62001800782089,1543.809826578795,1199.2997984500216,Major,E02,0,21,5,166
M007,2024-06-15 22:00:00,70.06876373886033,0.29440198587805105,86.06161607257306,49.746927194702906,214.92573595589164,41.52397270108536,1492.9361950822058,,None,E00,0,22,5,166
M017,2024-06-15 23:00:00,73.99017947228756,0.2801692312783121,98.27258568368481,42.967092731323845,225.59669737299708,46.68484679475782,1428.9007123515557,1422.2708593443967,None,E00,0,23,5,166
M005,2024-06-16 00:00:00,71.86974924067378,0.43503491335846634,96.99738699713798,34.42076639888361,233.41857936830118,52.382834938874225,1556.0363278464247,1367.8519557618238,Minor,E00,1,0,6,167
M003,2024-06-16 01:00:00,68.01397092256202,0.33299590018624253,91.68763836456759,36.95925000377047,,47.659009291178336,1651.8389401778204,1254.996662992752,None,E02,1,1,6,167
M009,2024-06-16 02:00:00,72.77425397152341,0.30618656397356026,95.46084659397756,40.03369740395481,,41.840061523242056,1407.5643762715574,1136.2524753177563,Critical,E01,1,2,6,167
M023,2024-06-16 03:00:00,73.59254427383765,0.44894318120367455,101.08073131432782,33.006883228989395,218.41382901831247,50.045250705686676,1464.2390966761127,1680.4749266941851,Major,E00,0,3,6,167
M018,2024-06-16 04:00:00,69.74762959847861,0.39056458615548756,90.9340257145194,36.51426004334682,215.78906839143664,49.24496202631138,1829.1771121535294,581.3889516909453,Critical,E00,1,4,6,167
M013,2024-06-16 05:00:00,77.42295413165711,0.2856496830802818,94.31371622867353,52.72363200724489,215.1362079466756,56.73059116694563,1534.9041195700272,,,E00,0,5,6,167
M008,2024-06-16 06:00:00,79.73299435386593,0.26434912622567536,112.38321612442175,42.236148465294114,,,1347.983169949538,1364.512827969072,Minor,E03,1,6,6,167
M004,2024-06-16 07:00:00,77.81938616193247,0.43107189754159814,87.17834939295756,23.95815649099178,219.8779941923055,34.76351084053228,,1811.1526019002968,None,E00,0,7,6,167
M007,2024-06-16 08:00:00,70.34250968871604,,98.53454272314316,57.29938438877969,221.31907841306972,53.08374471077926,1409.1695050967376,1061.6651640160992,Major,E00,1,8,6,167
M004,2024-06-16 09:00:00,76.53492902513022,0.24156551861007208,90.66952507388731,,227.62728674114385,62.654283202897034,1545.6471862553974,1095.6282607999876,Minor,E01,0,9,6,167
M005,2024-06-16 10:00:00,72.46776838476025,,93.98690561739113,28.402404435033624,219.79905064951998,50.231418352928735,1536.927260925881,684.0325491517399,Major,,0,10,6,167
M018,2024-06-16 11:00:00,64.58552412860429,0.27187728993601684,98.41810216305508,40.61545192663324,228.9453995784078,,1423.621537775875,983.3925937698084,None,E01,1,11,6,167
M004,2024-06-16 12:00:00,76.03637627098648,0.2632360788327879,92.09939101896985,35.49481405130654,215.26559938601383,,1722.7573188494894,1483.2922665486044,Minor,E00,1,12,6,167
M002,2024-06-16 13:00:00,72.87678984574168,0.20677461203689942,104.59144492293143,53.122868508955584,210.38909729910705,54.52599248304302,1510.2159990819066,1831.7174597981036,Minor,E02,1,13,6,167
M014,2024-06-16 14:00:00,87.56128801241584,0.27303451093460523,,40.54017328742814,217.56196772470466,44.04328624597464,1445.312395659991,1082.685742815003,None,E01,1,14,6,167
M008,2024-06-16 15:00:00,80.74362517967135,0.28566436068493023,106.73342508882185,44.12671999336846,223.6999412365759,48.02800781050624,1353.4653866196054,880.4102850279097,Minor,E00,0,15,6,167
M012,2024-06-16 16:00:00,76.26690094160715,0.31761230981308003,108.19690494176695,42.72966696189292,226.88373362515807,48.09097907603909,1392.6281496458607,1227.9004991162433,None,E02,0,16,6,167
M004,2024-06-16 17:00:00,73.49502300772907,0.46850370315893985,88.96211456776949,27.238385643295288,231.68186868498032,53.813520770595815,1350.4771416147123,,None,E03,1,17,6,167
M006,2024-06-16 18:00:00,72.98233353034811,0.3313209709531208,98.05543182544693,61.864754015485865,222.3216024318695,43.406745506462045,1477.1318333854126,1694.2327866695337,Minor,E00,1,18,6,167
M012,2024-06-16 19:00:00,65.97786357820135,,,52.94796068620224,226.02420804667065,38.28092172355194,1393.8043588718301,707.7068161249908,None,E01,1,19,6,167
M018,2024-06-16 20:00:00,61.56607663680054,0.38564787546592594,106.9695273129163,36.03139678740158,230.95023493905168,53.7608974450261,1594.0780795974913,1325.516903352345,Major,E01,1,20,6,167
M011,2024-06-16 21:00:00,66.76464534551062,0.33338773502534075,114.0268239408786,47.30234305194411,213.7660248148913,,1429.868143431118,1319.5976555379832,None,E00,0,21,6,167
M014,2024-06-16 22:00:00,71.71369789097741,0.37801070747206955,108.55231673303156,56.68941497816866,218.31887200487265,50.89989224241266,,1451.0961770109238,Major,E00,0,22,6,167
M014,2024-06-16 23:00:00,59.36676433074609,0.3696430413866213,107.17190898939107,45.6688921530911,242.16730568426362,57.463106865161095,,1302.2368445084048,None,E00,1,23,6,167
M007,2024-06-17 00:00:00,68.7340692463635,0.358581199591947,,63.681050240017086,226.85111153842058,48.37889224513322,,1201.0851160185448,Minor,E00,1,0,0,168
M007,2024-06-17 01:00:00,,0.5436526259093271,100.77047265285837,80.01421010301367,224.08560246957097,52.25079550284632,1607.6098866091554,1371.4394548395474,Minor,E02,1,1,0,168
M011,2024-06-17 02:00:00,70.70744067908726,0.4137788090831046,,43.486539169063406,,47.200650049509136,1739.1988134677097,1533.8758132504497,Major,E02,1,2,0,168
M001,2024-06-17 03:00:00,68.02965841087114,0.2742794610705288,101.41886322928359,38.00964308350962,209.31458283488516,47.931106917654496,1398.1203135794892,1918.582588625819,Minor,E00,0,3,0,168
M018,2024-06-17 04:00:00,69.9509171137116,0.3759155530332414,92.67957795450559,33.127088975751306,214.8253885713467,52.72173136871033,1601.5199132082812,758.9920884854341,None,E01,1,4,0,168
M016,2024-06-17 05:00:00,82.34336296874316,0.2945784235338196,100.54107028614246,,211.90161696417562,,1547.7742791706505,464.38064795835095,Minor,E00,0,5,0,168
M008,2024-06-17 06:00:00,75.97287168894361,0.38123755348418975,86.18518244978014,59.97774061739573,223.34886655767332,55.93838084196596,1627.59365606171,581.2427780519985,None,E00,1,6,0,168
M010,2024-06-17 07:00:00,68.6381953386111,0.25373688080242107,95.76384770745756,40.75807427924062,217.04827148071777,54.38887399739806,1513.295703125763,474.6900600724966,None,E00,1,7,0,168
M009,2024-06-17 08:00:00,71.58991326982822,0.27245543863412147,99.07732894347527,55.5042689696408,220.76310791304337,56.18751525654512,1641.121356424305,720.1271139437797,Minor,E00,1,8,0,168
M017,2024-06-17 09:00:00,71.8301199860864,0.3740735293743089,,57.91742605066584,217.5118700216094,31.217777062452978,1345.007623934301,669.354755081409,Major,,1,9,0,168
M019,2024-06-17 10:00:00,67.3922673975591,0.4198368379518618,108.88872435509089,32.028357240827745,206.98875258011492,52.55342271003487,1379.482971509367,1033.453236907658,Minor,E00,0,10,0,168
M003,2024-06-17 11:00:00,67.38521869353687,0.3851851044127109,92.29106348199134,33.83022966305772,227.07981149723219,57.283789534793414,1431.6947710535455,,Critical,E03,1,11,0,168
M011,2024-06-17 12:00:00,78.06314412196028,0.40978821341746524,116.60826747170873,65.93624267340519,205.90242850289647,50.675412895773995,1491.0300346006788,1450.5941503237489,None,E00,1,12,0,168
M001,2024-06-17 13:00:00,69.4812937348991,0.3761672991134692,101.18698782751602,44.15921820247678,214.17882608582948,49.65459176036443,1505.5627160343965,951.1074323966461,None,E00,0,13,0,168
M012,2024-06-17 14:00:00,,0.3620747269322632,101.92035972824615,37.07654955457556,209.4762217600951,42.480488872645566,1411.1967280990293,985.6564235322714,Minor,E00,1,14,0,168
M007,2024-06-17 15:00:00,71.74115793558335,0.3147414708019094,87.05845212009338,32.457920461149406,212.96207063834484,46.532716859873915,1381.0953015260525,2004.3105302520153,Minor,E01,1,15,0,168
M009,2024-06-17 16:00:00,72.70805851877473,0.4069101266101758,95.03954087903955,43.302530635186656,221.61486850255795,43.33203637174063,1421.3651834206087,1437.9139918375295,None,E00,1,16,0,168
M012,2024-06-17 17:00:00,60.163774654836985,0.42174154629786487,108.39859049225983,63.09473305173932,229.88018368482255,57.99605476251297,1294.8831929841112,,None,E00,0,17,0,168
M009,2024-06-17 18:00:00,71.75552185309684,0.3455819016069157,101.35822770170479,53.225255781157514,207.5120400885304,62.01334230837313,,1248.6007098557247,Critical,E00,1,18,0,168
M010,2024-06-17 19:00:00,77.20787960608956,0.3418151770754939,100.862517810023,47.18114815572953,215.54233585359256,65.4805285637559,1492.991232868614,1084.3011806119875,None,E01,0,19,0,168
M020,2024-06-17 20:00:00,74.707376313131,0.46139840682055655,101.81737736460384,64.06225132309258,206.00764565645895,43.20004497141835,1552.9243739638985,2001.2551989924966,None,E00,0,20,0,168
M021,2024-06-17 21:00:00,85.37877069116982,0.3485704754128644,88.45436555931161,61.74930197964608,215.1567037944472,44.652700316512636,1520.024606209755,1124.061276557859,None,E04,1,21,0,168
M001,2024-06-17 22:00:00,79.50665689387307,0.3552980109256178,99.2271315727881,,220.5751365490636,44.00243868753596,1715.2077781293776,1259.7182983332218,None,E00,1,22,0,168
M010,2024-06-17 23:00:00,80.69360414850512,0.38389581354270264,111.26664284238097,,,41.85155094705394,1597.4848012321493,540.473177435467,None,E00,1,23,0,168
M022,2024-06-18 00:00:00,88.80051561548596,0.34315356208320924,108.69366097652394,,203.05150410822316,41.98065446342711,1588.4776023531692,945.453671124684,None,E02,1,0,1,169
M014,2024-06-18 01:00:00,76.54893757064758,0.2925761774079833,98.99840446307522,58.17634196591032,224.40441455939617,45.87604098975262,1543.7642160588553,979.7128982235142,None,E00,1,1,1,169
M006,2024-06-18 02:00:00,72.9784212475962,,112.50934939489244,40.28404073949447,212.2188799274239,56.995820209656124,1564.2870209424534,1394.5174550377367,None,E00,1,2,1,169
M015,2024-06-18 03:00:00,77.84244176058799,0.34728714929843746,89.92721194585285,55.83418123703306,210.2704737824515,44.25731801203187,1473.5112360344297,889.912367571033,,E01,1,3,1,169
M004,2024-06-18 04:00:00,68.64458139963004,0.4789574829532147,92.22641868114992,42.019353797222685,220.53990156073397,58.42464175810878,1511.9545894422815,,None,E00,0,4,1,169
M001,2024-06-18 05:00:00,72.64611791696981,0.4051913985204663,114.90897901725846,50.536419791004256,225.01717043598055,60.93974280501918,1730.58684895405,957.4580529332552,Critical,E00,1,5,1,169
M016,2024-06-18 06:00:00,68.11363414153011,0.3083162399489899,104.62378494646819,73.68163091859061,219.19636211893632,52.28077192715103,1491.5934516637992,759.7434667521931,,E00,1,6,1,169
M013,2024-06-18 07:00:00,74.38790734537729,,97.68890126318149,56.42222161657529,211.2549548434232,59.83304681534954,,743.4828900693145,None,E02,1,7,1,169
M019,2024-06-18 08:00:00,68.08854547188108,0.37155060843116855,99.55745147171803,50.722093352278215,219.19215199085713,,1583.6169549669482,1130.6411443483862,Major,E01,1,8,1,169
M009,2024-06-18 09:00:00,67.8784290008297,,,35.703566493859306,214.19857173200214,45.534507430005576,1605.0250389388927,1241.2252327012782,Major,E01,1,9,1,169
M022,2024-06-18 10:00:00,,0.3132882051019672,102.21274081445956,47.25874445403871,224.8322597996392,,1518.5428117040813,1122.509979373555,Minor,,1,10,1,169
M011,2024-06-18 11:00:00,71.17373135531659,0.36320733038516667,101.57910757049177,32.903969981105796,,51.78587216384711,1274.5985458553957,866.8548018480931,None,E01,0,11,1,169
M019,2024-06-18 12:00:00,60.434873185699516,0.3430634445635255,100.15907767890153,55.643716178844386,228.0916959270782,61.4338601988504,1654.3927671489287,1144.897505438829,,,0,12,1,169
M003,2024-06-18 13:00:00,63.26665847212746,0.35409355961408095,90.72195027831123,55.342531676278085,219.84201201615988,42.00923720155801,1527.5888071639201,1070.9153294862033,Minor,E02,0,13,1,169
M003,2024-06-18 14:00:00,65.11640105123122,0.2880360735697235,102.11804888855129,42.84437464903692,228.9812854764979,45.704355411307255,1462.768984723559,783.2530703777987,None,E02,0,14,1,169
M020,2024-06-18 15:00:00,66.70216856331615,0.39031381675392235,95.76390854062375,64.96238384260451,211.83215770702722,49.32013543415429,1642.5670962723982,,None,,0,15,1,169
M021,2024-06-18 16:00:00,74.48653997687182,0.3792574993094648,92.1121819160865,63.2747528324399,234.26293065939834,,1257.04338499038,1924.1307717306045,None,E01,0,16,1,169
M024,2024-06-18 17:00:00,73.31363308242982,0.43996565318452563,110.13393993229889,46.795759181351436,211.78734338081503,41.658989707719705,1513.4233473459665,1140.1667758201434,,E00,1,17,1,169
M009,2024-06-18 18:00:00,78.39167623019519,0.34929819036092535,117.35777086268207,51.78613345985367,203.75904647719545,46.18759643966961,1435.1048011666858,615.5677638026011,None,E00,1,18,1,169
M001,2024-06-18 19:00:00,76.51681093765063,0.3211712344226305,115.54096103055709,37.93851338470678,,48.03578829769607,1679.0575480123741,1787.4179024665118,None,E01,1,19,1,169
M025,2024-06-18 20:00:00,78.43141773709594,0.4052506064560826,105.20098211009828,41.733833672440944,214.318924630379,61.58035572223305,1529.1459479513464,,Critical,E00,1,20,1,169
M016,2024-06-18 21:00:00,75.65037714875474,0.2944056932880221,97.87531936736647,32.063907432437134,220.93391106004174,41.8381447300838,1396.2414346167316,1773.010951737102,Major,E00,1,21,1,169
M007,2024-06-18 22:00:00,73.25807585454893,0.4259489174558771,99.43715533916303,39.259956123348026,211.75353562460577,56.52147641886559,1636.5881662923464,1183.1130570799112,None,E00,0,22,1,169
M020,2024-06-18 23:00:00,,0.42579893981895917,,43.7473336289303,238.90882725872365,,1204.9161463712187,886.5781979410224,None,E01,1,23,1,169
M023,2024-06-19 00:00:00,77.5164767504406,,96.63801798031048,25.075593040139438,234.5745413604605,45.8992428072037,1560.9482051248508,842.7896753639006,,E02,0,0,2,170
M008,2024-06-19 01:00:00,74.25657220532395,0.37636360892756454,110.55048048097916,,232.3724314497949,52.07914481369413,1348.4050101669886,1656.489697146903,None,E03,1,1,2,170
M020,2024-06-19 02:00:00,,0.31594525321815636,83.71418004537169,57.26553924631529,220.7068618981948,54.60749053450147,1444.507482881274,1842.3515850370438,Major,E01,1,2,2,170
M020,2024-06-19 03:00:00,57.92527054497962,0.3576431408413754,97.63419556810054,44.90498718108811,227.84559383800288,53.288037009379,1471.1187206467546,831.8507618984212,Critical,E04,1,3,2,170
M013,2024-06-19 04:00:00,,0.3766048226555444,106.40857193653856,20.0,219.57558349073048,50.65714577033556,1609.2134878336665,191.95734976387496,Minor,E00,1,4,2,170
M016,2024-06-19 05:00:00,70.16525720608962,0.31079008483684867,93.23872282176143,41.96408682701883,228.97761077114765,44.569392672898495,1764.4093614473325,1192.8856103019734,None,E00,1,5,2,170
M007,2024-06-19 06:00:00,78.91609726488942,0.44331814022476507,98.07880887057733,28.279365451590238,216.71512509054634,55.29965273307247,1286.4536464324544,838.2965754568143,,E02,1,6,2,170
M024,2024-06-19 07:00:00,,0.390605891729798,104.74914732994561,37.68457160955898,232.67763532589532,47.00433687727337,1553.556508039775,917.0935158008173,Minor,E01,0,7,2,170
M025,2024-06-19 08:00:00,63.29892377873843,0.2875443931274596,112.14615285630236,62.423235607542296,,50.22920747006916,1764.2947352398403,1104.7123686615855,Minor,E02,1,8,2,170
M025,2024-06-19 09:00:00,80.46700304489566,0.48180115735260437,89.64849374267004,20.0,217.22167276539753,51.40654645720567,1431.2484375948854,,Major,E01,0,9,2,170
M019,2024-06-19 10:00:00,64.97132888384239,0.3568172492619124,89.05540409796112,35.2036497013517,216.26776820246516,56.847913803529224,1423.8001161933003,887.6145431534352,None,E00,1,10,2,170
M002,2024-06-19 11:00:00,65.15270852663507,,92.43175849728128,54.95483534225871,221.53961891773346,65.42352964638305,1528.3135494533162,1254.4306133753546,None,E01,1,11,2,170
M010,2024-06-19 12:00:00,70.59428578603581,0.2918822114076908,87.69971319593472,36.576886565416075,216.89443325659315,,1599.4602015091352,1149.5383297196977,Major,E00,0,12,2,170
M012,2024-06-19 13:00:00,70.09076116720449,0.4541448518015741,88.26897235670823,35.658837873936896,223.8980445536557,50.42059776738991,1578.9117648700933,277.86070589349555,None,E00,0,13,2,170
M024,2024-06-19 14:00:00,62.64949632169874,0.4777489441351775,92.2187104184424,69.38887402329033,216.1521041327892,38.12466413877647,,1417.9900559346147,None,E01,1,14,2,170
M014,2024-06-19 15:00:00,75.8992678409554,0.4206639537436643,109.86794838596794,49.540648720926285,226.32630816947227,61.85153539112442,1403.6955644594393,1019.598033186631,Minor,E01,1,15,2,170
M014,2024-06-19 16:00:00,76.07641454835961,0.44235160540109947,97.50338545544994,56.21162893238371,232.1469361448685,50.350795566944235,1657.935593344497,694.4549648355265,None,E00,1,16,2,170
M004,2024-06-19 17:00:00,78.32424957698203,0.43516308211590277,100.25100084925285,50.93603661449063,,47.6025797617895,1407.0515088432633,909.6008127051037,Major,E01,1,17,2,170
M020,2024-06-19 18:00:00,69.39926802133282,0.3889841306934846,92.35628594596658,,,50.41780847795766,1270.0577933125899,1281.1862810893292,Critical,E03,1,18,2,170
M009,2024-06-19 19:00:00,71.7625037101653,0.3730329251467648,105.06829660051666,60.16829891966548,229.0202347429736,50.822108095958775,1325.5925376452926,1218.493245973786,Critical,E00,0,19,2,170
M003,2024-06-19 20:00:00,71.81743701058414,0.3877904236133625,115.00611222266218,67.86415925360744,237.1058920941992,44.145284298730246,1430.8632210414507,1457.7730288093726,None,E00,1,20,2,170
M025,2024-06-19 21:00:00,82.12797264881078,0.4015210810200306,92.89896092768463,24.79779690467226,219.51040858358527,59.50376176364044,1679.1006634094517,1374.6334334106248,Critical,E00,1,21,2,170
M005,2024-06-19 22:00:00,,0.2980881395431521,113.79798696859787,44.576191725755436,206.70832639773386,55.157917831241804,1357.396554306485,731.3586240676627,None,E00,0,22,2,170
M001,2024-06-19 23:00:00,66.25833390606537,0.4012371110518477,102.91539506534276,44.481615019218864,214.35090220591425,56.27336275837857,1682.63017990972,,None,E00,0,23,2,170
M002,2024-06-20 00:00:00,72.03324505675079,0.4521031793107912,100.13490799430969,39.84867317625302,215.16690647866187,44.5599229975881,1656.8182679356753,1248.3621435548207,None,E00,0,0,3,171
M012,2024-06-20 01:00:00,,0.3355539300169678,103.20099065860192,56.77272755368126,212.37579640990364,44.12709016788446,1527.0277386092584,1452.3804831943419,Major,E00,1,1,3,171
M003,2024-06-20 02:00:00,70.4500778563733,0.3280726550274742,103.12421199173612,48.082652190228686,202.43276282960807,49.09159427516663,1194.1086902132638,1119.0222765681672,None,,1,2,3,171
M022,2024-06-20 03:00:00,71.24354678178054,0.3833582416467066,114.85683535250595,68.10567437331335,228.19717392569805,,1357.9128825399437,1464.2417895284632,Minor,E00,0,3,3,171
M013,2024-06-20 04:00:00,,,104.1617658545738,58.20319691155323,205.1198467058847,54.01356641978262,1423.9756495938277,799.3428728135178,Major,E03,1,4,3,171
M009,2024-06-20 05:00:00,72.38681355661603,0.25782269683607456,104.32885736912777,61.37642925346588,227.43103427072248,43.77852287254188,1707.6842090880593,1061.5923749114265,None,,1,5,3,171
M001,2024-06-20 06:00:00,75.76889566654688,0.43034033280736245,96.62800144029964,30.610029360165193,237.4843997557588,55.34208853361119,1431.6998581350686,831.7693514686105,Major,E00,0,6,3,171
M012,2024-06-20 07:00:00,70.58240132981399,0.31843341179835966,106.71261709171523,35.32696891179537,213.77333382116515,42.223032609386905,1407.2481395933203,1478.9191677735118,None,E00,0,7,3,171
M004,2024-06-20 08:00:00,69.28083159618758,,92.34522421101612,,223.10056392907228,44.70704732134341,1522.596234252002,835.8396818160339,None,E03,1,8,3,171
M025,2024-06-20 09:00:00,71.00541050007676,0.3072912471294354,100.87203191663676,60.877425627005394,216.81094166964218,51.2617868610696,1330.8569208240742,2023.9396944362425,Minor,E00,1,9,3,171
M008,2024-06-20 10:00:00,71.95538192012647,,123.06626844624662,33.39388456641829,226.6166075741982,40.62821425379803,1497.0454205341662,,Major,E02,1,10,3,171
M012,2024-06-20 11:00:00,61.55808260799347,0.409722331079881,79.96648064282967,33.74478780947086,210.44471370795893,42.29177177746534,1404.1731189243385,1519.2723001563252,None,E00,0,11,3,171
M001,2024-06-20 12:00:00,74.76932350776767,0.33314823211924094,101.86517597068361,31.543734991193332,218.94567136327578,62.41697237785996,1822.5299736351703,,Major,,1,12,3,171
M004,2024-06-20 13:00:00,69.29399262331923,0.26740718446660733,102.17298336703118,78.03632662654503,,60.930127802845576,1389.8851328040337,1735.048601190537,None,E00,0,13,3,171
M006,2024-06-20 14:00:00,,0.32571491365992594,98.17528766010238,43.293217084006514,219.60903576137707,68.31772705026634,1731.592159863885,1719.8036572459018,Minor,E01,0,14,3,171
M002,2024-06-20 15:00:00,75.54632085385485,0.38991068899647996,98.36384591146056,51.35865619870877,206.970978497952,53.60458323301919,1363.179958647765,1070.4936117712684,None,E02,1,15,3,171
M019,2024-06-20 16:00:00,,0.36320449928558357,100.73127818529187,31.31259218405757,229.93322733640528,55.158114850071776,1531.533050058767,1309.8797622682146,None,E00,0,16,3,171
M024,2024-06-20 17:00:00,65.93397723771055,0.35763686311163906,97.98397379628375,56.511100799039745,209.63219271706916,48.76033891790357,1560.0376799847022,1709.5830581081666,Minor,E04,1,17,3,171
M025,2024-06-20 18:00:00,69.77168015287545,0.3648189131628868,101.77583783056804,23.716000497090157,220.62987314571376,47.19646001316062,1517.0117493227654,1321.7319581500547,Minor,E00,1,18,3,171
M007,2024-06-20 19:00:00,64.54524907525554,0.4031157362048712,96.09911435346481,33.251967057594676,224.66115437487207,56.97532411555909,1509.6480945166463,831.709732580185,None,E00,1,19,3,171
M020,2024-06-20 20:00:00,67.76885274642405,0.34706985571544685,116.17914254997663,36.223513206336,220.95880254588127,60.89581711846595,1603.374784092544,1228.0263912711353,Minor,E02,1,20,3,171
M013,2024-06-20 21:00:00,79.51263254705155,0.3815009415321652,97.98389005362118,47.626458462099286,240.29949713733535,56.293227971508344,1550.0841540905164,900.7109922434807,None,E00,1,21,3,171
M002,2024-06-20 22:00:00,80.92494346753497,0.2809156554578431,104.55689126099773,35.48301223095369,225.87050728857557,43.281489419468656,1479.2517160966459,1260.397916243192,None,E02,1,22,3,171
M003,2024-06-20 23:00:00,65.11120023117324,0.5287695543882728,94.64771120125427,63.28797721314801,,53.132992177102366,1419.068011913421,885.0109362443261,None,E01,0,23,3,171
M014,2024-06-21 00:00:00,69.2503339900963,0.33012984764786213,107.46514424320918,51.03867845311709,224.82130323678345,43.83879529942223,1480.110878610467,1349.122254402418,Major,E00,0,0,4,172
M011,2024-06-21 01:00:00,,0.3642515105518784,105.86774229881068,36.724758886988596,221.67955702885885,,1478.6294412973675,484.4832781143053,None,E00,1,1,4,172
M001,2024-06-21 02:00:00,75.51363385085868,0.3896525867350347,103.35408189225735,,220.35495530084216,63.08981317866248,1476.2682127245275,751.2077515876523,None,E03,1,2,4,172
M024,2024-06-21 03:00:00,61.441138418781044,,91.78131715025184,40.280585144723304,,40.40335271708699,1509.143942711446,882.7105398493849,None,E02,1,3,4,172
M019,2024-06-21 04:00:00,62.38199951082937,0.3505477355974624,93.98077567549183,37.91476035311865,216.5273041967031,67.34957276348514,1330.881346298883,1135.9143644217856,Minor,E04,1,4,4,172
M013,2024-06-21 05:00:00,74.93775686323441,0.3496972692259742,113.48938388596945,55.74978776994353,221.70321330903926,54.39627480503026,1376.6905541654771,595.1672550152294,None,E01,0,5,4,172
M025,2024-06-21 06:00:00,60.305768586492455,0.2860173335198636,93.89221033831457,,215.95607089475288,46.27109787285055,1599.8128515957253,846.6174105570749,None,E01,0,6,4,172
M025,2024-06-21 07:00:00,69.31921556316678,0.3807012597877747,105.12721736170003,53.81780480074451,204.8304299374055,50.545728971552315,1229.9498529281593,1511.2484110402513,Critical,E00,0,7,4,172
M025,2024-06-21 08:00:00,72.97255085135305,0.2345544713218888,92.44262935854958,36.4428624694361,229.12160488610164,,1643.6438412839807,1558.8660196092032,,E01,1,8,4,172
M007,2024-06-21 09:00:00,74.49399581959871,0.47268959096916296,108.06706588481416,36.42471235617154,215.47641738052315,45.62468786833141,1432.9295165112526,186.55009701566564,None,E00,1,9,4,172
M023,2024-06-21 10:00:00,71.14969142673701,0.4055079619484875,94.50882114002093,68.49764321907267,221.13109629866236,50.586366348211854,1700.3366154754758,965.3017460519741,Minor,E00,0,10,4,172
M013,2024-06-21 11:00:00,69.80545968571482,0.39473856503573634,92.29449689968,38.625446738762285,213.91662082789765,47.368632274555566,1647.1458654666642,1709.9344652910033,Major,E01,1,11,4,172
M019,2024-06-21 12:00:00,77.06742515829887,0.22843505212967305,94.30126018642478,56.4709755931487,214.15811070254446,,1460.712007715505,1354.4154237556975,Critical,E00,0,12,4,172
M022,2024-06-21 13:00:00,73.71123555819455,0.2945229928694885,95.56957922671181,48.35093674998028,211.68808690184878,48.22871609583804,1473.1540325901167,1362.939529209932,None,E00,0,13,4,172
M005,2024-06-21 14:00:00,68.11790026829124,0.44725415845635375,103.23738683939376,49.59589230419488,227.58637566298802,39.48308177624715,1691.191301494152,1425.6588548558643,Major,E02,1,14,4,172
M012,2024-06-21 15:00:00,72.22633738009343,0.6405868977927721,100.55506964910226,41.99349290607502,229.51777277915335,39.825482707479125,1652.7881110120686,816.4278360791633,None,E02,1,15,4,172
M004,2024-06-21 16:00:00,74.29901413593716,0.4336284725539921,91.23875136069735,41.36741397188523,220.20747651652485,39.743569664798834,1616.7288230211561,,Minor,E00,1,16,4,172
M007,2024-06-21 17:00:00,82.30942344870829,0.42258603871756656,99.77642388960943,63.33586068194271,215.7067381592139,63.370596807355774,1637.3029495626306,1388.6935292381509,Minor,E00,1,17,4,172
M011,2024-06-21 18:00:00,76.71794200974948,0.38674819596799315,90.85198874167124,56.165520837458786,206.45543948519048,53.24499203009534,1369.4973712739666,,Major,E01,1,18,4,172
M022,2024-06-21 19:00:00,79.28734113572366,0.29067519630028804,105.14845892000784,39.00382849678741,226.3634494733746,54.76685641934701,1524.6356760218473,1042.5468246573244,Critical,E00,1,19,4,172
M022,2024-06-21 20:00:00,68.33635562220222,0.4196621858240231,106.61522319097925,32.44948631172686,214.58754344672565,50.09008773983105,1407.5547958037932,1180.7655207080197,None,E00,1,20,4,172
M010,2024-06-21 21:00:00,68.85490256246999,,99.8084212916051,37.98631519943202,211.06191462051552,54.05025707189073,1366.4124560032367,743.9421575762639,None,E02,0,21,4,172
M009,2024-06-21 22:00:00,,0.2652590384402102,102.17322722394209,56.77794324060942,220.2341073720337,59.4067675302505,1519.6665298421954,1445.6626659894862,Minor,E00,1,22,4,172
M014,2024-06-21 23:00:00,71.13856412017101,0.2608529472193057,114.01699288531528,59.1443012959969,217.32699447093052,53.262555335586455,1450.3388898499356,625.8661391326258,None,E00,0,23,4,172
M023,2024-06-22 00:00:00,65.95185025318266,0.4183005852551115,98.73917606086304,51.659323224191176,,63.122640212206846,1480.0500437752426,873.4963015974444,Minor,E00,0,0,5,173
M025,2024-06-22 01:00:00,79.59560175934091,,92.44593639959288,25.598748825498994,208.95423519516294,49.702516760724265,1439.9957906238835,1472.714010723067,Major,E04,1,1,5,173
M006,2024-06-22 02:00:00,77.30010982655276,,104.63356188750232,54.04534896634457,222.69234538214235,54.79130046913572,,1316.1025606125668,Minor,E01,1,2,5,173
M005,2024-06-22 03:00:00,70.16593283219096,0.3489217244064521,,60.64293844323484,214.75446931559094,55.632105062787915,1703.6151711956172,1006.3398979944624,Major,E02,0,3,5,173
M018,2024-06-22 04:00:00,75.85026389408313,0.27119984211612425,98.31544829381646,47.08267854813644,224.08206859757104,42.54363881179361,1518.699183290546,515.0150597462267,,E01,1,4,5,173
M008,2024-06-22 05:00:00,73.33739497802303,0.3030488365787817,95.20807963133186,68.75763666722,221.1722504518138,50.34192772087638,1326.9367708757993,1181.5469253793474,None,E00,1,5,5,173
M005,2024-06-22 06:00:00,76.31896788558825,0.3065701655622583,94.38544133432904,29.148352129093308,228.3803357304232,35.268629554113886,1521.8365096114,947.9295023779935,Major,E00,1,6,5,173
M001,2024-06-22 07:00:00,63.93415725884622,0.25163099869422473,97.99929923484392,53.2176902453637,213.34283932813378,48.96100296549832,1682.566775679692,,Minor,E00,1,7,5,173
M011,2024-06-22 08:00:00,71.12603356081539,,107.19913060971265,32.757343698444004,221.86174262004008,47.76705944783551,1615.0472977602112,993.3503371373938,Minor,E00,0,8,5,173
M010,2024-06-22 09:00:00,71.65176883256522,0.2743085480522633,108.84535030659349,57.70250290156499,,47.288412327230596,1437.753308867227,499.7332539929718,None,E00,0,9,5,173
M015,2024-06-22 10:00:00,75.7418525976699,0.39043729402068944,107.40964690472536,52.35433026889233,214.9902601127745,46.73988877008482,1440.6351010583576,646.5072825789061,Major,E03,1,10,5,173
M006,2024-06-22 11:00:00,,0.3962679744776777,,66.61626980115274,229.01762604508897,54.09579402675105,1385.150932421425,1029.202187105319,None,,1,11,5,173
M018,2024-06-22 12:00:00,57.00041565550562,0.2594452614152077,97.93826750889875,50.996503088498685,206.6697784673495,42.913352250640955,1410.9295395043343,,Major,E00,0,12,5,173
M018,2024-06-22 13:00:00,65.50980169390247,0.3292357765026399,81.13740003680034,40.15192778327506,213.33647202416287,,1420.6936666881857,734.4451872141931,None,E00,1,13,5,173
M012,2024-06-22 14:00:00,71.63371208573456,0.4799241916921692,102.9412879462182,39.107157450947675,206.3704978309047,54.539849310757646,1323.807389943924,896.6059308530537,None,,1,14,5,173
M005,2024-06-22 15:00:00,72.38330535301999,0.2813465971625195,81.7653462019289,41.99787310784687,214.11300021340637,43.576275417134894,1446.7223868931362,1516.989396062374,None,E00,1,15,5,173
M013,2024-06-22 16:00:00,82.1024887357499,0.3798646472456546,84.6130617882159,38.871311505289775,218.76332755647582,55.17772892439321,1541.277429177025,,,E04,1,16,5,173
M017,2024-06-22 17:00:00,75.49647864394859,0.3573865353802019,98.70665875370442,61.16530765016743,226.65200575220987,57.95882375514486,1450.320361889795,1310.7659061473908,Critical,E00,0,17,5,173
M010,2024-06-22 18:00:00,72.48918167538893,0.4265021290488635,102.11661795704399,60.30765932114067,218.75767730203688,52.95293993915477,1526.0824072647983,1085.9852258489802,Minor,E01,1,18,5,173
M007,2024-06-22 19:00:00,71.80565233931138,0.37068267889501844,96.39132076936592,27.04119066069179,215.23701024889957,41.953549277248904,1694.631987254411,951.4342367012284,Minor,E01,0,19,5,173
M013,2024-06-22 20:00:00,78.62510029301816,0.31980931654533745,112.28424918875174,45.460321716991764,,67.89829601489653,1720.2798385030328,1415.6897279173143,None,E00,0,20,5,173
M009,2024-06-22 21:00:00,68.45933728705538,0.35467348850310193,103.69681326014805,45.74989820160175,210.2865708367332,55.115795324141764,1491.8487450266305,1073.452530356018,Minor,E00,0,21,5,173
M011,2024-06-22 22:00:00,71.15829727355641,0.3556958960767615,98.00473674563794,35.62445661839223,222.48164760409495,,1605.621860211311,1568.0509960775723,None,E00,1,22,5,173
M009,2024-06-22 23:00:00,65.46445127917019,0.3435813372402023,111.09047956145436,50.258999904886124,227.05163808947097,51.67292071298177,1480.0024326796404,1589.0736717255074,Minor,E02,0,23,5,173
M008,2024-06-23 00:00:00,80.51343629217182,0.2576621981273187,112.52090678051273,62.53021005393603,216.6462244463604,48.23745998804939,1441.4551262690445,1364.0308838843932,Critical,E01,1,0,6,174
M018,2024-06-23 01:00:00,74.35499362200969,0.4370162025318524,104.10046954779736,55.70170780743919,229.68811618259693,50.0514179902279,,1000.9516870316359,None,E00,0,1,6,174
M012,2024-06-23 02:00:00,67.75486022397632,0.4246503511505027,93.79793872194003,61.16482066730405,212.40066080736676,40.45026810497019,1510.393484707572,1031.8460365327378,Major,E00,1,2,6,174
M012,2024-06-23 03:00:00,71.31326993809016,0.27690676811910997,95.59783655182615,36.37838582957209,216.87567504957713,50.43461199775802,1630.125873854799,542.518990598931,Critical,E01,0,3,6,174
M017,2024-06-23 04:00:00,75.05790457923769,0.32894920574713726,88.4260902960533,45.438093273200025,217.55083536175465,43.34997790586752,1347.0696109214393,1178.937771946206,Critical,E00,1,4,6,174
M010,2024-06-23 05:00:00,70.49568652366635,0.33424400314520486,99.6606649615959,,232.2353103064354,47.20368442238019,1465.5487632535069,1166.5232344369963,Major,,1,5,6,174
M003,2024-06-23 06:00:00,68.7931762697244,0.2690436839650292,,47.8731608469668,221.06927301440763,53.09955189838577,1459.7590103026416,,Major,E01,1,6,6,174
M022,2024-06-23 07:00:00,68.07435788409401,0.21932426125664126,97.36740184642785,48.953410909286966,205.61253768593852,46.18693890667034,1529.6254656659917,2145.661627286493,None,E03,1,7,6,174
M002,2024-06-23 08:00:00,74.03377139544669,0.30305851436613646,102.08480242444129,56.518056064810885,227.6132344420721,47.676625757354024,1531.5318833066292,1422.4987280307091,Minor,E03,1,8,6,174
M015,2024-06-23 09:00:00,69.8516743247359,0.32505183618241656,84.13033086396848,60.76190224616347,234.7674206130231,56.56185324509375,1564.468269411065,863.8217347212837,Minor,E01,0,9,6,174
M007,2024-06-23 10:00:00,69.27745359142352,0.24911366666451865,,53.26772596734914,218.00207422318914,42.89122293762635,1727.6378683241578,2021.6767856887127,None,E03,1,10,6,174
M006,2024-06-23 11:00:00,63.98362946966756,0.3623884434859835,95.9452155613174,34.67796164590943,212.82334139963027,,1395.5405033779844,1001.580382993995,None,E00,1,11,6,174
M002,2024-06-23 12:00:00,72.46584345916301,0.43139994123214376,,28.773927428109385,226.9140593174753,39.96328413220701,1388.945703850696,1532.1356151937177,None,E00,1,12,6,174
M023,2024-06-23 13:00:00,70.91265936724855,0.40894813023156873,96.04887360209514,51.240240368463965,235.7141170937406,,1529.6838656526731,1235.0530357933592,None,E00,1,13,6,174
M011,2024-06-23 14:00:00,70.07010990814821,0.3411320042788897,97.83585654890898,63.00625330633455,226.78985403162335,51.03299383584126,1674.3268247402502,1015.2965808017728,Minor,E01,0,14,6,174
M009,2024-06-23 15:00:00,73.19262406493232,0.2211711812435162,94.35050243099553,44.70249747518109,207.01594917229917,55.11571094804741,1324.5146429345807,1065.223377366809,Major,E02,1,15,6,174
M019,2024-06-23 16:00:00,76.48801357641538,0.4000991638461333,88.40480126553099,26.671277254403773,226.03745452297932,43.5506627758177,1539.7646833124516,1774.6606820112515,Minor,E03,1,16,6,174
M001,2024-06-23 17:00:00,76.20939283164282,0.36024745183451906,95.72199378086641,70.01707148049618,223.23365910221614,54.87849824462499,1475.8393694671972,1550.4920283676329,Minor,E00,0,17,6,174
M015,2024-06-23 18:00:00,75.31637100539858,0.3797045776452614,98.29465180055756,50.872854601937334,212.36295741248617,50.84172233748302,1602.5145803870219,1151.0380480247002,Minor,E00,0,18,6,174
M013,2024-06-23 19:00:00,70.55597832818567,0.48552719602117594,97.51687917115001,47.05369819258952,230.31054276759437,38.93917859934819,1575.3828133848474,379.87038768356865,None,E00,0,19,6,174
M014,2024-06-23 20:00:00,68.59800998435254,0.2922631859328542,100.89436735037162,30.984346187923475,223.50680919023324,51.39648294028559,1505.8220174178286,1321.7711564878596,,E01,1,20,6,174
M004,2024-06-23 21:00:00,65.73650615206537,0.14876288468145699,103.35115656380158,45.19459467474543,230.51966874052746,59.55485781889998,,701.410022839849,None,E01,1,21,6,174
M024,2024-06-23 22:00:00,68.44106095597151,0.276258179553317,105.45380981517336,53.24260994634663,211.508190799089,34.862918825619275,1421.006633564356,,,E01,1,22,6,174
M006,2024-06-23 23:00:00,72.11790057081942,0.38402315477874743,94.93159331590887,51.03624864664256,223.1902219549202,66.04164386601124,1596.0269152697433,914.378429167888,Major,E00,1,23,6,174
M017,2024-06-24 00:00:00,67.2822832700851,0.3518848131223628,,36.841354462170806,212.83924198609324,45.115854033484354,,956.2287764834059,Minor,E00,1,0,0,175
M019,2024-06-24 01:00:00,72.57634283470466,0.26490547092809225,110.17277092582886,44.315216604510006,,36.80715505658523,1512.0192610889646,944.7661687246828,None,E00,1,1,0,175
M009,2024-06-24 02:00:00,66.20725993252881,0.2506197831776498,103.0835673248887,37.60791957555881,231.81780360203913,51.107388543812206,1451.0456745840547,1608.2059613310507,Critical,E00,0,2,0,175
M004,2024-06-24 03:00:00,62.03404866595787,0.3251773688927823,92.36270119060849,64.96993899475672,208.58865814696583,,1482.5817510870634,493.4929546777899,None,E00,1,3,0,175
M008,2024-06-24 04:00:00,76.91643672518877,0.2627733731082736,,55.73848774363335,209.04799070629986,47.75653256815328,1594.7647963050576,1495.1047589418088,None,E02,1,4,0,175
M021,2024-06-24 05:00:00,69.15351242780493,0.38644433927781674,108.54395786614499,38.7079815768043,227.64379741230053,52.49279414877639,1494.9760844493771,1336.9203093830013,Minor,E02,1,5,0,175
M023,2024-06-24 06:00:00,66.97779808065665,,113.83341220191514,30.978364093739568,219.8870178005644,66.9578943089965,1356.0427815520577,1170.945846608443,Minor,E01,1,6,0,175
M024,2024-06-24 07:00:00,65.43691715221537,0.30610174809678015,102.00488220926185,48.33378098677514,229.3701058092204,51.645231194544394,1614.252573948284,1020.7806290811216,Critical,E00,0,7,0,175
M006,2024-06-24 08:00:00,74.5382158483824,0.2969206517953895,108.47736509879888,39.08619132339266,213.54172180029735,73.85990067766285,1382.0597289737273,1394.5928025096466,Major,E00,1,8,0,175
M016,2024-06-24 09:00:00,80.2494462688078,0.3684185908606416,90.32318342148221,39.98032003556873,220.40952474226174,60.11704463168367,1550.939284431625,1023.9912860374864,Critical,E00,1,9,0,175
M004,2024-06-24 10:00:00,69.58155683396313,0.3529826456632025,99.71277798722659,31.37743039727469,225.50503055932205,50.41228255264632,1276.036573852088,1020.371595329738,Major,E00,0,10,0,175
M018,2024-06-24 11:00:00,70.70661975202451,0.36413700889038153,97.31989880594945,32.863095305739094,221.68160152032192,52.33229803268897,1512.9780945556988,1225.5014345354282,Critical,E00,1,11,0,175
M011,2024-06-24 12:00:00,78.42979103933443,0.3626090610664068,102.74055881363368,46.952041830726294,205.69002137070223,47.444522405071666,1491.8044736947847,1887.9022241871764,Minor,E00,1,12,0,175
M018,2024-06-24 13:00:00,61.13732577385013,0.34494631243823054,112.88955148348977,41.79745862589572,,51.996623646997264,1263.95190128668,594.8514246574028,Minor,E03,0,13,0,175
M018,2024-06-24 14:00:00,83.801211857476,0.2776808591579336,101.99911515423406,74.95817263224833,221.69859585522013,54.4924626362146,,,Minor,E03,1,14,0,175
M025,2024-06-24 15:00:00,86.66460181395821,0.2988733911288116,92.49847408586498,52.131041192013754,209.27666331570785,46.766800441392476,1367.8367572030938,1142.7830094442613,Critical,E03,1,15,0,175
M013,2024-06-24 16:00:00,55.761974823479505,0.32237275664027437,89.89249136092894,31.17965782305584,222.51359914032193,38.96022941375219,1510.1702314862607,1111.7616782861878,None,,1,16,0,175
M009,2024-06-24 17:00:00,71.41498062649946,0.4945636666661825,113.16624050203151,26.57236508379464,223.43316034751598,60.57022944990317,1450.5918839384035,,Minor,E00,1,17,0,175
M014,2024-06-24 18:00:00,,0.2555814575708232,104.11034729908187,49.7780566638972,227.9513885966557,57.78785834936845,1322.3332286661648,497.68644537129313,None,E00,1,18,0,175
M005,2024-06-24 19:00:00,70.41136937457159,0.3206716447678176,103.58465077580045,40.237594863275795,227.4171592084711,38.66328865609056,1374.5128745936465,1335.9727797462208,Minor,E01,0,19,0,175
M003,2024-06-24 20:00:00,69.48968958230446,0.3568786942077342,,60.97769939405586,218.28924363682782,51.3679286154004,1384.116763611782,692.2631007284082,Minor,E00,1,20,0,175
M013,2024-06-24 21:00:00,76.87055459087615,0.3287667072709255,102.14289427734275,48.38236606151927,206.2233624909119,58.216581319406366,1617.8895388275641,1606.5482970718465,None,E00,1,21,0,175
M021,2024-06-24 22:00:00,71.32458055819205,0.4251778679006416,92.10432075098552,21.209756283668,223.6909042544313,57.38982879107603,1600.297865353104,793.6564822640331,Minor,E00,1,22,0,175
M014,2024-06-24 23:00:00,66.53455671480026,0.3284051448647993,103.09758684562921,32.76690841898962,206.86067156536222,44.44823852298969,1763.3401711622673,1420.3907745566914,Minor,E00,0,23,0,175
M020,2024-06-25 00:00:00,70.96688903222926,0.3335821020594573,,36.89661532791445,229.72195682548465,57.8569340026491,1438.574839079794,,None,E00,0,0,1,176
M005,2024-06-25 01:00:00,75.08870542177446,0.4070239959531422,97.12569243977792,50.304443260418864,214.13793627587987,50.1207780950888,1434.7120873912347,950.3997210523845,Minor,E00,1,1,1,176
M012,2024-06-25 02:00:00,64.89767203340831,0.4767498164042863,94.85685481072476,32.366970841815046,225.0796826772441,53.10941719120085,1516.1847514992749,834.4580234023063,None,E00,1,2,1,176
M016,2024-06-25 03:00:00,62.122597866180115,,73.9410588586674,46.83381112750292,214.7506495052491,42.64406492137053,,1374.7266082138956,Major,E02,1,3,1,176
M009,2024-06-25 04:00:00,83.95645680501192,0.3404342281123599,97.22585098773274,28.966202145451035,216.0637147030142,20.0,1430.092435200872,1486.2287528917145,Critical,E00,0,4,1,176
M001,2024-06-25 05:00:00,68.14543992174939,0.34653400517873173,92.80906860429657,45.07422502774144,213.5922414672463,43.7813718866283,1506.530981879074,1073.7870971864015,None,E00,1,5,1,176
M002,2024-06-25 06:00:00,71.17588207848286,,98.31688092887373,49.440311813378564,225.7286522156856,54.292616810878414,1584.4330341404711,1436.4824066981096,None,E03,1,6,1,176
M024,2024-06-25 07:00:00,69.61322756504656,0.36028995859238094,100.01378240385483,62.53812380829552,215.02922415424345,48.35654166625342,1246.543077671164,1205.043318623949,None,E02,0,7,1,176
M016,2024-06-25 08:00:00,75.28852622449286,0.29068563199565295,114.14345554385267,,226.14825670552918,55.20152711200169,1431.3359019426848,666.3087539025033,Major,E00,1,8,1,176
M007,2024-06-25 09:00:00,82.63673953854627,0.4155615659198807,102.43767197726007,35.199180908990606,215.23847713017528,58.84919718492234,1331.6648431518768,1351.4132605361638,None,E02,1,9,1,176
M007,2024-06-25 10:00:00,75.4796030503757,0.36446263894059505,102.67290106386831,62.916061043497905,218.14865397995715,47.35583472841539,1481.540268628599,1079.7851201374597,Minor,E00,1,10,1,176
M001,2024-06-25 11:00:00,62.889809114760055,0.346860066782928,103.96491068175396,42.801863565506416,220.28451951967395,46.568408702472176,1551.915600317423,154.2815584775795,None,E01,1,11,1,176
M024,2024-06-25 12:00:00,63.69525943794882,0.2610198236408649,106.974468097929,54.28280121721736,,32.50514806205686,1634.0330192736797,1043.6911283941095,Major,E02,1,12,1,176
M003,2024-06-25 13:00:00,69.6062113480385,0.35436003459434284,103.63423563083614,37.645250745958265,212.60636532357506,37.61861064876168,1447.9505270537882,522.5998802866203,Minor,E00,0,13,1,176
M019,2024-06-25 14:00:00,70.3906008028004,0.2174751387745436,102.25370419539296,46.08933911870896,225.63046119441086,,1512.7527072226842,707.3840990416033,Minor,E00,1,14,1,176
M007,2024-06-25 15:00:00,61.668292382720395,0.30928454591774374,105.68997534850514,35.38478478506466,217.82928635245813,54.45311358619329,1298.1450311162898,1100.4193431647527,Minor,E01,1,15,1,176
M009,2024-06-25 16:00:00,76.91604552104664,0.31058316054645607,80.58692463335117,48.86711946419051,224.35120589844408,47.435756343581374,1396.7440983867482,,Major,E01,1,16,1,176
M007,2024-06-25 17:00:00,65.48207665271113,0.3700896635161333,116.7124126662306,54.645937141963415,219.87017384229793,45.72612388374473,1524.8570363334075,865.9785831428061,Minor,E02,0,17,1,176
M021,2024-06-25 18:00:00,80.95980937275453,0.4815895017461707,112.71783875770718,39.062408693705365,224.69163120339917,44.810034292860095,1336.918267865685,1410.920167622148,Minor,E00,1,18,1,176
M001,2024-06-25 19:00:00,82.92379558323432,0.3900335225965806,101.73708601487432,38.38790496735991,216.7092660161588,43.76815204960606,,1154.1913137974486,None,E00,1,19,1,176
M009,2024-06-25 20:00:00,70.51047880420694,0.45138814508449293,88.69594839672988,49.281818621567545,213.68321528100503,57.38768771550503,1562.8219689406642,,None,E01,1,20,1,176
M007,2024-06-25 21:00:00,74.63383584250911,0.39516485211725033,109.68280345994356,35.099808360242534,223.41486587551134,50.74677277658652,1391.4502111347058,1217.361837178199,None,E00,1,21,1,176
M007,2024-06-25 22:00:00,64.60831666749479,0.42875374427813306,94.44898800748231,26.784675751974184,216.05012931360596,57.930616233186484,1322.1403365099627,1682.0235572278013,Minor,E00,1,22,1,176
M005,2024-06-25 23:00:00,75.74205795887468,0.4799989147060174,104.27072813259949,49.23835702081483,231.67029159796888,32.45291049887232,1413.6843260762946,339.87313755204747,Minor,E00,1,23,1,176
M023,2024-06-26 00:00:00,69.01084545939378,0.29877142173884214,,43.70763388056079,220.5412536176937,54.26186788975453,1392.0815962304405,1719.8096026430553,Critical,E00,1,0,2,177
M010,2024-06-26 01:00:00,65.47658807046987,0.29420268961079477,,43.45368730271306,209.01094977764134,46.12965688731655,1353.9602756742756,953.343003607327,None,E00,1,1,2,177
M011,2024-06-26 02:00:00,70.2639900704821,0.39681676303341246,88.46226590313104,51.25284497497488,215.3162723726612,,1331.1827631339372,888.4316353766862,Minor,E01,1,2,2,177
M010,2024-06-26 03:00:00,69.20551194956782,0.3497425082156428,100.55188856253201,52.92900422916494,212.00556368013127,60.82260961927675,1472.3519877348099,1039.1299690332737,Major,E00,0,3,2,177
M025,2024-06-26 04:00:00,70.04904358197747,0.36542476829648723,83.02250228390805,43.067977300953615,228.58335024305313,46.881201260873915,1587.871294803464,845.3184743196723,,E00,0,4,2,177
M009,2024-06-26 05:00:00,77.69807941689815,0.3325933175524847,99.67022038242942,31.527967136520573,226.188324742869,53.93517187233352,1414.6701320748193,783.8499950299016,Minor,E01,1,5,2,177
M009,2024-06-26 06:00:00,67.28815444418561,0.30826188980826974,,37.33695836194625,219.51165363197356,41.8564365294397,1553.3860233382318,1538.7302579713,Minor,E00,0,6,2,177
M009,2024-06-26 07:00:00,,0.4634535268142518,109.09746715124773,,222.32058962720242,50.28888124977369,,1263.8741687555214,None,E02,1,7,2,177
M009,2024-06-26 08:00:00,64.04964220304788,0.273009722032606,96.59696454726507,46.63683196133978,219.29856445689427,37.27002605885656,1573.4780029897227,432.92345477349227,None,E02,0,8,2,177
M003,2024-06-26 09:00:00,81.69258163907158,0.39804745814690806,109.10898866277064,38.40288761091024,226.88321640547775,49.5415118210948,1405.6226892361024,1469.644048165883,None,E00,1,9,2,177
M016,2024-06-26 10:00:00,65.90093626855983,0.3866959800011315,91.80703545929063,35.58736216997852,224.1586531425893,53.08326831057421,1533.7189760988913,1411.3770100337395,None,E03,1,10,2,177
M001,2024-06-26 11:00:00,71.9939206047803,0.2394690691700829,97.74430717564205,52.41387372307113,225.59980563378076,58.8509956950808,1514.4157570015668,606.1647642501317,Critical,E02,1,11,2,177
M006,2024-06-26 12:00:00,69.05882331913187,0.2918453769004484,97.90470321663595,42.34017113325534,218.46523215856362,43.45684913266687,1663.4783326768886,1272.1034632352216,None,E00,1,12,2,177
M006,2024-06-26 13:00:00,69.93762797077287,0.30361166073350926,103.96470604506334,54.03260134526563,214.9475215623802,45.76828752912668,1567.0491826720233,,None,E02,1,13,2,177
M008,2024-06-26 14:00:00,76.8081434181333,,102.94699541125645,55.552029569262736,225.32050468019364,44.847027383894144,1530.7208565308363,558.2815640859749,Minor,E00,0,14,2,177
M019,2024-06-26 15:00:00,80.99896078337287,0.3243075425848614,105.77780123938689,41.24592299657778,,47.967918263634786,1323.613406240345,1314.1142425420092,Critical,E02,1,15,2,177
M015,2024-06-26 16:00:00,79.14314822973385,0.3440087135372436,102.13464482631791,56.39576981803318,228.8480835114675,42.28875005591913,1436.970199881687,929.9612498510326,None,E01,0,16,2,177
M025,2024-06-26 17:00:00,69.57086200594891,0.24796468501106902,105.29051861290492,46.6609170535432,232.6532696310412,32.742252961805534,1403.9522294488822,1416.8765732187815,Major,E03,1,17,2,177
M009,2024-06-26 18:00:00,73.10553133442733,0.5128138201700719,92.8170885704549,,221.29625479099187,41.658301906316524,,826.5408218218464,None,E00,0,18,2,177
M024,2024-06-26 19:00:00,67.30753275798983,0.35498369331176477,103.11038933504987,20.0,,49.60830387490345,1501.8608043702372,1616.8973130892673,None,E01,1,19,2,177
M002,2024-06-26 20:00:00,66.05069812455183,0.38493006281078607,112.86564741956545,33.34894442011854,212.9505027231642,48.81519403681282,1528.8985294263348,1102.5860556570076,Critical,E00,1,20,2,177
M013,2024-06-26 21:00:00,,0.3121562158004344,86.56005786089922,33.999667633470715,231.0365587641098,54.41695538214085,1533.5929356992715,954.0425245200975,Major,E03,1,21,2,177
M020,2024-06-26 22:00:00,69.37456015809522,0.3043160871052504,103.91206363975142,41.176143331157164,205.10445182503787,56.737551977254995,1651.3732663288533,910.9918604868492,Minor,E00,1,22,2,177
M014,2024-06-26 23:00:00,73.49763378608965,0.48388792584674717,105.41423822350494,46.372212091845334,232.03805364538343,46.403584020750074,1558.025911675804,1549.6075436983592,None,E00,1,23,2,177
M024,2024-06-27 00:00:00,60.52910904149097,0.21582948750953593,111.68949101977347,46.863003900491684,213.6989226436775,37.3140855159144,1352.6578956242138,910.7346098039374,Minor,E02,0,0,3,178
M008,2024-06-27 01:00:00,71.7218777845154,,105.80837546632168,48.42896336149503,235.38711974684847,53.22575448425806,1524.3049060482087,1624.1783496923651,None,E00,0,1,3,178
M001,2024-06-27 02:00:00,81.09615074729714,0.26519472762244745,100.80252753726967,36.780664904805946,219.4351856665517,49.92152726677089,1570.1252921308321,1285.3678019161307,None,E01,1,2,3,178
M020,2024-06-27 03:00:00,78.73146641444475,0.32164991919220964,103.44058556408031,53.29635556529806,225.78056657805084,47.93245711247623,1651.4626826914694,645.7556879500539,Major,E00,0,3,3,178
M002,2024-06-27 04:00:00,68.48889554084,0.3053333872628185,94.11969732350927,66.71146132261909,239.08037118612995,59.76340035022624,1481.4970067573922,1210.3916682638367,Minor,E01,1,4,3,178
M020,2024-06-27 05:00:00,63.61876254430328,0.2809815621606526,96.89625542113804,40.76010135061048,217.35881759155478,53.604383736025305,1482.6638976597153,1218.7438356156563,Minor,E02,0,5,3,178
M019,2024-06-27 06:00:00,74.75898183878896,0.3524809210794429,89.31437728238404,37.035981990796216,217.22453581516342,50.98319464698231,1629.467587186515,632.7378312579087,None,,1,6,3,178
M022,2024-06-27 07:00:00,58.095430498755,,,36.776018113069526,214.44128640740752,51.311073523004914,1521.4300027278534,1203.312894139929,Major,E00,0,7,3,178
M012,2024-06-27 08:00:00,78.66092469529606,0.32791580626569117,103.60125855160676,,,56.797649219465086,1308.191001426518,,Critical,E01,1,8,3,178
M023,2024-06-27 09:00:00,70.71847525270056,,92.67110031740309,38.690842684643954,217.36140543011794,44.48357654150924,1282.4553980184498,1651.2611128162919,Critical,E00,1,9,3,178
M005,2024-06-27 10:00:00,,0.25485064175157907,102.17085570130068,24.236059043001482,215.56127310113115,42.95824485868474,1720.8932323356178,1633.7342195854894,None,E03,1,10,3,178
M011,2024-06-27 11:00:00,61.63820708654121,0.45592531050145685,109.27478167995466,27.51897753057994,209.9979442869422,48.126920012670375,1294.3526772877563,2155.613203623276,None,E01,1,11,3,178
M004,2024-06-27 12:00:00,77.508877351247,,,57.242281673609334,,40.576513412575714,1479.9345731136848,1200.2338007893597,Minor,E00,0,12,3,178
M020,2024-06-27 13:00:00,71.39694697911482,0.3333761030274614,,60.3815284814805,223.59829255545395,49.63664830267545,1605.9740369306999,1421.520644499813,Minor,E00,0,13,3,178
M018,2024-06-27 14:00:00,70.01369681116752,0.3085446585259708,74.92928947296362,64.1986750554957,212.8327567925715,,1288.2471465978017,957.5060508697125,Major,E00,1,14,3,178
M021,2024-06-27 15:00:00,63.78093920872713,0.344290371569859,103.16308867917104,47.71565326535252,218.70040156218712,49.44958583878179,1370.2127259460167,1953.6918266002124,None,E03,1,15,3,178
M020,2024-06-27 16:00:00,75.5744874402703,0.44157008654542346,92.90504294529413,33.10913390455426,231.25203579652168,47.10865852737608,1350.3911363800394,843.6258771379231,Minor,E00,1,16,3,178
M008,2024-06-27 17:00:00,76.05682430866115,0.5231111062746432,104.978620047844,39.74380621011382,208.64375087054066,,1716.1351562743412,,None,E00,1,17,3,178
M002,2024-06-27 18:00:00,82.71076681179534,0.40219474425904606,107.60216310668993,27.10334838024182,235.45333803149288,57.52528912274127,1742.1784894650787,1884.3749716419313,Critical,E00,1,18,3,178
M024,2024-06-27 19:00:00,78.04830157716356,0.426159563688024,108.90906488930706,26.64129612549631,214.60781141623198,49.22288129787122,1411.8993927199383,,None,E01,1,19,3,178
M013,2024-06-27 20:00:00,68.4366280262656,0.4701499237033957,113.95792388782826,48.063152526752724,221.60723280954028,50.74422351931762,1569.5397908396544,1614.5308333951325,Critical,E01,0,20,3,178
M003,2024-06-27 21:00:00,65.97682449829492,0.367420975373652,109.89085534461843,51.46813859288422,230.2333053255722,61.01075532327671,1536.96749076703,1382.6922026021987,Major,E00,1,21,3,178
M024,2024-06-27 22:00:00,63.78905139886568,0.4599175611528309,113.99639063027217,68.50048266871492,232.67472171511602,45.32356521191239,1466.3048036383602,1035.2061007598281,,E00,0,22,3,178
M025,2024-06-27 23:00:00,80.83934607383682,0.4054680792673282,111.03248274588265,,223.75856562890817,42.275214435709515,1304.7868208854509,1145.6764167087683,,E00,0,23,3,178
M012,2024-06-28 00:00:00,67.3309542943328,0.36007911515181,111.72974059217734,28.705982270332782,214.44395585780023,51.81517797844468,1776.8956819421066,1306.1910251520685,None,E01,0,0,4,179
M020,2024-06-28 01:00:00,80.88137921382784,0.37452387241160273,99.67305488561782,43.53695539493961,213.73750981783635,53.31124558773985,1282.0783469253856,1344.2557860816237,,E03,1,1,4,179
M001,2024-06-28 02:00:00,75.1504322451724,,89.68538855014098,41.610489610639185,215.40086065156547,,1525.4526085373095,1797.6767500370345,Minor,E02,0,2,4,179
M003,2024-06-28 03:00:00,,0.37044834823123046,119.8581620358593,39.10521987841864,235.11405234771564,56.622218760944726,1422.2882751706604,1428.4902349924464,Critical,E00,1,3,4,179
M007,2024-06-28 04:00:00,70.15879012463822,0.24193767356875923,,49.1249948096985,216.93483595133813,44.13938120366093,1620.9673584875306,892.0524212445874,None,E00,1,4,4,179
M017,2024-06-28 05:00:00,75.96403747801351,0.23623115938722244,109.82966451179388,30.426329650727666,222.5890193012475,38.73240253863036,1601.513601140638,1497.447798386304,None,E00,0,5,4,179
M004,2024-06-28 06:00:00,71.9071754229792,0.3635015082317657,95.59780135180623,46.56865719391154,211.64994218135024,45.32346113570434,1382.542389836436,500.9369778730161,Minor,E02,1,6,4,179
M001,2024-06-28 07:00:00,69.78472025118714,0.27201449833599617,,52.81875918863375,210.74924882472664,54.65473010137464,1405.1847763036985,1045.3656564251344,Minor,E01,0,7,4,179
M017,2024-06-28 08:00:00,76.1760287198892,0.34950203740876357,80.44029339968027,62.03685324278356,220.2111377924078,42.62482655624551,1313.9818325380938,1083.8734056727405,None,E00,1,8,4,179
M020,2024-06-28 09:00:00,71.13616734467321,0.3596904163544905,96.71645287199237,48.72451018843127,217.4020452556392,34.529319628109846,1523.3761465192572,1463.3260727028432,None,E00,1,9,4,179
M019,2024-06-28 10:00:00,67.20999132756704,0.36281347205719944,99.21271133286169,,217.9863547331453,51.15415558290744,1585.3052736903674,1908.3216035414894,None,E00,1,10,4,179
M020,2024-06-28 11:00:00,75.5989606527639,0.2867115015070529,103.70087014644149,,208.1674414564281,45.46332814059097,1447.0003078211719,1287.0775493219815,Minor,E00,1,11,4,179
M021,2024-06-28 12:00:00,71.6160860662286,0.4129077667736839,108.57619741280887,,219.41210181621852,36.18328487325342,1470.623494038485,1055.4535309705516,Minor,E03,1,12,4,179
M016,2024-06-28 13:00:00,74.93346007054683,0.34375353344737447,91.24685662695748,61.1741644945877,,50.595610673252715,1728.9416056807074,920.6878632385123,Major,E00,1,13,4,179
M013,2024-06-28 14:00:00,69.27684084987489,0.3808752976119813,105.27974551136163,28.54098690043421,213.1756960022926,46.909818310589834,1612.3485168191569,1534.016508011961,,E02,1,14,4,179
M022,2024-06-28 15:00:00,64.74527217191427,0.26624922702371023,109.81333581309393,,227.17948166202726,63.40786177178718,1661.7317670286814,1122.0654738051687,Major,E02,1,15,4,179
M009,2024-06-28 16:00:00,82.41044377508565,0.3375170710242809,118.76729266203407,58.54135568071159,192.2850928997604,50.710749392791264,1230.95464022622,998.7188674548798,Minor,E00,1,16,4,179
M003,2024-06-28 17:00:00,81.27966846458145,0.4268106138289084,105.65302387070027,42.46665942296987,213.5812384366404,,1565.6630448749934,1580.5148847184196,None,E00,0,17,4,179
M019,2024-06-28 18:00:00,77.30270976757177,0.41791243422660906,96.32395214815023,,204.71687476339102,49.86216167974642,1530.1646924761073,1667.7102483811113,Critical,E00,1,18,4,179
M007,2024-06-28 19:00:00,69.67313588775436,0.2941895121952924,89.82588274313392,,229.88962977821055,45.21975960182061,1349.761760941819,816.2566464470556,Minor,E01,0,19,4,179
M025,2024-06-28 20:00:00,70.19809216103357,0.3118109266597608,,46.40582129816695,227.03022179969983,46.0990916169876,1374.7322573955041,601.3664408649644,Minor,E00,1,20,4,179
M011,2024-06-28 21:00:00,80.29396467537879,0.28079192889553267,105.89873548474354,58.03300610303089,211.72533383895222,58.6476697736783,1473.7877034685657,1160.8868400685578,,E02,0,21,4,179
M022,2024-06-28 22:00:00,,0.3040510957217383,99.82419494735808,56.090778219878565,222.31421720962098,55.98231160094169,1338.9605361297574,743.9048892246121,None,E02,1,22,4,179
M002,2024-06-28 23:00:00,68.20466378191621,0.2520652721505429,87.04145364622545,45.13748689798753,229.61367543432792,38.090968427373824,1404.155971635001,689.1773429193705,Minor,E02,0,23,4,179
M017,2024-06-29 00:00:00,83.23340805381872,0.3403276889314068,92.55052839281558,58.10866280988955,230.85753351652596,40.01115048318684,1444.6088337915678,783.7373960432905,Major,E01,1,0,5,180
M012,2024-06-29 01:00:00,71.71393391031677,0.3943196878727991,105.0505623101915,49.10151555995684,216.75367471221426,40.45539285963299,1568.8223095246901,1618.6118006127465,Minor,E00,1,1,5,180
M012,2024-06-29 02:00:00,82.61055197108307,0.29504629953392447,102.8306641930072,55.309442013849974,202.32915056267223,58.48079795418404,1415.1832817313843,1460.1539880495952,None,E01,1,2,5,180
M007,2024-06-29 03:00:00,63.60964853585999,0.34365756021371757,84.42934752826837,32.659566310884024,,36.14900831505647,1446.3315124077058,2182.991489001701,Minor,E01,0,3,5,180
M025,2024-06-29 04:00:00,75.109109296707,0.33456511146580503,105.06090045201462,65.86263280119677,226.12915675939394,,1622.9202361108976,943.2151885462116,None,E00,1,4,5,180
M010,2024-06-29 05:00:00,84.42649559529968,0.42385831121187534,87.45250841424033,47.64255664974514,236.79115339086704,53.18685895683389,1288.2889280425911,1731.9342679028837,None,E00,1,5,5,180
M022,2024-06-29 06:00:00,,0.3071885714236905,110.83207254881808,20.0,219.56539998742824,51.17450469387609,1527.2743680665415,1397.4225475097517,Major,E00,1,6,5,180
M011,2024-06-29 07:00:00,70.41597304639322,0.30973487246444037,101.66844731923966,64.91432608163227,215.1454257142999,46.21604695830599,1546.7284455919328,977.4450258595393,Minor,E00,0,7,5,180
M002,2024-06-29 08:00:00,64.99348849440948,0.29077852101953466,96.2926284100056,45.06065917452795,239.19489190079207,59.508935560444776,1550.0194459058662,1141.32991949108,Major,E00,1,8,5,180
M022,2024-06-29 09:00:00,78.49405832661148,0.27037433359450586,107.92123471288538,40.25407246618328,,50.90774503967242,1439.837428128192,975.5446959828085,None,,1,9,5,180
M005,2024-06-29 10:00:00,67.37923150415588,0.38704294940128786,102.82799430756627,37.73180321775361,,38.44632951309004,1372.2164479218877,1303.4894157653523,,E03,0,10,5,180
M007,2024-06-29 11:00:00,71.43114864366007,0.34054224425686647,110.59942086804014,50.27402242241242,219.04873903934006,40.30941942699816,1682.3417739451234,1594.680630033302,Minor,E00,0,11,5,180
M022,2024-06-29 12:00:00,64.59298632124433,0.3538366901876311,100.64380490711653,34.33933297275253,227.99942117346149,36.84193781925612,1397.2205485456407,1052.571454994158,Minor,E00,1,12,5,180
M023,2024-06-29 13:00:00,81.34136760058459,0.4392248809336778,,38.07712244795121,,59.60267359623984,1365.9564467012513,1539.3537300396074,Minor,E00,0,13,5,180
M023,2024-06-29 14:00:00,78.92931186435409,0.443245650814951,97.71799653921673,38.365462754259745,226.3548846853751,61.394040461056626,,1708.4921656364165,Major,E00,1,14,5,180
M011,2024-06-29 15:00:00,71.81049150472121,0.23476359845156372,102.1037371421373,41.49303547557315,207.15994106403036,58.6902121075672,1411.3053129551981,1797.56677124734,Minor,,1,15,5,180
M019,2024-06-29 16:00:00,65.07510638647844,,113.58360703831403,38.81750100321767,,48.85493419160783,1626.0964694116674,730.8221099328784,Minor,E00,1,16,5,180
M009,2024-06-29 17:00:00,81.21544229545579,0.36579528479978324,95.97788663951165,55.23376957985835,,38.5889702216526,1468.1790194144303,1180.3394786176807,None,E00,0,17,5,180
M019,2024-06-29 18:00:00,69.80440963771711,0.3176886300597844,105.18364119464509,48.25274765757239,217.74245288683795,41.567909499781805,1641.656824819916,1483.7731245416664,Minor,E00,0,18,5,180
M013,2024-06-29 19:00:00,65.36877095509489,0.37293785809195595,92.95645133593639,49.7164408601314,222.67159056697344,42.08901438604747,,765.3060342991103,Minor,E00,0,19,5,180
M002,2024-06-29 20:00:00,61.42729192516474,0.22915317353454495,,,225.09408195863716,49.63445588846243,1453.4147376447402,676.1695068439875,Minor,E01,1,20,5,180
M011,2024-06-29 21:00:00,68.12420920863735,0.4523849639943479,101.65966992296087,43.88286875801159,239.7289105004094,61.09954185303682,1633.6820086369967,1189.4356499091105,None,E00,1,21,5,180
M012,2024-06-29 22:00:00,63.272171264820365,0.3860460867950335,102.96324338775538,32.75628805051412,214.0915456549363,61.06814381258257,1421.8995558558097,1034.8142869959975,Critical,E02,0,22,5,180
M007,2024-06-29 23:00:00,68.26307498086305,0.28943615786171384,99.11958984446012,66.66206975252258,217.48808800715435,,1461.5828236316634,1131.0622440526747,None,E01,1,23,5,180
M010,2024-06-30 00:00:00,76.46645240218629,0.30902128447263333,88.03212023382211,56.13041585555295,214.31475805595787,32.107532416912406,1563.4990936698166,1011.4609584525635,,E01,1,0,6,181
M013,2024-06-30 01:00:00,,,102.43440859713297,64.353924167227,228.63510675285073,40.66407529938912,1527.1949795764249,2063.9564125062707,Major,E00,1,1,6,181
M002,2024-06-30 02:00:00,74.13416029268227,0.32802299251146216,102.13050907311556,57.41446105153739,229.07160314291718,59.50880720456267,,1015.3408587580415,Minor,E00,1,2,6,181
M004,2024-06-30 03:00:00,67.6599920428066,0.3162087615931592,92.88975495125942,39.47554315361422,216.41875584642656,51.85302970182481,1315.6379765565878,1434.2517406886125,None,E00,0,3,6,181
M020,2024-06-30 04:00:00,72.39101439818539,0.25724227290133683,89.17206742821584,20.0,236.52596665762772,47.154830301741434,1497.762779583652,1407.4385464997667,Minor,E00,1,4,6,181
M009,2024-06-30 05:00:00,83.52540493251612,0.40436915635968446,97.98089657835226,,214.32880802736065,46.59707513320366,1412.745813048782,524.4740204338583,None,E00,0,5,6,181
M016,2024-06-30 06:00:00,69.90908353183862,0.43937580327861325,105.22343397422215,,,,1503.557490834315,1786.4476795488906,Critical,E01,0,6,6,181
M015,2024-06-30 07:00:00,74.30657662571795,0.3480847656968865,103.33323785433592,43.779024967961995,,40.369813200801296,1449.4831493690006,1450.3193731600363,None,E03,1,7,6,181
M014,2024-06-30 08:00:00,62.60683663518937,0.3286047182007542,92.95330401732737,39.96180169301106,209.1073616503198,66.57650731170989,1413.8918601902299,1262.780649843991,None,E01,1,8,6,181
M011,2024-06-30 09:00:00,81.12063673450122,0.38044892214922554,101.09540068017606,20.0,224.62105832960722,,1467.8212590793914,1622.9733077682483,Minor,E00,1,9,6,181
M013,2024-06-30 10:00:00,69.13676022633081,0.348625272625347,107.09701124380453,44.84247282906862,198.19963166995691,43.425069792203075,1491.1890671094943,1180.8871889751476,None,E00,1,10,6,181
M021,2024-06-30 11:00:00,78.303201899439,0.2742474548638169,90.61867432586548,32.01865739697239,226.59369884506845,35.96902659250518,1583.4011510270627,1552.7725201765672,Minor,E03,1,11,6,181
M025,2024-06-30 12:00:00,71.26091822544657,0.3043125409388917,100.50524294434555,36.307409030808934,211.18715343435946,51.3521467596391,1550.7826723093779,449.5106306873743,Major,E00,0,12,6,181
M007,2024-06-30 13:00:00,75.66947619012484,0.32924947952763783,110.71712784136699,55.20124916276564,224.53975691197186,48.820254992365186,1751.3307752695612,,None,E00,0,13,6,181
M017,2024-06-30 14:00:00,76.02607456326601,,89.80054275764881,32.65029655099188,226.03990934376515,55.02513848826688,1516.972315058899,1273.4536544907335,None,E03,1,14,6,181
M025,2024-06-30 15:00:00,69.2853579629237,,109.24421032839606,33.795728335521694,228.96110783645028,56.83685516801254,1419.2482788976529,1279.7064517651788,Minor,E00,0,15,6,181
M001,2024-06-30 16:00:00,78.55143861457111,0.36472585659909806,112.95349961857909,47.226963928921435,227.12172280054142,,1480.0445833009721,863.0856634349059,Minor,E01,1,16,6,181
M020,2024-06-30 17:00:00,67.4460908160414,0.24326204117012545,98.2223557986329,55.46834509935971,220.44715993961287,60.24174388880102,1568.1987918432312,1112.4684874124082,Minor,E00,0,17,6,181
M013,2024-06-30 18:00:00,,0.396565242085945,97.25593104786975,40.167529255118446,216.9561879107484,47.17470345294032,1620.4110782587552,1100.7517368022957,None,E01,0,18,6,181
M025,2024-06-30 19:00:00,69.65876823500082,0.35023911188059587,108.26475535215647,62.606584860274886,219.40488535997923,54.86327888095989,1660.9764072481344,744.3505165541395,Minor,E00,1,19,6,181
M015,2024-06-30 20:00:00,74.09734769179236,0.5286896337905108,,29.655969864898076,211.0719878830629,47.908275711900636,1377.9594847162452,1343.3204898139802,None,E02,1,20,6,181
M021,2024-06-30 21:00:00,69.22804198587444,0.3228655940876511,81.17498639443926,27.551332792699093,218.30649640416573,57.37992136835736,1653.6808760963083,1829.2711962394496,None,E00,1,21,6,181
M005,2024-06-30 22:00:00,72.29985584823957,0.372642094657656,99.20964324248337,26.528568020576916,217.674434813682,31.101642220551618,1494.4775178871248,631.4846101201929,Minor,E00,1,22,6,181
M004,2024-06-30 23:00:00,,0.5480453413545952,103.7632317455565,25.173794827074822,,55.90666754665425,1388.765890489463,1396.0979524853085,None,E02,1,23,6,181
M024,2024-07-01 00:00:00,73.48534190813277,0.3635864140652225,105.92067082865974,49.0385875819214,206.07045425526513,43.344643990483505,1475.5466469749938,1031.8247326190558,Minor,E01,1,0,0,182
M014,2024-07-01 01:00:00,72.26512700975752,0.3452658622506788,92.95496668198462,33.26652816732993,,50.58771439491824,1645.2906208749748,,None,,0,1,0,182
M014,2024-07-01 02:00:00,68.75907867556516,0.2809154673674544,,28.077691633809373,194.79910759600858,59.95762367023788,1554.873066620829,1229.9054861973273,Minor,E00,0,2,0,182
M005,2024-07-01 03:00:00,71.66983220165822,0.4569786457046289,107.81525811321839,49.557560341627266,217.5369664648572,,1354.5547822666153,1235.9680722008097,None,E00,0,3,0,182
M006,2024-07-01 04:00:00,72.80402685700746,0.26886288896764005,,54.887390966288606,222.8839891863976,42.31989889148349,1355.4547909725852,1273.8714597088758,None,,1,4,0,182
M021,2024-07-01 05:00:00,68.30185768040933,0.3798984641793685,87.7700960483127,57.610300762984785,198.5394700961889,47.02417192821694,1352.124556791815,747.6537154913595,Major,E01,1,5,0,182
M008,2024-07-01 06:00:00,71.22744854562198,0.31685112750841327,109.90110407696301,55.50341357603729,221.8937182387036,46.51943664855322,1412.2154209043308,1635.9695493264398,Critical,E00,1,6,0,182
M015,2024-07-01 07:00:00,65.96668835463048,0.3367464616195384,98.28711182098203,33.98275840748893,219.0202067111331,41.59869903887126,,1232.4551709904981,Critical,E00,1,7,0,182
M008,2024-07-01 08:00:00,86.07439823376605,0.2503247411972959,108.72975021745104,48.31309157339646,210.58595390626024,50.85017453543705,1364.8582610461403,1437.5303102998382,Minor,,1,8,0,182
M007,2024-07-01 09:00:00,78.35471196124911,0.44401890552137263,88.8363464330676,50.96245892870909,216.55035833934895,51.2653641180798,1448.6008465107175,1685.839388546495,None,E03,1,9,0,182
M005,2024-07-01 10:00:00,73.6385646337893,0.3305541885857206,99.03210601928733,39.301401058930885,228.40643332173866,53.70390777907644,1668.2443124401923,431.5517391856995,Major,E00,1,10,0,182
M024,2024-07-01 11:00:00,79.03267756486017,0.2649437238774876,104.07788818941788,46.97702524685658,212.20648751415877,43.44343513724937,1694.1369832488756,1452.1836745320652,Minor,E00,0,11,0,182
M024,2024-07-01 12:00:00,,0.4376883417928064,,,,42.447981028715546,1686.056795230652,1134.3269931925586,Critical,E00,1,12,0,182
M003,2024-07-01 13:00:00,56.65392157299596,0.3147104230873887,90.53595038143206,37.46879788686958,222.77276724028232,49.05122608272126,1284.6115477445394,1607.5501960351369,Minor,E01,0,13,0,182
M009,2024-07-01 14:00:00,69.60425362950056,0.3734225104211505,80.90557354525188,49.461447667056994,213.42234154860188,48.03963599021666,,879.4665682680459,Minor,E02,0,14,0,182
M015,2024-07-01 15:00:00,63.72861513838735,0.4088991467494056,112.18612103602688,63.09051185216634,228.06616804473,48.1932882022501,1511.0036788832658,,,E01,0,15,0,182
M010,2024-07-01 16:00:00,70.58036685331003,0.38318240314020235,101.9843056152106,58.81727535986207,223.23072755828485,44.34216301805926,1509.3563630658746,777.9977271475054,None,E02,1,16,0,182
M019,2024-07-01 17:00:00,73.23393984356939,0.19623551146506749,109.3344084223291,52.93030173281183,217.98471249315634,52.64031947553068,1623.4683817779828,1360.885350791189,Minor,E02,1,17,0,182
M007,2024-07-01 18:00:00,77.52248699004367,0.3986749690684451,107.4293527948836,45.956400465297314,238.90592377534,42.46016237062535,1584.4150959484675,1313.7031225232104,Critical,E04,1,18,0,182
M002,2024-07-01 19:00:00,65.17041609434872,0.342957036613441,104.77477460895663,44.09723384429618,228.10062749748118,49.02260120305617,,1137.830998355017,Minor,E00,1,19,0,182
M009,2024-07-01 20:00:00,74.39778411696042,0.3269679912237667,97.42930115882346,27.628800553348178,206.51071291449733,47.54905257250748,1426.5040560487823,787.1658597694524,None,E00,1,20,0,182
M015,2024-07-01 21:00:00,72.08633815891339,0.3423647535717344,103.91813540511303,34.97392159332593,216.8867407642701,49.73233453707862,1456.0717773390145,1052.5207511106134,None,E00,1,21,0,182
M005,2024-07-01 22:00:00,74.08505585959851,,,35.365741744875706,239.73314086221907,,1340.3680251631513,1569.1465455523037,,E02,1,22,0,182
M021,2024-07-01 23:00:00,68.8813682954784,0.3634519640263262,100.66408742619005,51.89711178648779,212.1425481892724,39.48399996862458,1619.6588244959664,1795.1094670700531,,E00,1,23,0,182
M001,2024-07-02 00:00:00,,0.2544926038403483,115.21360835519351,56.33937325782992,220.53067034265263,30.86939387829717,1672.6715529449036,1981.6640321076582,,E00,1,0,1,183
M002,2024-07-02 01:00:00,71.37894810942164,,88.00462490826516,53.838881034317545,229.84794701301036,45.24646839932911,1498.7325561229466,1410.7181214115037,None,E01,0,1,1,183
M013,2024-07-02 02:00:00,82.64509334102262,0.3609385102076747,87.14473110990042,59.19199725683758,225.21857270164105,40.78955164897686,1535.8311362822235,1300.5705367636447,Minor,E00,1,2,1,183
M013,2024-07-02 03:00:00,67.25766807790666,0.42518259615913295,107.90460171615516,45.86709061831776,226.37175476576627,25.900139899771894,,1379.5694965893083,,E01,0,3,1,183
M008,2024-07-02 04:00:00,76.45696403973332,0.29262707880982,93.45005650783297,33.204837808873364,225.90073094813363,63.97080534717466,1511.8984054463126,1971.4075402182848,Major,E01,1,4,1,183
M007,2024-07-02 05:00:00,71.64198911663682,0.4516111160292192,116.34669536343023,44.40080524380892,220.20314181325006,,1634.1218365490117,,None,E04,1,5,1,183
M002,2024-07-02 06:00:00,70.03354549999942,0.4162797277460603,110.69873096986355,36.301954914810246,213.6614848581042,55.33725648597748,1288.1401736743458,1234.8814253881862,Major,E01,1,6,1,183
M017,2024-07-02 07:00:00,75.79389204280528,0.31994131802566245,112.70057205406434,52.89431990107316,223.47811353991636,47.716257403781135,1558.3323940351886,1089.8783246178455,Minor,E00,1,7,1,183
M010,2024-07-02 08:00:00,,0.27238755135181775,107.07549044441001,40.69095116283128,216.77778698326205,53.36653922209198,1501.4224435246874,1136.083658209782,None,E00,0,8,1,183
M003,2024-07-02 09:00:00,56.02820797705603,0.24893286724387048,92.62733101063765,43.81762059318656,,46.618876827594356,1414.383393578811,1354.5596360335433,None,E00,0,9,1,183
M010,2024-07-02 10:00:00,53.62279126095415,0.3690227696073197,86.72526719891846,53.323466756053,231.8597750970927,56.51456755540212,1439.5976946018338,899.4246604528099,,E00,0,10,1,183
M024,2024-07-02 11:00:00,79.6345329617043,,111.96235735351217,36.10686852490121,216.95203206738526,51.512524245338575,1719.8844581692288,949.4246189235191,Minor,E02,0,11,1,183
M007,2024-07-02 12:00:00,79.38155074727817,0.4339549763697201,88.00345435190354,56.567719029867,233.64904321925303,49.70779698225692,1340.6999046521057,1174.4715909173951,Minor,E01,1,12,1,183
M023,2024-07-02 13:00:00,83.32404567753568,0.30243333191202104,112.67908550182017,28.828843776484636,222.05413072919043,50.31142476148709,1479.7731311234986,1019.2339436711122,None,,1,13,1,183
M007,2024-07-02 14:00:00,,0.2869530313963619,105.35691808183485,48.6786116152659,218.72681814820785,61.72359622049984,1695.5384136894602,1438.5949723096455,None,E01,0,14,1,183
M005,2024-07-02 15:00:00,64.24419118801265,0.36635384458710196,99.38997876943918,43.909212032128714,205.45950620872833,51.33864756195538,,1469.5698090289025,None,,0,15,1,183
M007,2024-07-02 16:00:00,69.482496944094,0.30197671999884035,103.53638147468249,54.92810155708775,236.9588458235074,41.76312637028537,1445.2601627603447,1305.0056477581797,Major,E02,0,16,1,183
M009,2024-07-02 17:00:00,72.06854709216788,0.35059849953581623,103.72232748359279,28.50751245763218,219.9522435579645,,1505.0771261324944,,Minor,E00,1,17,1,183
M004,2024-07-02 18:00:00,65.95777065428935,0.4190192531040965,98.38071689130336,26.630506526505464,201.83376164396722,53.91232525997092,1549.5192347492264,1247.0373455646588,None,E00,1,18,1,183
M015,2024-07-02 19:00:00,81.8914483378432,0.35820605321681065,111.40549787935451,54.00053263033364,,48.84232116277613,1490.3625193783207,100.0,Minor,E00,0,19,1,183
M009,2024-07-02 20:00:00,,0.35846751224919066,111.13120688479627,40.30893430140975,219.59846550370318,49.58317628565331,1392.556375299144,,Critical,E02,1,20,1,183
M018,2024-07-02 21:00:00,74.86968420438106,0.36436026962358925,101.24527441456753,43.910374754781536,212.54939638320184,41.47027105700727,1553.688300442667,1482.9378817564145,None,E03,0,21,1,183
M013,2024-07-02 22:00:00,,0.23148307068002244,95.20004490639757,37.08301006909034,227.44946731871346,50.77660517148425,1487.927665161339,864.4732373157318,None,E03,1,22,1,183
M012,2024-07-02 23:00:00,64.23019812915341,0.3774286424951343,110.44763235523433,55.95372455792684,199.61014082371878,40.28414922685762,1575.3307268466474,1542.1664073285833,None,E00,1,23,1,183
M012,2024-07-03 00:00:00,,0.3611952103708127,83.81951695888944,48.59059452492047,214.28723844539033,47.99379564189597,1610.843288662685,1564.6514759379743,None,E04,1,0,2,184
M004,2024-07-03 01:00:00,72.45784086509428,0.41250281288883944,103.55114085609058,47.887969056684526,217.60478085864685,44.64541779937046,1321.6512544877114,1093.8027377666456,None,E02,1,1,2,184
M018,2024-07-03 02:00:00,70.26501360953633,0.3924067560795983,105.91660086567137,,226.8175035768863,57.86324970695114,1623.9755761730798,963.7824566633377,Critical,E00,1,2,2,184
M003,2024-07-03 03:00:00,74.88704453204723,,93.3731853217759,51.01806663845283,,62.39954560681371,1469.4444973290615,1203.836440473243,Major,E01,0,3,2,184
M019,2024-07-03 04:00:00,68.48573082606488,0.4222675024057483,107.79028389950118,33.09344497491025,218.04184949534144,40.84540539720999,1599.0252964706428,1182.3954261459737,Major,E04,1,4,2,184
M025,2024-07-03 05:00:00,72.88125103873091,0.3295158511671095,99.78891310946699,37.09736366782471,223.67955355841374,,1559.2646957989905,1450.8012908330504,Critical,E00,1,5,2,184
M020,2024-07-03 06:00:00,63.34519889492604,0.3673009972854393,95.63439902440706,28.615828022578192,241.98710635834522,47.51712505766252,1722.4898711809851,263.5557489373575,None,E03,1,6,2,184
M012,2024-07-03 07:00:00,78.5225231355146,0.32821953986644503,107.70578671730938,43.12150230498706,220.03789446315156,53.715507294692124,1500.7504889526367,906.372238131044,Major,E00,1,7,2,184
M008,2024-07-03 08:00:00,71.37353375318597,0.3823230463446248,91.314524570418,,223.7455924481863,50.7699332749326,1451.6021342627128,795.0414099326152,Critical,E00,1,8,2,184
M022,2024-07-03 09:00:00,78.95280516380407,0.3236457152153566,106.95354669251104,,210.1011880199557,46.90099644918762,1438.4440612350122,192.67897487440706,Minor,,1,9,2,184
M007,2024-07-03 10:00:00,70.79318293295029,0.4653286126259097,84.14123028944596,39.69814912204196,235.67333729313572,50.75000417814361,1375.5487155913518,,Critical,E00,1,10,2,184
M013,2024-07-03 11:00:00,71.18280174729612,0.49121539160579475,102.28563557384958,46.30975581721427,214.2961892409148,48.28278993649837,1596.9722359408204,600.160906531025,Major,E01,0,11,2,184
M020,2024-07-03 12:00:00,64.72609543024825,0.41117567779302033,,46.243367665610606,222.14857036144045,62.71307681457681,1367.8296640591393,1045.0060220313353,None,,0,12,2,184
M024,2024-07-03 13:00:00,76.55854183810887,0.457890765458982,95.68243386507392,45.79282420711791,221.92188629695838,43.65083709890338,1595.9193848076409,1004.8160369482247,None,E00,0,13,2,184
M024,2024-07-03 14:00:00,66.74496027586144,0.24225498633986667,103.1169989431121,47.12801316311788,220.68270657612106,52.059893652457056,,1381.3519257418388,Minor,E03,1,14,2,184
M003,2024-07-03 15:00:00,69.08146576080463,0.25050355797075036,99.3634389650577,32.520067752659685,216.52549057677263,54.077067776170296,1288.4129662164298,1099.9335812086347,Minor,E00,0,15,2,184
M023,2024-07-03 16:00:00,,0.3274907603358151,108.43756501844437,,221.9306099600529,53.50781775413354,1678.5925860041707,523.414637806881,None,E00,1,16,2,184
M003,2024-07-03 17:00:00,72.72734510213614,,104.48120791042749,23.937019568395332,234.0587798016824,47.61688377307185,1094.9016788503654,1338.6154117104797,None,E03,0,17,2,184
M015,2024-07-03 18:00:00,61.76341835869344,,103.62155386299482,51.907483300847744,238.24747180730387,60.94619147512334,1490.1889452492405,2167.955813128125,None,,1,18,2,184
M024,2024-07-03 19:00:00,,0.23505053252569322,102.33488962848163,,218.5988570086058,33.28893072996195,1528.0750443148174,1630.0318768978136,None,E02,0,19,2,184
M017,2024-07-03 20:00:00,76.77138131186229,0.43061141944265524,96.22266834762367,59.131173961906995,216.40429368790987,41.24850983020778,1223.27423909215,1471.694379237131,Minor,E00,1,20,2,184
M024,2024-07-03 21:00:00,69.72997179285659,0.5007938763349855,,20.0,213.52988458058078,55.30855953487326,1552.9504504604843,1121.8180361316884,None,E00,0,21,2,184
M009,2024-07-03 22:00:00,70.65160947472008,0.4396691375420836,101.98572672176711,65.09309931032057,241.48908485097851,42.959139138859584,1419.6254487581584,1003.6372254361252,None,E02,1,22,2,184
M008,2024-07-03 23:00:00,72.97443630505636,0.425986628815053,98.61312410314291,25.329351878665022,221.03067918637456,42.491920433807365,,975.88638678415,Critical,E02,1,23,2,184
M009,2024-07-04 00:00:00,71.244237404718,0.36582837236019217,108.89162264346396,30.60078445035442,,46.262435325919895,1661.1612737815888,1296.256867420388,Minor,E01,0,0,3,185
M009,2024-07-04 01:00:00,65.81690698567438,0.2909901840491004,100.74760151635002,48.58868445529201,225.57328513023327,,1517.1264145777407,745.6262947324484,Critical,,1,1,3,185
M018,2024-07-04 02:00:00,71.78192325799857,0.3550769636845177,103.00773286260105,52.424579813094965,237.66721358946165,55.09671208461822,1457.9324062329506,1288.139451722347,None,E01,1,2,3,185
M012,2024-07-04 03:00:00,77.96443902003537,0.49739116257890525,,41.59937488180739,218.01839777534053,57.235238274362864,1479.5448491105897,934.5463781383812,None,E01,0,3,3,185
M019,2024-07-04 04:00:00,,0.32536083212450606,107.54584217648302,55.71127262709446,211.14345352778986,50.70652264355515,1713.1324152969416,514.211715943722,Minor,E02,1,4,3,185
M011,2024-07-04 05:00:00,69.75310866308509,,95.35061125060525,35.441348966927286,234.87561401349643,58.43701096821609,1548.553586545909,928.9029376675417,Critical,E00,0,5,3,185
M008,2024-07-04 06:00:00,63.71021205638954,0.427511256137274,91.65877134162629,40.203696638615504,227.22645155713172,38.90852399840965,1393.9484699660882,1700.478968482593,Minor,E00,1,6,3,185
M005,2024-07-04 07:00:00,77.64829170294207,0.4321580235521917,,41.375064690211545,223.65026481857,50.60710166089538,1441.401933699945,1255.3512476224375,Critical,E00,1,7,3,185
M014,2024-07-04 08:00:00,71.44585075897272,0.29064687359576374,105.58097217946073,38.539249701860996,,,1357.191421921461,100.0,None,E02,0,8,3,185
M023,2024-07-04 09:00:00,66.89880219836482,0.3316960770733804,107.8167657511342,21.78985710730532,224.10664388438613,57.81484642860578,1445.7947833674395,930.5488358939707,None,E02,1,9,3,185
M022,2024-07-04 10:00:00,72.55359360085906,0.3148666152868996,103.63596946325855,44.70399520189807,232.55920552511768,61.49035264146592,1692.9472259515874,1561.3041106375983,Major,E00,1,10,3,185
M007,2024-07-04 11:00:00,64.77839871062729,0.3548782565342763,99.25479363277032,43.61991415556722,221.97273516407205,45.279634683156395,1480.0399557110031,1080.653320582737,Minor,E00,0,11,3,185
M012,2024-07-04 12:00:00,,0.42725806696660446,,57.93819316452406,227.21559059761506,57.337518595350886,1339.5584558196415,1409.517396413901,None,E01,1,12,3,185
M018,2024-07-04 13:00:00,63.239198820889314,0.2937180735210336,106.23288148365336,29.56866701155327,224.2111306035559,46.58579089758679,1551.7112919750261,1041.8825072356212,None,E00,0,13,3,185
M016,2024-07-04 14:00:00,65.5993245746556,0.42627653685658556,109.06015233790635,37.32711211116371,217.3977301197582,54.76122323099319,1452.8906354553492,1273.5762588308103,Major,E02,1,14,3,185
M002,2024-07-04 15:00:00,80.14402550399883,0.35711558742449157,99.45453001659324,59.44189470628254,218.35687645330006,60.48701457585663,1567.3692062338737,1214.1182292990775,None,E00,0,15,3,185
M015,2024-07-04 16:00:00,67.60129001230442,0.5128334495419995,116.58034291760642,48.519466335412226,216.8571022775185,43.64745903527254,1470.9121478734507,941.6450375404036,Minor,E02,1,16,3,185
M001,2024-07-04 17:00:00,74.79735073590888,0.3723181619059611,98.42145160231352,51.592556233876465,222.12389676253068,35.15389135508404,1673.4324390986321,1428.5923732924866,None,E00,1,17,3,185
M003,2024-07-04 18:00:00,66.98219148026448,0.34321570012595143,88.84793244088021,50.44120348007438,216.35358074881194,64.7805227883338,1390.722479832515,1812.6156400382008,None,E02,1,18,3,185
M017,2024-07-04 19:00:00,76.55720247457931,0.3902300308981195,86.22781807204818,50.49445976921465,223.4871965128308,53.90501775097876,1360.1805324729214,1353.8576025260363,None,E00,1,19,3,185
M003,2024-07-04 20:00:00,65.84350799441211,0.3263997633478953,86.49779705696538,66.85259993817218,223.21521253338122,49.1433635315046,,1241.5842894106286,None,E00,1,20,3,185
M009,2024-07-04 21:00:00,72.23536756657055,0.2243308813653722,96.68950565942004,46.09848789576381,221.64123306858417,48.703942038796484,1259.5733071942068,862.7298429280809,,E00,1,21,3,185
M015,2024-07-04 22:00:00,72.31710785921369,0.3331635178010231,98.14385583109774,32.86388067788713,221.78014935789776,33.230464984517354,1479.368052775651,,None,E00,1,22,3,185
M017,2024-07-04 23:00:00,85.96683201855954,,105.46079710143913,52.6655698347347,215.47073262043756,51.66984961834973,1596.0737048729222,995.5787292055778,Major,E01,0,23,3,185
M012,2024-07-05 00:00:00,75.78255172788099,0.23853777776151314,99.77113571796983,38.201379909274706,,45.75547790627223,1236.6724415549193,1424.2747956540331,Minor,E02,1,0,4,186
M003,2024-07-05 01:00:00,68.44257591402436,0.3448875367143855,106.74696827707348,43.68075628298051,206.6351293918975,50.419798792458316,1507.757169174162,1504.6793043740886,None,E00,1,1,4,186
M020,2024-07-05 02:00:00,76.11029378190308,0.20530228427734215,100.35914266098261,49.44217202106863,219.04104522958346,50.24234312507965,,1595.003236823457,Minor,E02,1,2,4,186
M024,2024-07-05 03:00:00,84.82904682291125,0.32566192153911644,100.10817140901493,35.143748217373734,212.11351015903082,22.97792947736874,1278.6186812071705,1602.4507517345012,Minor,E00,0,3,4,186
M023,2024-07-05 04:00:00,62.22218345709423,0.36705171944312703,95.37988100793243,38.87646302616278,220.79881944626507,53.91972045803854,1372.0870647152783,1587.9835333700237,None,E00,1,4,4,186
M019,2024-07-05 05:00:00,66.94510774458765,0.35678973239967626,111.38070768318251,50.71018285284494,214.2840870206923,51.5117559725221,1477.9929023821317,697.5107503958734,,E00,1,5,4,186
M011,2024-07-05 06:00:00,70.57861464532024,0.3212251368979227,87.74812562737604,38.41626034549114,203.5946176124091,52.58616004628273,1415.2949351386953,856.3689384745315,Minor,E02,1,6,4,186
M022,2024-07-05 07:00:00,69.4974706371483,0.344012871863635,102.41048232571106,56.68062379188429,,48.53264217965157,1632.8480098065443,651.0101486778085,None,E00,1,7,4,186
M013,2024-07-05 08:00:00,70.00345981002076,0.2951154893765518,98.54679630600613,33.16610882564842,218.14856501323456,50.39138697318846,1509.8863608447975,624.0718780401475,Major,E00,1,8,4,186
M004,2024-07-05 09:00:00,64.17460640644055,0.35075715635957744,106.254036780036,33.125707483061184,231.5764628934696,51.382467327277745,1441.3252677219757,1810.1240834600671,None,E00,1,9,4,186
M022,2024-07-05 10:00:00,80.42373632130007,,99.83336479075321,67.87267038906387,215.78408241145053,52.19410467110757,,805.6284175719601,None,E00,0,10,4,186
M009,2024-07-05 11:00:00,63.464348409140285,0.2869825015468943,100.0691496449272,26.63728270088457,233.584931394466,,1526.8930907008128,749.3882454062735,None,E00,1,11,4,186
M024,2024-07-05 12:00:00,70.798723142265,0.36873894403563684,97.86688302152231,44.67940165202052,210.786417092654,52.262101806024205,1747.067872012614,1177.652492039023,None,E00,0,12,4,186
M010,2024-07-05 13:00:00,78.27498355056419,0.3683016858556317,111.14605123305599,67.2178061707548,221.40825260684443,64.79783062319164,,901.6096530381615,None,E02,1,13,4,186
M022,2024-07-05 14:00:00,71.81889085712488,0.338365306049325,100.01924708048232,44.65690262520873,211.2616846428197,,1429.7337846691673,2104.7615801132733,None,E00,0,14,4,186
M014,2024-07-05 15:00:00,66.12363499858338,0.5194732925400772,115.75720969290778,61.161248028767986,240.80594550902285,47.00036315921849,1372.714247340852,1090.629972352494,None,,1,15,4,186
M012,2024-07-05 16:00:00,63.907946061756256,0.34015083293209836,102.17797665302028,52.82969837286018,218.00590820209217,63.543651446022785,1642.1015231642946,1378.069400445798,Minor,E01,1,16,4,186
M008,2024-07-05 17:00:00,70.62000482383331,0.3304536028238887,100.17407872637861,44.91357738918238,226.62762042364614,48.76317922667765,1611.2406680043698,,None,E00,0,17,4,186
M021,2024-07-05 18:00:00,67.4578226048972,0.3204324823554587,,43.432256862445506,223.60461941055073,57.453102867594865,,,Critical,E00,0,18,4,186
M002,2024-07-05 19:00:00,73.23138655021786,0.282034254384652,104.51397519748143,20.0,219.7958749857175,51.084038974100274,1428.1146979300063,908.5147021719921,Minor,E02,1,19,4,186
M012,2024-07-05 20:00:00,63.59129311365492,0.3980128151890382,95.29285301674236,41.17066008137565,224.14175891666417,48.17750530888254,1386.7376253186048,,Major,E00,1,20,4,186
M010,2024-07-05 21:00:00,76.87821442132574,0.30196271223863846,101.1659391923123,47.78662206997433,230.87338350932203,57.88998578609697,1465.2826024657384,910.0067619838417,Minor,E02,1,21,4,186
M014,2024-07-05 22:00:00,72.6932971389868,0.3102436297101573,,47.7799549163109,225.34564744879154,,1622.3854833734863,559.976948035934,None,E01,1,22,4,186
M007,2024-07-05 23:00:00,73.13901836611487,0.3123230908322981,102.60198159412151,74.59030508584675,221.29963898623143,37.72792129988127,1504.9830055139475,1254.429292064825,Minor,E02,1,23,4,186
M017,2024-07-06 00:00:00,80.6464606694401,0.28105395389060417,102.80024261009405,48.371496793794066,224.15458350382679,51.38794534762398,,1065.2815871266716,Minor,E00,0,0,5,187
M010,2024-07-06 01:00:00,69.37322700976881,0.22742416672186935,103.21595904147131,52.56174384952614,235.32030948426228,42.039506605009905,,583.2334442432779,Minor,E01,0,1,5,187
M005,2024-07-06 02:00:00,67.64509983160066,0.3175942092988564,100.75923796938633,58.979558008918815,,60.16922081002434,1222.473951023776,1242.5091233464818,Critical,E01,1,2,5,187
M005,2024-07-06 03:00:00,,0.4111334718898604,112.551547938795,,205.1689047628145,64.02872033211297,1812.64025200993,1504.8930928361058,None,E02,1,3,5,187
M018,2024-07-06 04:00:00,70.84484058286046,0.36378858638256706,103.38055052945987,43.96741119915972,211.22799223483784,64.99177759992767,1525.7499816692768,1679.0921853733826,None,E00,0,4,5,187
M007,2024-07-06 05:00:00,71.45421063125202,0.45924026891316877,120.84789030687463,44.02575179352716,211.82301193782212,52.860108203984176,1593.4231346949475,,Major,E01,0,5,5,187
M008,2024-07-06 06:00:00,67.01581358038936,,100.39881126852698,40.79214621316463,212.94976290901346,,1405.4981625716484,907.6398703374344,None,E00,1,6,5,187
M016,2024-07-06 07:00:00,59.86148848180164,0.3866775367191831,107.6713063396414,50.33053234963896,,,,651.6892207727552,Major,E00,1,7,5,187
M009,2024-07-06 08:00:00,68.63442599472577,0.48178543158569004,94.19160633300255,42.956151348241455,219.81120339880778,42.48220370655404,1518.5698068463446,939.0739930940521,Major,E00,1,8,5,187
M010,2024-07-06 09:00:00,74.15895399772134,0.3431998083497752,111.20631404249043,52.499236686379255,,68.76399040353832,1260.9971598428074,1755.421052756617,Major,E03,1,9,5,187
M007,2024-07-06 10:00:00,72.81754983752096,0.35441529714534664,94.36572850580424,32.890952276043606,221.89337380367093,59.55485624650655,1467.952648656913,909.1125205963126,None,E01,0,10,5,187
M009,2024-07-06 11:00:00,79.19732681895496,0.34919749048379034,103.64702414364876,46.76218150090373,214.1577766917985,52.43621080873609,1622.6773748614946,1009.9836910789151,None,E01,1,11,5,187
M018,2024-07-06 12:00:00,83.73291926378273,0.45806507118284845,97.88458238748699,63.62480785688843,227.95120054235844,57.97639356413256,,868.3709541405791,Minor,E01,1,12,5,187
M014,2024-07-06 13:00:00,76.5560026287508,0.35017607215213636,103.61606237693506,42.30451803186223,224.27564657422826,46.0662070011091,1530.5882409513713,1850.373017970621,None,E00,0,13,5,187
M025,2024-07-06 14:00:00,80.29512385444936,0.30462058381460266,98.12163010502807,67.11601952360132,232.65046909965983,41.136335270380364,1709.2487255131273,280.09396087629506,Major,E00,0,14,5,187
M020,2024-07-06 15:00:00,76.60064575357872,,93.68597684863028,46.96405736794714,226.77408832357372,32.293972874612564,1545.041026870461,977.453364199246,Minor,E01,1,15,5,187
M001,2024-07-06 16:00:00,82.2593955355643,0.292861813226008,97.82726168161773,44.321901694248,217.20374593128983,50.66445409119708,1271.468877776413,853.7577287649058,Minor,E01,0,16,5,187
M010,2024-07-06 17:00:00,,0.38734300588297477,112.33264099313317,,230.44390642905998,48.3347646100014,1482.1115924802175,511.5314172649491,None,E01,1,17,5,187
M008,2024-07-06 18:00:00,77.70699102467356,0.3789688653899284,103.73821014804118,41.262921070034565,222.18868869050283,54.15431424874525,1731.0381544785591,1640.8872797824558,Minor,E00,1,18,5,187
M015,2024-07-06 19:00:00,76.23828087854751,0.33674181325354524,89.68919976096694,21.233327146723035,226.3838289510444,50.104581603559616,1462.8675833431712,478.75845765132334,None,E01,0,19,5,187
M007,2024-07-06 20:00:00,70.76860696837579,0.38960681004607783,108.76306160992048,55.56209829867781,225.7634378775787,53.79108208993617,1723.6915232039553,1016.2213005167647,Minor,E01,1,20,5,187
M025,2024-07-06 21:00:00,71.75197631421653,0.24585470487841535,92.86788655738177,71.31255796736536,219.00544133376206,,1622.8372908540605,1168.5072622251207,None,E00,0,21,5,187
M008,2024-07-06 22:00:00,69.97297601189842,0.36140734849274897,105.94687430446521,50.76515124039203,220.82616304344484,38.31855117053255,1450.9829013341835,899.6314517977037,,E01,0,22,5,187
M014,2024-07-06 23:00:00,75.72750966537033,0.31760642307332876,104.42532118076724,51.49585153627751,218.9490029435664,56.95119768018652,1370.3404407741361,506.2944757009369,Major,E00,1,23,5,187
M004,2024-07-07 00:00:00,67.67791177584391,0.5503584504099165,104.93048373001083,42.80888777330405,213.17642969406776,46.74735797313994,1540.7872484305826,1132.6959890102705,None,E00,0,0,6,188
M023,2024-07-07 01:00:00,70.85336274132054,0.3609077548748145,114.82551332934544,58.89346918596771,202.8424417763547,54.14063083247244,1652.4600025597147,895.2673039517483,,E02,1,1,6,188
M023,2024-07-07 02:00:00,57.8689806889302,,,44.528740578482704,214.44955557786386,58.17781459862287,1310.5633836404697,1523.4594184279363,Minor,E00,1,2,6,188
M020,2024-07-07 03:00:00,82.33853936863505,0.25351887847628424,104.88635820709463,48.20664117836276,221.5933252517311,58.232753928167746,1514.4464984150077,1406.4445392737077,Major,E02,1,3,6,188
M009,2024-07-07 04:00:00,,0.4413784337755986,110.07670889945909,26.217402390429317,228.6846790337898,51.033222530620385,1255.0334205201434,1977.7107174824916,None,E01,1,4,6,188
M002,2024-07-07 05:00:00,74.73348262401946,0.3254977096333355,94.85326638700103,38.647897557066614,226.36791990758644,51.427806613390494,,1243.9904953541948,None,E00,1,5,6,188
M018,2024-07-07 06:00:00,80.74672016826841,,94.03397135588004,49.40823777817485,217.7630952400941,57.135297856190334,1301.432062550915,1435.7004433882687,Major,,0,6,6,188
M011,2024-07-07 07:00:00,73.80176062464707,0.37354094498063417,97.70249968982053,55.88654081500789,214.55858692943767,37.99059071670667,1567.4682970176164,1056.4260501765518,Minor,E00,1,7,6,188
M025,2024-07-07 08:00:00,80.66606221256059,,102.59786428657654,56.219276905554054,218.56100646965692,42.387367560423954,1417.3202428291238,1884.6917289074001,None,E00,0,8,6,188
M018,2024-07-07 09:00:00,,0.394376705324667,88.71618980831238,26.049829016187,212.19994829137238,47.765946175824645,1638.9643526790153,1204.1076461426085,None,E00,0,9,6,188
M014,2024-07-07 10:00:00,86.38425953758622,0.3513825296141553,104.41121592686652,27.26664269702302,203.07784298120075,,1435.140993162374,1158.9783473625905,Minor,E01,1,10,6,188
M025,2024-07-07 11:00:00,78.5226611909326,0.36114330958207036,88.73290606603419,52.00964521266256,207.63884300020203,,1424.2113309099843,1416.2311271104818,,E00,1,11,6,188
M021,2024-07-07 12:00:00,73.25521495491985,0.3662425952976492,110.34664660645957,36.03829934394201,230.99793086529186,47.389208422918,1306.1801377351776,942.0164498444326,Minor,E00,0,12,6,188
M012,2024-07-07 13:00:00,,0.37354773859402113,104.11013462472098,55.73511127250131,234.85827924350792,50.69685269248938,1546.9260008141223,1000.1531631847671,Major,E02,1,13,6,188
M001,2024-07-07 14:00:00,64.98819068406377,0.37974196371310376,,25.437981491015783,226.03152779145114,49.544932567144194,1559.0521141681845,1415.9434024497875,Minor,E02,1,14,6,188
M003,2024-07-07 15:00:00,70.26831072738304,0.4266116925913882,,43.81908067519863,219.53477899799904,58.55478823525949,1612.769323127904,1492.8935387446534,None,E03,1,15,6,188
M012,2024-07-07 16:00:00,80.66550237841427,0.3539490403418095,97.56191639103206,,208.85615701879968,54.584037555944896,1578.6241594860235,1438.8262848202319,None,E00,1,16,6,188
M015,2024-07-07 17:00:00,60.79763891463021,0.29282377139187465,93.61058291825869,50.76560516403894,218.71094379580106,49.4317497964987,1548.1523679557395,1167.9269028663998,Major,E02,1,17,6,188
M001,2024-07-07 18:00:00,75.36274664975284,0.3398995807827176,,32.626080046243764,224.89471398138969,47.33390115852373,1571.5021391763225,1308.1709404479366,Major,E02,1,18,6,188
M004,2024-07-07 19:00:00,75.19305695907093,0.4027646573114498,99.757995292177,21.398831264094994,226.63905017995188,49.61953512071615,1583.619743992291,1584.169029393314,Critical,E00,1,19,6,188
M018,2024-07-07 20:00:00,83.81535490093297,0.22494304291306078,109.48911227901822,47.05527313854818,,49.76111165673086,1608.9188188276655,762.409800251941,Major,E00,1,20,6,188
M019,2024-07-07 21:00:00,62.50226748166658,0.2253473463239627,92.57104946916121,51.31716327054574,229.67654454153012,70.15005032708149,1316.6913357262704,1200.5571176943904,Minor,E00,1,21,6,188
M001,2024-07-07 22:00:00,81.6577863421898,0.4142793284974627,116.16721600368783,,235.54361811368972,38.33978229799047,1444.5818324111806,100.0,Major,E02,1,22,6,188
M013,2024-07-07 23:00:00,68.64317554110659,0.4564085971795929,110.19821553371995,40.69738015939019,216.75982118607908,42.589799655213426,1305.2331162919893,1496.0941122117013,None,E01,1,23,6,188
M003,2024-07-08 00:00:00,69.31794324052888,,98.37181095794284,54.30817969218537,242.44249638482478,41.41659252244005,1539.85604896943,,Major,E00,0,0,0,189
M019,2024-07-08 01:00:00,64.66797367824124,0.35703214895830265,114.38256718110095,50.82928529866115,203.84049961306067,52.15417347061544,,897.576496314173,Minor,E00,0,1,0,189
M021,2024-07-08 02:00:00,65.47288777519844,0.32203184209580893,93.73497523954182,60.868860932572034,213.77350843555843,51.83738677305762,1607.560963617818,1151.2403313096122,Minor,E02,1,2,0,189
M022,2024-07-08 03:00:00,74.42113408472353,0.3317418921430863,101.64471831932183,44.335345007469385,221.60000202731803,45.41542565204811,1427.1536957690296,1447.6417299542004,None,E01,0,3,0,189
M015,2024-07-08 04:00:00,65.32600851131187,0.37138717061294907,89.78823158744277,24.241208366471056,224.39220738094733,57.16894133696754,1560.649621393196,2156.73391069131,Minor,E02,1,4,0,189
M016,2024-07-08 05:00:00,76.4417060019175,0.25949908396924753,114.77255405041129,44.188083916569035,218.54691477018727,52.957254915570005,1541.8728213306747,578.7859711535353,None,E00,1,5,0,189
M024,2024-07-08 06:00:00,68.02220371818147,0.27249477496553187,86.82090549535218,46.06140898155254,216.03387248202682,57.50480251737524,1527.9755587395134,860.1955768482509,None,E03,1,6,0,189
M016,2024-07-08 07:00:00,,,88.47646642990274,51.21833090878193,237.62068331203972,59.62763482328733,1343.5985009614033,1291.4741930431067,,E00,1,7,0,189
M012,2024-07-08 08:00:00,68.83314512184063,0.33982370814740875,94.92229514351037,26.6078116039126,215.65181939124153,,1657.8162711618336,909.3099298442725,Major,E00,0,8,0,189
M019,2024-07-08 09:00:00,74.02024315053784,0.27118314260210796,110.57858939740929,41.25546222230551,211.84500832615652,55.484933392170106,1358.629162139468,1534.3752561826464,Major,E03,1,9,0,189
M015,2024-07-08 10:00:00,,0.4052753372352429,107.63875908863108,,233.5266052230576,39.67951622082474,,1132.881752752316,,E00,1,10,0,189
M022,2024-07-08 11:00:00,72.2052607099968,0.32077073188222766,100.97640502583285,43.750974567346404,226.7932215292768,51.99530099707705,,1554.124159902319,Major,E01,1,11,0,189
M014,2024-07-08 12:00:00,76.1772447710165,0.3204727675753208,,41.33118741441498,228.75773777398163,,1455.1900528245153,1100.603805135711,Minor,E00,1,12,0,189
M022,2024-07-08 13:00:00,78.4945287097017,0.369786115316093,99.0766902023108,67.875916773402,221.56696990060425,,1509.516187161489,1417.9536381251903,None,E01,0,13,0,189
M002,2024-07-08 14:00:00,70.13942814846341,0.340976420675275,103.37943023414397,32.15994975802138,208.99210647337674,40.36302933054211,1514.3527292576016,817.1482824237843,Critical,E00,1,14,0,189
M001,2024-07-08 15:00:00,,0.4086233769034069,113.21380860524893,59.79785651981177,220.6769577186607,58.24389229109413,1507.909608342853,1974.9686139111998,None,E00,0,15,0,189
M003,2024-07-08 16:00:00,72.4565668735351,0.28466042235395334,98.0270490143663,57.254996830490285,207.89049924231057,39.676040181113265,1513.806632617171,520.1362059645974,Major,E00,1,16,0,189
M014,2024-07-08 17:00:00,74.82389751662443,0.2521829382055568,93.86901903382635,42.29800246059645,,56.004268890980775,1525.6702445464007,916.8943410610497,None,E03,0,17,0,189
M018,2024-07-08 18:00:00,63.235648164168296,0.32831487053409747,103.76297371461592,44.60531336301208,225.22722347024327,38.544876890630235,1508.9643145468851,631.8463793028942,Major,E03,1,18,0,189
M006,2024-07-08 19:00:00,66.6563502179545,0.3542165321054509,105.9221944599324,44.562495204574034,228.60335750066307,49.85715160394091,1392.5414412608113,1520.1193807505956,Major,E02,0,19,0,189
M004,2024-07-08 20:00:00,67.68487862422235,0.26314708391317354,100.88358189716223,47.18337307612244,219.26089520159275,64.43513017257729,1313.994935921137,1415.8442306617442,Minor,E02,0,20,0,189
M022,2024-07-08 21:00:00,70.75306686767775,0.2528572506809818,108.02705050964826,37.865503710746545,225.9847171550873,68.89304438644872,1619.7754723426456,712.7248381606357,None,E01,1,21,0,189
M019,2024-07-08 22:00:00,67.43379657823928,0.36276084476365894,98.3899269101319,39.86222128285596,212.76923567730825,37.05024913624574,1625.2534501021516,1598.8455319184714,None,E00,1,22,0,189
M017,2024-07-08 23:00:00,76.2422443505814,0.29695536028795266,101.02036807666794,40.737305629226256,227.73305165974188,44.3636941105334,,920.5831347344363,None,E00,0,23,0,189
M013,2024-07-09 00:00:00,62.3692007912495,0.2483241798095156,102.99659906050888,41.12042759281341,225.39662348863934,45.818709550048254,1539.4947410390137,1354.9274762952896,Major,E02,1,0,1,190
M011,2024-07-09 01:00:00,62.52168781683345,0.41757389046198434,102.29888830429955,41.27092523337516,213.59793922170755,68.04042866816748,1390.177416660343,,,E00,1,1,1,190
M001,2024-07-09 02:00:00,69.99666713093123,0.3057743728951035,112.9061730343108,20.0,224.24290114861353,49.45338694252363,1207.3697581663303,1102.0517029282767,None,E00,0,2,1,190
M005,2024-07-09 03:00:00,70.94608317516087,0.43048681227057506,102.95645000000266,46.17178905515342,228.71776968048476,58.5973126897931,1470.1573829024198,1563.9413338581157,None,E00,1,3,1,190
M023,2024-07-09 04:00:00,63.272136762851375,0.3519929553776599,,38.670386638152806,220.6291673934532,52.39765707332657,1272.317737722582,1142.356614548543,None,E04,1,4,1,190
M009,2024-07-09 05:00:00,68.35950694411461,0.3706331203438712,104.22385361192809,22.598266960623597,,40.40629997599903,1522.1279635543387,1335.4942593815458,Minor,E00,0,5,1,190
M018,2024-07-09 06:00:00,69.59373709548547,0.33519501777322025,108.07080672216101,,221.42204644052725,,1656.5087013260809,1090.3500214596481,None,E00,0,6,1,190
M018,2024-07-09 07:00:00,69.64021231786712,0.1641386428818012,106.19388353215037,40.42851026391131,224.41960597507202,45.09526600384239,1426.063372488266,452.7110032418553,Major,E01,0,7,1,190
M008,2024-07-09 08:00:00,72.91128889973575,0.2704249456262407,105.75046056930383,60.30293432498966,213.35984439507385,68.5349857741607,1432.9565520185697,1150.586151424354,Minor,E01,1,8,1,190
M006,2024-07-09 09:00:00,68.03052669345863,0.3412003378196893,88.01559885188772,38.52924049884701,211.93884848937583,52.060906080394645,1379.3006857040536,850.5335628684153,None,E00,1,9,1,190
M018,2024-07-09 10:00:00,80.86701780004964,0.3755310396104893,80.05989906527738,,224.17297873484773,58.43499167788588,1505.310244872922,1756.9076270988865,None,E01,1,10,1,190
M003,2024-07-09 11:00:00,74.92922783840143,0.2247228184328315,,61.59374404062861,226.5865436142001,38.654059506455056,,654.329581387044,Minor,E00,0,11,1,190
M013,2024-07-09 12:00:00,67.15731887615208,0.3462478804497677,103.51085956964906,37.463175491740905,237.19805878194583,47.3982246753647,1377.704333160049,1690.0075188100443,Critical,E00,1,12,1,190
M023,2024-07-09 13:00:00,72.56706896020543,0.27144151389501775,99.82738066707785,44.430033481658924,225.325812978825,56.230751389066036,1609.5089441900905,1128.4913037652577,None,E01,1,13,1,190
M018,2024-07-09 14:00:00,72.74409191163363,0.3664234115562758,105.55450422224123,65.74430129891641,210.3273463921916,41.27066433210401,1824.284376745789,1362.4808498307464,None,,0,14,1,190
M020,2024-07-09 15:00:00,79.28832884698669,0.3486419450010122,115.41847948532731,47.747713861790956,236.31826830660017,49.48826086933739,1642.7830621925934,648.033396978441,Minor,E02,1,15,1,190
M003,2024-07-09 16:00:00,68.39770542650189,0.4020451121700701,111.30824932677129,49.48499810482713,228.4398971838353,42.96187106457586,1486.7274933990507,1076.4839075355915,None,E00,1,16,1,190
M005,2024-07-09 17:00:00,,0.4246776051131263,,40.11295291238007,203.9578310266524,56.611475071364566,1485.2948956203224,934.1521315259763,None,E00,1,17,1,190
M007,2024-07-09 18:00:00,72.25112685469486,0.382129292949182,92.90619493733885,53.24460996518688,211.75767990185156,53.1881323663512,1438.3728944344741,2041.2969906844953,Minor,E00,1,18,1,190
M008,2024-07-09 19:00:00,80.9493990986926,0.4102275512279402,93.94567357624099,44.52428863577299,216.0675326327605,,1435.899248067611,924.2619010220806,None,E00,1,19,1,190
M005,2024-07-09 20:00:00,79.74534871583644,0.32547602668533127,80.90876254905834,23.01476474544166,226.70478553729166,56.96860028640482,1614.9787971153808,,Minor,E00,1,20,1,190
M025,2024-07-09 21:00:00,73.1818758275556,0.5476182187887002,105.06810779107936,40.73720959220619,200.96436028465678,48.17860157435547,1620.204834002259,1666.9459285063108,Major,E00,0,21,1,190
M005,2024-07-09 22:00:00,70.42630427390364,0.2646826632453583,108.86901757968933,30.8018545173626,219.04710067130853,58.02585377533809,1359.6564587662897,1655.7092989558628,Critical,E00,0,22,1,190
M018,2024-07-09 23:00:00,75.03963545807673,0.3130570955463475,109.5214243695321,46.34689157127054,226.2483908436438,45.2812147984715,1543.9578494908917,962.4497585622048,Minor,E00,1,23,1,190
M015,2024-07-10 00:00:00,70.91729983723701,0.4130951007922825,105.40344377021421,33.99793083529346,197.32710067592708,55.00576081148775,,,None,E00,1,0,2,191
M016,2024-07-10 01:00:00,,0.40269049134026946,98.76746513418149,50.73754158830976,225.97406735430692,34.23237375923092,1457.9781576126393,2004.8725567176043,None,E00,0,1,2,191
M006,2024-07-10 02:00:00,72.47082046906208,0.3841172313399644,95.48578030471884,45.53716105120556,226.935547615135,44.02915048568631,1474.615942252064,,None,E00,0,2,2,191
M008,2024-07-10 03:00:00,69.56614420492298,0.3972723060595175,93.39708163127388,30.023891957053625,,68.52642562865302,1583.517921197717,1013.8404540933699,,E00,0,3,2,191
M016,2024-07-10 04:00:00,69.24230948355644,0.20415099917757712,,,210.7737018533672,54.8879034938439,1586.9301500228414,855.7413431521326,None,E00,1,4,2,191
M008,2024-07-10 05:00:00,64.72178648880775,0.4612509086176484,92.17738996882841,52.44675241957301,213.1016515534038,,1551.4869995510512,1388.703653041515,None,E00,1,5,2,191
M018,2024-07-10 06:00:00,75.33935476855994,0.33572763287933693,114.0476325200687,58.77591642976759,198.62321692601014,43.40883254853847,1530.507450624854,1225.9609165628956,None,E00,0,6,2,191
M001,2024-07-10 07:00:00,67.07993278416299,0.43721259275895963,89.58102757547519,34.170945224712796,217.3904808470344,,1546.6305112603536,1273.0860547233942,None,E00,1,7,2,191
M002,2024-07-10 08:00:00,78.58888951312649,0.20765313947224304,98.42357378488622,31.830714060707436,221.75677004602375,47.885118686087225,1466.673925097834,660.852849937084,Minor,E02,1,8,2,191
M019,2024-07-10 09:00:00,64.24238967599057,0.36795979524368333,84.51025269255301,68.41181928361264,210.24530562165512,49.46297212297848,1365.8740781655638,1213.1800530966918,Critical,E00,0,9,2,191
M016,2024-07-10 10:00:00,72.7634486938395,0.3105548404598606,102.37243889038452,44.88278464205991,227.7763966604674,65.31573749690833,1313.2062629910229,1657.5394527960168,Minor,E01,1,10,2,191
M002,2024-07-10 11:00:00,78.90134255098472,0.39004841061069123,99.98093032194296,46.097627223863675,220.8205374452429,58.1515153755427,1571.4673716010655,1526.073855572667,None,E01,1,11,2,191
M023,2024-07-10 12:00:00,59.086517612258184,,97.14567717088369,36.12730733878021,222.0801419852276,50.87142297010921,1512.9836502310204,1034.3512273109761,Minor,E01,0,12,2,191
M001,2024-07-10 13:00:00,84.10959326275312,0.37562334582494245,92.53773387175957,47.582642742484644,216.78402669692548,50.52570243149275,1554.6623500830124,1156.3833232028217,Minor,E01,0,13,2,191
M024,2024-07-10 14:00:00,69.44828881681134,0.2758740818237956,100.01969468470094,65.58114811848212,,56.06512608604642,1400.5344850141742,612.6660409034757,Major,E00,1,14,2,191
M019,2024-07-10 15:00:00,72.84657229297284,0.3460121615426972,95.6443128798861,48.05238322628319,230.32448548684707,39.44963307593297,1512.3103132502133,933.899127477593,Major,,1,15,2,191
M025,2024-07-10 16:00:00,75.42869535309806,0.3373883066449461,98.90505688506664,57.77955898967213,216.7398508602319,34.62920071892956,1509.436803128186,1063.988650393177,None,E00,1,16,2,191
M024,2024-07-10 17:00:00,76.35677433669332,,115.65944001534395,,226.08825416715965,55.94710464709714,1653.4808782473515,1453.3631668634325,Minor,E00,1,17,2,191
M008,2024-07-10 18:00:00,,0.4192507896803427,101.37741772714055,32.69036171251268,226.17621966262456,50.576101310841,1602.2105917650852,,None,E00,0,18,2,191
M019,2024-07-10 19:00:00,77.98430750223821,0.360533314540603,104.26293766379226,36.80115996848408,223.3429648787322,39.50306884201866,1411.20474300103,785.6060308354768,None,E00,1,19,2,191
M006,2024-07-10 20:00:00,75.11442427753087,0.26066793981279807,96.28428179455604,31.586373896342053,233.41643355285208,33.2409532173604,1560.5463531215546,1503.0716347521882,Critical,E00,1,20,2,191
M012,2024-07-10 21:00:00,82.56528684019382,0.3575305166696737,93.72451592260191,,,57.15093437471548,1410.3730241030582,1030.9580946248332,,E03,1,21,2,191
M007,2024-07-10 22:00:00,75.13396525712758,0.5327753359886483,99.81633829241082,59.68666552380001,216.6276134797044,45.82755869171771,1186.442415413407,864.422099222059,None,E00,0,22,2,191
M013,2024-07-10 23:00:00,83.78781311929852,0.46522037288914503,120.0314080388178,46.93213130580988,213.78432498909999,53.20208546805957,1707.114127444528,1524.9647575709153,Major,,0,23,2,191
M022,2024-07-11 00:00:00,77.40647304142594,0.14179203060696102,97.70057844084832,41.30661817643679,225.80017315792833,47.88991978981143,1455.0084295892373,1383.513134436101,None,E01,1,0,3,192
M011,2024-07-11 01:00:00,61.16549924539042,0.3544340207586391,102.89150242691858,35.52432297255152,217.82010988200378,49.726088215141594,,1117.0115201841224,None,E02,1,1,3,192
M003,2024-07-11 02:00:00,87.66661607032705,0.4152483667678741,93.37281187927567,,214.4340068884252,45.26199420973907,1420.6388337087776,1059.4877083220329,Major,E00,1,2,3,192
M009,2024-07-11 03:00:00,68.5539353491367,0.3372371091202414,77.957823692786,30.14241536647652,233.30518101395631,49.38791980503458,1403.1181880860834,1351.8112734600395,Major,E01,1,3,3,192
M020,2024-07-11 04:00:00,80.97326409121041,0.3177936355899281,93.68134934454675,,234.47604651248602,54.616585891140325,1434.4088560818732,1415.5061982706543,None,E00,0,4,3,192
M014,2024-07-11 05:00:00,72.16076065871663,0.3313125049441558,119.0456762188301,55.801959211687,,47.79417183910221,1530.3179189420882,1283.564684253609,Major,E03,1,5,3,192
M015,2024-07-11 06:00:00,78.36654154561548,0.38865326398042566,104.76312235779812,41.66717925191283,209.06073543968313,47.33741151382394,1521.1375880811063,1248.255832414563,None,E01,1,6,3,192
M011,2024-07-11 07:00:00,67.86912653480523,0.26960710179374936,113.12739360842761,41.4305496837998,234.9081396027916,54.860303131813275,1559.723603438496,,Minor,E00,1,7,3,192
M008,2024-07-11 08:00:00,75.75446725853753,0.43320820561265594,97.2182221205442,42.97120780424701,,55.39343919037902,1440.4357288292733,981.3192941698229,Critical,E01,1,8,3,192
M015,2024-07-11 09:00:00,70.48085672763357,0.34608049058113516,81.14535116994671,53.710452800951245,223.3657790049034,40.90007828897585,,1131.270172757911,,E00,1,9,3,192
M016,2024-07-11 10:00:00,81.47401866953933,0.2845483008121915,91.13032797230044,46.98603207629241,220.84000807676458,49.768729265191446,1398.8194612220025,815.5596355840125,Minor,E00,1,10,3,192
M023,2024-07-11 11:00:00,74.63200900450205,0.42870451129790865,103.17619808835335,36.08302270000904,213.5974581703927,45.80989752133244,1676.315747101918,768.780590166412,None,E00,1,11,3,192
M016,2024-07-11 12:00:00,77.61565584780939,0.2418408366421851,101.9009108874916,36.51489339661798,216.69371635249044,50.10974380766404,1342.319923116482,1164.1068340118247,Major,E01,1,12,3,192
M025,2024-07-11 13:00:00,59.01553877116158,0.3111352932098891,99.91660962737417,42.658670269835596,225.42176033950244,61.4717351056236,1401.363523980278,1595.7783406139838,Critical,E04,1,13,3,192
M021,2024-07-11 14:00:00,71.48656392126824,,95.75800790050945,48.6266369123237,216.41951711572668,52.87173845610462,1449.189093705568,370.8356819755325,None,E00,0,14,3,192
M002,2024-07-11 15:00:00,74.46330981034977,0.5000759356765292,107.51772549442595,44.57388067802491,223.4638682260124,67.31395927165137,,1043.424597520577,None,E01,0,15,3,192
M010,2024-07-11 16:00:00,73.34168943863824,0.30204854619523896,95.98922660799231,43.50611776592298,220.10692461725463,51.75675623788098,1592.0197616699627,1309.0073914080242,None,E01,1,16,3,192
M010,2024-07-11 17:00:00,77.7669432823071,0.1991524345649926,102.4625349613016,45.555402708721694,211.54490415198808,48.66833192922218,1397.5704706048134,1628.9222296501575,Minor,E00,1,17,3,192
M001,2024-07-11 18:00:00,69.80457452917527,0.30927294193046007,101.56262532026084,44.565307138869805,232.9690451424492,49.84254027151619,1598.6629317725194,1919.959285093779,None,E01,0,18,3,192
M005,2024-07-11 19:00:00,,0.3818885243183345,97.0519804531023,35.63540516923274,224.75226342049564,51.14103879798606,1561.899589767652,1096.8652688982968,Minor,E02,1,19,3,192
M020,2024-07-11 20:00:00,79.08736058648995,0.4048859182608523,92.9496315916835,58.28461094806531,222.64518140719733,52.58281142363399,1532.8493379593303,1989.009375154691,None,E01,0,20,3,192
M009,2024-07-11 21:00:00,58.32786597932786,0.5093577785409941,96.58135930621631,39.21226253769798,224.44016976647515,42.064261164804066,1583.4976883261666,1382.2264204421688,Critical,,1,21,3,192
M004,2024-07-11 22:00:00,75.53610300983004,0.4484828299690117,114.98897426158197,46.55064660820871,205.65686633049333,48.13471846825672,1506.9685826594668,1525.6914236421346,None,E01,1,22,3,192
M008,2024-07-11 23:00:00,69.99669104403868,0.3631545815740606,108.89958290612942,20.275977047539566,216.05456318357108,44.204831118114484,1520.49572726887,773.8492723739259,Major,E02,0,23,3,192
M007,2024-07-12 00:00:00,66.52609125267827,0.28760091726976555,108.16310985025582,42.41790854330023,207.78159567658528,58.236976403816,1313.64870647502,1381.3601233628137,Critical,E00,1,0,4,193
M005,2024-07-12 01:00:00,,0.4636819201943151,93.70829034580149,31.804930039043636,220.99748975833054,34.59465100146791,1673.1718719834216,,Minor,E00,1,1,4,193
M003,2024-07-12 02:00:00,79.36470778085193,0.32420055147716376,,33.25173876360852,222.60729763546985,51.25522414496769,1446.2993896458793,924.2583492816597,None,,1,2,4,193
M020,2024-07-12 03:00:00,78.23486298890509,0.30392899346497765,108.77195372606897,74.06623136360139,221.130710599312,37.85464170030031,1351.5329088147273,157.75625128015562,Major,E00,0,3,4,193
M021,2024-07-12 04:00:00,71.18932181456023,,107.23813808359955,,229.42871322668768,53.457904041807225,,1259.6027935147072,Minor,E02,0,4,4,193
M013,2024-07-12 05:00:00,77.2544457825657,,101.09799181346042,59.712266136586415,208.0211822863812,46.808760766841374,1444.3134768384518,1114.026196821256,Minor,E00,1,5,4,193
M016,2024-07-12 06:00:00,77.20840739067506,0.3174485936180317,97.03568089933232,55.263642999849445,213.60599222103826,35.465643469879645,1403.8517522334128,1737.7011343897075,None,E00,1,6,4,193
M023,2024-07-12 07:00:00,71.475772377041,0.3336824169015109,88.28844276611974,,223.31478399583466,57.53784444996801,1593.3179879948707,984.6753467522356,None,E02,1,7,4,193
M022,2024-07-12 08:00:00,67.84151668807075,0.40114596240684824,106.93920355502802,42.611140060882825,222.11149325798786,29.86890245789523,1616.9031744399288,917.9960583422342,Minor,E00,0,8,4,193
M001,2024-07-12 09:00:00,68.18859581326602,0.32283381654292864,109.48908091972727,64.27682414293837,209.4765541369239,49.74864411679419,1264.8960687053643,731.4315984838037,Minor,E00,1,9,4,193
M024,2024-07-12 10:00:00,77.02712009320882,0.2612778530713039,94.56726057207044,55.16024758291791,229.57223894383444,55.52952407624189,1438.226890815718,947.9664037178916,Critical,E00,1,10,4,193
M002,2024-07-12 11:00:00,71.74711911772386,0.23773594913203097,93.89920319408301,45.496019421627636,232.34577697988064,61.01385370447135,1446.8274356775212,2266.7817587646273,Minor,E02,0,11,4,193
M001,2024-07-12 12:00:00,,,,48.159475493491314,223.40469605821704,37.11874561930857,1479.3425568516818,565.3399228244028,,E00,0,12,4,193
M011,2024-07-12 13:00:00,61.89082298694525,0.3550838097428457,94.86508429685215,43.35921100245002,207.92742881152242,45.871809167243974,1704.7580412698899,665.8836077026145,Minor,E01,1,13,4,193
M019,2024-07-12 14:00:00,76.99098871257827,0.3111981102150782,,45.62687021839652,221.27780196310803,58.669224221128346,1402.3705618693773,1178.2789203295256,None,E04,1,14,4,193
M003,2024-07-12 15:00:00,68.71932946641466,0.317278047765555,99.12758593707431,,222.7227405273285,59.209925623673634,1687.4894566424537,1989.8261213635076,None,,0,15,4,193
M008,2024-07-12 16:00:00,73.98232653393589,0.3771940852959419,96.9075063450668,49.578403574837886,217.82526146905596,60.2459481668094,1482.4548471644428,1496.6181981286852,None,E00,1,16,4,193
M007,2024-07-12 17:00:00,79.43824144241474,,100.36086400970717,65.87968561692557,230.77795702464883,70.49265091341806,1688.6073241031854,1820.9314544781846,None,E00,1,17,4,193
M010,2024-07-12 18:00:00,64.1464531388791,0.2953898791099208,96.90694612508784,30.537430596495174,219.0724907148988,45.9304569541556,1462.6851655626897,1045.979118800321,None,E00,0,18,4,193
M025,2024-07-12 19:00:00,71.72917571692292,0.3562231985350803,109.00969909078145,,236.8363388324519,52.97905528083109,1448.630195834384,643.9580837280926,None,E00,0,19,4,193
M009,2024-07-12 20:00:00,70.97583512268679,0.41707892828037263,107.0864811166031,40.58118619546478,226.2649377162683,47.23308399785861,1497.2835198547805,1020.3137565084277,None,E00,0,20,4,193
M006,2024-07-12 21:00:00,74.27845725376777,0.29567199968619245,108.70485034200665,60.23595777917767,222.20864103969632,34.19908995995317,1655.0700859548322,1150.1186301792643,Major,E00,1,21,4,193
M004,2024-07-12 22:00:00,79.43495999052261,0.3489057519805686,101.4761579255525,40.99865564383009,227.36341907200335,49.279976693179194,1518.997961293748,1204.382916611363,None,E01,0,22,4,193
M005,2024-07-12 23:00:00,64.02328911202555,0.3473403077838633,96.3491640135331,49.953044118483035,232.2470821850541,34.0450840908865,1525.110298474974,1114.4058739724985,Critical,E01,1,23,4,193
M004,2024-07-13 00:00:00,75.4187876922346,0.25820933354695363,99.92748794057813,43.09386901445564,227.1924161395503,45.83337180515699,1576.4037229719543,1436.293804292293,Major,E01,1,0,5,194
M015,2024-07-13 01:00:00,78.1891426499622,,96.5944256674378,24.232894519460892,219.39331986652937,38.25473505578991,1394.4332043648649,915.2332855397145,Major,E00,1,1,5,194
M011,2024-07-13 02:00:00,70.8817376162593,0.3522081275023102,111.73277210546368,,214.72063786194101,53.51085707806545,1540.4025730196388,829.1365784693725,None,E00,1,2,5,194
M013,2024-07-13 03:00:00,71.17531804264127,0.38885589747172405,108.01818979038882,33.686956637736394,211.02314130188174,43.7717897156452,1424.6222315315167,718.1524186382705,None,E02,0,3,5,194
M021,2024-07-13 04:00:00,74.51069621390954,0.2669179467737501,99.26781546514232,,200.47424712117459,35.7183357291443,1676.5518412494794,1282.0105414567715,Minor,E02,0,4,5,194
M015,2024-07-13 05:00:00,74.06890246733873,0.3506979269682857,92.58820034582983,32.37093856589911,221.3938670423799,56.925269305594874,1550.239449630086,1242.3003589342484,,E00,1,5,5,194
M004,2024-07-13 06:00:00,75.49411564420274,0.4467213844559066,112.32671750563054,28.955980182150554,216.8986428950488,45.1699878258985,,1636.5690707395206,None,E00,1,6,5,194
M010,2024-07-13 07:00:00,75.3676831584073,0.49542498823386005,101.0934730843544,42.540721923730416,217.32697168037873,46.54318310053071,1255.280767369469,1818.7960948535554,None,E01,1,7,5,194
M008,2024-07-13 08:00:00,66.10816616630609,0.43960904882801266,98.95866031842613,37.877864855156744,228.23086027466834,42.177941891305686,1584.8078310564767,717.0500774601633,Minor,E00,1,8,5,194
M021,2024-07-13 09:00:00,77.94159898622966,0.267604994604483,112.39722175775167,30.974219744322877,219.10341991494468,59.19260949586224,,1209.4086906732002,Minor,E00,0,9,5,194
M008,2024-07-13 10:00:00,79.00069897314143,0.38157368774305384,95.92040949297545,44.574808623273775,235.1608291859672,52.16415200402143,1327.5410292548036,1117.8572547942485,None,E00,1,10,5,194
M004,2024-07-13 11:00:00,73.11649736214179,0.316179739752722,97.44858478936372,27.217119322826036,215.41520134768646,45.095292284105184,1511.3975211195548,,None,E00,0,11,5,194
M019,2024-07-13 12:00:00,63.035068160702,0.36987304151909445,98.15392841299388,46.50568558097426,212.232390700635,34.687715585189004,1317.8054627519268,988.7327544020673,Minor,E00,1,12,5,194
M011,2024-07-13 13:00:00,71.31152576399946,0.2959448305956153,89.46744662686527,43.472078172030244,209.93890900519528,70.08507361837701,1573.3234296356645,1826.6469764151984,Minor,E00,0,13,5,194
M003,2024-07-13 14:00:00,73.16643526164341,0.23005685907033896,102.52588292340758,20.0,225.78200846158106,65.83493933270657,1672.0765245027685,946.91895265738,Major,E00,0,14,5,194
M018,2024-07-13 15:00:00,,0.3258837932910117,,38.72268116340187,229.21188844664053,61.54481611602249,1285.1317023457698,880.4057011932351,Major,E02,1,15,5,194
M006,2024-07-13 16:00:00,,0.400582188762701,95.43422614151102,50.62092012272104,215.24484082993024,44.374626451729405,1496.4021985495378,1179.1789147635118,Minor,E02,0,16,5,194
M022,2024-07-13 17:00:00,63.54378367464875,0.37015998288316676,94.36451616478669,32.23744938052176,211.48813838298486,45.99242233400577,1480.2131121960133,1564.6763752573195,None,E00,1,17,5,194
M021,2024-07-13 18:00:00,75.64375334991867,0.3782063501940047,95.30343837356845,51.141506333229714,232.24220977648665,53.20532319326005,1261.25148370251,1078.129298631919,None,E00,1,18,5,194
M010,2024-07-13 19:00:00,72.99573188941231,0.36514452260855645,93.28868428787348,50.19215051896293,,42.8491709384203,1609.9804806836773,1251.0746040113884,None,E00,0,19,5,194
M014,2024-07-13 20:00:00,62.12530101111453,,101.97771342095977,32.78734287657354,228.08176142293354,42.08480627591682,1575.0852521884174,286.16030940273464,Minor,E03,1,20,5,194
M015,2024-07-13 21:00:00,74.10878916949189,0.38706582313606913,98.75525526011428,44.85261236032818,215.43214911741725,61.668468492993526,1743.1306139763037,1428.9304368789462,Major,E00,1,21,5,194
M017,2024-07-13 22:00:00,,0.3307722999731767,100.38406510566493,54.89989300017187,223.1767628568815,49.558877117806325,1559.5400906497712,1288.4526367974029,Minor,E03,0,22,5,194
M002,2024-07-13 23:00:00,75.09848569652642,0.3558023392993731,118.83030461169851,34.48293323447381,228.615373778565,41.04104810289189,1394.5200309140585,1553.8721543515614,Minor,E01,0,23,5,194
M009,2024-07-14 00:00:00,69.65080539746744,0.47202808624087833,98.75551055120641,42.53027330902454,223.8100495174994,57.62133869496776,1561.720312696281,452.95006779563624,None,E02,1,0,6,195
M005,2024-07-14 01:00:00,67.19112359554185,0.3599421720300797,104.83958097789093,58.8028694157737,217.63795149768777,45.40881344809189,1654.1768519021862,,Minor,E00,0,1,6,195
M018,2024-07-14 02:00:00,,0.35297944475177423,105.74999679468783,34.70841522288948,231.16877808971296,34.16516356477442,1444.2156170079509,1585.672754058033,None,E01,0,2,6,195
M002,2024-07-14 03:00:00,68.77097870070958,0.35720191550584796,,50.50989942962542,222.31281107943718,,1602.28968042481,977.2252691690363,None,E00,0,3,6,195
M013,2024-07-14 04:00:00,72.11295057948628,0.33474640371786457,102.1903930523603,,,45.86805255720949,1217.410897444906,,Minor,E01,0,4,6,195
M019,2024-07-14 05:00:00,72.88775079254876,0.31952508253954376,100.1655855220994,43.06845716165992,206.35876266139783,51.75967514372416,1677.008040998963,1036.1498982785986,None,E01,0,5,6,195
M024,2024-07-14 06:00:00,70.85568073315139,0.3646074967055802,101.62046716569182,50.36072057488675,206.24058421410948,51.37390094883815,1596.0465595019416,1045.9506928287688,None,E02,1,6,6,195
M008,2024-07-14 07:00:00,69.46008270602088,0.3145999358628594,95.3078656852149,,227.9540845434698,59.82216166766999,1194.6756640766603,1666.8534935432408,None,E01,1,7,6,195
M001,2024-07-14 08:00:00,69.89158039196711,0.3398139549365949,96.04630952336142,38.5881230265764,219.74599067147597,,1545.9187259352755,,None,E04,1,8,6,195
M019,2024-07-14 09:00:00,87.0463487130416,0.29466397054315985,100.1353780262646,50.15198312623654,,46.27477541911208,1261.6195980584528,1179.88964006724,None,E00,0,9,6,195
M001,2024-07-14 10:00:00,67.37564909101074,0.3575608263174022,84.22477084919205,47.710129310380765,211.21295288099125,59.96037312386131,1426.6697992475845,1300.704726241056,Minor,E01,0,10,6,195
M002,2024-07-14 11:00:00,68.65216794872285,0.3908936460923219,111.9685823181226,38.73145938435452,220.43306199371182,57.82960306722122,1581.464167529826,1575.2402756514102,None,E00,1,11,6,195
M025,2024-07-14 12:00:00,91.7631246502089,,117.28686414399303,31.745015933025957,223.6585398489293,48.29233897488229,1483.6768684973927,1151.218159589142,,E00,0,12,6,195
M022,2024-07-14 13:00:00,74.52607981476332,,101.36280207939771,52.54157858633096,,52.33623664784917,1650.7935357081935,1587.5522277473835,None,E00,0,13,6,195
M018,2024-07-14 14:00:00,63.720116004577825,0.391326008083883,105.32375341800804,41.131119149738204,221.85463764674608,46.19742204210954,,1178.1476832275728,None,E00,0,14,6,195
M021,2024-07-14 15:00:00,77.05612322386358,0.3584128689931832,108.64846136040397,51.54416641954806,209.10779055297448,40.70270510379832,1495.506038068324,1247.817096636192,Major,E00,1,15,6,195
M002,2024-07-14 16:00:00,66.53976666479312,0.2804737984990578,89.40264208337385,49.56267762621009,223.15858286518653,67.57788908721298,1631.819373957321,1232.5354592992105,Major,E00,1,16,6,195
M003,2024-07-14 17:00:00,77.45436904683058,0.4041289169626291,107.42622356227538,39.63098057317816,231.56358419496433,45.66489277290077,1459.4884071158622,1462.111081909089,Minor,E00,1,17,6,195
M008,2024-07-14 18:00:00,70.73422632377591,0.2521102359498907,96.5884816445262,57.8707409159358,210.09937628385612,,1496.9800438607917,1416.6926785484056,Minor,E01,0,18,6,195
M001,2024-07-14 19:00:00,69.36122490306356,0.42317853307271275,118.32579383853475,37.86866867956606,209.61637324785727,37.87722040819483,1512.8002830843827,,Major,E00,1,19,6,195
M023,2024-07-14 20:00:00,81.6549898129655,,98.49392344001045,59.28544768982283,,55.891612916637776,1491.8998410120762,1286.8085902182654,,E03,1,20,6,195
M002,2024-07-14 21:00:00,75.39840811595548,0.19117944472358683,107.26545778537329,60.85551036657037,209.474897524831,40.353137935816456,1639.226153996905,1416.264636664419,Minor,E00,0,21,6,195
M014,2024-07-14 22:00:00,77.83793662469525,0.3624830711084266,98.57269655711893,57.6013760938827,226.72480782780073,63.42366865163718,1419.983786944881,1784.69236885408,Minor,E00,1,22,6,195
M022,2024-07-14 23:00:00,74.60951807711967,0.32156653423363446,117.57354205064357,42.83326615960443,220.44278788757146,64.37928048308979,1400.3632400306853,796.5373343367437,Minor,E02,1,23,6,195
M019,2024-07-15 00:00:00,69.3333328572414,0.31102054957238046,95.90119826368876,75.56494973241587,216.6574244573795,54.525112446479554,1372.5983537011732,1415.3786970271117,Major,E02,1,0,0,196
M006,2024-07-15 01:00:00,75.66812652154925,0.2983591966980647,109.32071029861912,46.82213350907092,231.73219862404792,50.91905236325851,1242.9801514101785,,Major,E00,0,1,0,196
M012,2024-07-15 02:00:00,79.25529235610676,0.3410948946398089,105.01342305961558,47.89267774615752,227.4251824673362,48.50067903862785,1678.0490494080648,1276.7429668054901,Minor,,1,2,0,196
M014,2024-07-15 03:00:00,72.80842826110532,0.31603679231830006,103.23447969331329,44.7352638571427,222.23772502633497,49.61964795352561,1391.9056009567641,770.6008847055429,Critical,E02,1,3,0,196
M020,2024-07-15 04:00:00,82.80985562607904,0.220031682976813,101.83205920835817,31.442802275323892,202.77866785164974,53.27388099578427,1471.368568916651,1194.6469737344298,Minor,E03,1,4,0,196
M011,2024-07-15 05:00:00,,0.43904475206740434,94.6638998584251,60.54087884861717,225.69802973120838,50.717960569195355,1686.958331725256,1327.5702523071259,Minor,E04,1,5,0,196
M008,2024-07-15 06:00:00,73.27189529862967,0.3328949640826736,79.31154951652738,38.13115884403274,211.4331205934479,57.85363853851683,1482.9735557101328,811.9493887279848,Minor,E00,1,6,0,196
M020,2024-07-15 07:00:00,73.50891918610691,0.29876454888852155,108.59513686769291,56.03533231244776,218.22894440616074,42.653614994094006,1561.7285307609602,,Major,E00,1,7,0,196
M023,2024-07-15 08:00:00,72.82342277380575,0.2710103422218268,96.08928711724573,58.91463729982251,220.05867254743615,62.224659208613815,1329.5288897309888,,Critical,E00,1,8,0,196
M013,2024-07-15 09:00:00,,0.40395124472170446,109.35680114945623,52.23985656659144,,46.61872991112888,1667.802537188722,1415.0226522655078,Minor,E01,1,9,0,196
M001,2024-07-15 10:00:00,71.45956682514837,0.2591097621632432,102.81358214332532,36.69636868922036,217.97406353640628,44.03296824229291,1485.4082346072194,228.62429559512344,None,E00,1,10,0,196
M013,2024-07-15 11:00:00,73.327118912047,0.35937911113005766,109.60205424816097,40.90706093385381,208.61782531157604,52.90088722745297,1377.8046779938115,1098.006622424753,Minor,E00,1,11,0,196
M023,2024-07-15 12:00:00,69.50348927240083,0.3091445698688493,,20.0,,,1377.71712160181,,None,,1,12,0,196
M025,2024-07-15 13:00:00,74.02606211222817,0.3132206237606367,80.2824385561664,43.60238812360086,225.80585771998577,36.10663925272252,1702.7971043364253,1485.0514058181652,Minor,E00,0,13,0,196
M011,2024-07-15 14:00:00,72.12784494213066,0.272750832831687,104.91916492998398,54.6325222523998,,46.151121704615306,1429.6587512436527,1157.8507873123528,,E00,0,14,0,196
M004,2024-07-15 15:00:00,76.64215134659261,0.3065776397234838,,,231.90734402823347,32.623600206260136,1380.4086628451214,1103.3501656596823,Major,E01,1,15,0,196
M015,2024-07-15 16:00:00,75.97867428639438,0.35061686740548004,109.3200894981454,37.91903649291207,233.78567078906386,44.594343304995654,1448.0316646972976,1426.9772700907272,Minor,E03,1,16,0,196
M021,2024-07-15 17:00:00,73.00291972550905,0.3664718558444295,104.7296599610944,41.427036910686006,212.86612748920373,44.938853819165715,1505.444688100966,1580.2650175009983,None,E03,1,17,0,196
M024,2024-07-15 18:00:00,63.79672265218801,0.2950085263101915,104.82375230372486,59.58439164382822,208.87208197806626,52.379687880452096,1518.2183329581576,1751.8454011428214,Minor,E00,1,18,0,196
M002,2024-07-15 19:00:00,82.74433643208702,0.343634591829381,97.822057634334,44.34761173327844,226.7397539481737,43.6976339501541,1553.3229118522922,683.6746308222797,None,E01,1,19,0,196
M008,2024-07-15 20:00:00,71.14865400857315,0.4121918101679295,92.69915046313767,67.29499411690335,217.90026146554348,,1528.171324716737,,Critical,E03,1,20,0,196
M012,2024-07-15 21:00:00,71.51468127782921,0.2336160010135649,96.53690432823579,38.15119794138332,218.62577597576103,60.43110168154787,1577.6566458156917,322.5872047231606,None,E01,0,21,0,196
M003,2024-07-15 22:00:00,69.94487490780368,,85.60086190775242,47.60678142157516,,66.51353703431556,1467.2704144276531,652.999654565578,Major,E00,1,22,0,196
M023,2024-07-15 23:00:00,69.06953006360678,0.28344512382184783,95.27725012362683,39.79917689247567,224.67117292630127,42.63276457451756,1748.6615391600658,918.3524893442515,Minor,E01,1,23,0,196
M003,2024-07-16 00:00:00,81.26434828800315,0.27631210795184274,88.28672720368453,69.89383696509587,223.21704939048647,58.15405390073352,1441.3871822537349,1546.0047910947214,Minor,,0,0,1,197
M017,2024-07-16 01:00:00,,0.36827080590986705,88.49807356993752,47.15646373571232,218.75601530681703,53.10245834221271,1662.2872525969876,,Critical,E00,1,1,1,197
M023,2024-07-16 02:00:00,74.66636042146602,0.3118323971932708,,70.53691364641418,208.89326201891578,36.0896901373387,1428.118515166278,1084.414080264195,Minor,E00,0,2,1,197
M018,2024-07-16 03:00:00,71.35499907341564,0.264823781163543,104.27239151603169,39.95846934117217,229.6732002304516,,1328.6679246581223,1320.012269163145,Minor,E00,0,3,1,197
M020,2024-07-16 04:00:00,75.71470791008252,0.4426998234448991,,63.330950110260744,222.04563606592725,25.777338354105886,,931.7755053506689,None,E02,0,4,1,197
M007,2024-07-16 05:00:00,72.44278189061623,0.41440626600322805,96.00967602129279,46.416040467281945,228.94274984124993,52.58853027671227,1536.4740899879998,402.12964147578793,None,E00,0,5,1,197
M021,2024-07-16 06:00:00,70.8586624900614,0.21473858305485813,92.4207347020886,55.039867134547166,203.17589981696347,,1639.4350789969183,901.6294113543235,Minor,E00,0,6,1,197
M011,2024-07-16 07:00:00,74.02863552903798,0.24679003103985522,,30.363468265091395,220.45458522370623,51.07141549675176,1361.8774313752583,1151.7106843014628,None,E00,1,7,1,197
M002,2024-07-16 08:00:00,69.35305351832733,,,49.18096739051168,214.26480953066869,70.56761537374852,1394.700663894091,1387.3851212188551,Minor,E01,1,8,1,197
M010,2024-07-16 09:00:00,73.51358558402059,0.3300588316873771,99.4973540630295,32.1705547441116,220.2891782961972,62.74510404997991,1546.335385310968,1117.444409306945,None,E01,0,9,1,197
M009,2024-07-16 10:00:00,73.22532555372982,0.455040225104847,87.82774580736876,48.08515680846035,227.54568452357785,43.86394943082527,1499.6949605995874,1380.7334252873466,,E02,1,10,1,197
M014,2024-07-16 11:00:00,75.61761612754755,0.3931435478978707,105.61054062564583,26.779319363542164,222.959578929573,41.929742250024674,1429.7223255168428,1569.8824348377468,Major,E02,1,11,1,197
M007,2024-07-16 12:00:00,68.28517825514635,0.3709625866697798,95.46375102339447,43.87100376514287,220.14497787269627,60.34385231289048,1346.4885238497561,1648.2249789498833,Major,E01,1,12,1,197
M012,2024-07-16 13:00:00,76.26081811725925,0.2784696115722194,103.01005520225871,58.147344445520446,220.1022434802379,41.96158828708092,1537.0890724805179,1268.923757945271,Critical,E01,1,13,1,197
M011,2024-07-16 14:00:00,66.56213104229697,0.384400820640513,107.09777596504954,51.570646547930465,207.5218785783463,57.9289821363127,1578.351774239878,745.1359866275727,None,E01,1,14,1,197
M009,2024-07-16 15:00:00,68.56460009027256,0.2606965231674673,102.622967055448,30.192599404909387,212.7474555694832,71.88692403673222,1559.0099356068001,,None,,0,15,1,197
M018,2024-07-16 16:00:00,68.82644964512554,0.4413671173387048,,22.219363405954837,228.97030035633344,55.40334582241063,1503.1816310404593,,None,E00,1,16,1,197
M008,2024-07-16 17:00:00,,0.3795497012312769,83.46688589716743,,215.9557053451452,59.47210974626286,1373.315418734231,770.0454347719489,Critical,,1,17,1,197
M020,2024-07-16 18:00:00,78.09397370031398,0.2922618596269685,96.05714669036891,63.97438554430095,229.1233523581594,58.54423992125655,1537.7465545249659,1239.7623261718888,Minor,E02,0,18,1,197
M007,2024-07-16 19:00:00,66.18568514286122,0.406327419969262,108.82461333431267,33.43264755755799,226.61096748384415,45.543213382047384,,1954.9770410612168,Critical,E01,1,19,1,197
M022,2024-07-16 20:00:00,67.80650197555997,0.5069067422395435,104.07383630652977,70.16884893811634,227.03364088294077,52.321524478997695,1342.4141820395973,1284.7621183556982,Major,E00,1,20,1,197
M010,2024-07-16 21:00:00,79.53244626291985,0.33476680301333844,114.7877061244117,44.922080541971994,222.66331511837214,42.348514795771216,1463.7190145246602,1166.402081095903,None,E04,1,21,1,197
M002,2024-07-16 22:00:00,68.5765037888781,0.38852892327839045,113.63504383973614,21.49567759590761,,60.31942512609814,1543.9716406790074,1584.7562513152425,Minor,E03,1,22,1,197
M004,2024-07-16 23:00:00,70.87114388917142,0.31977194762162986,102.39673707560509,,218.79078351878314,41.31898435006539,1490.61115630804,868.5745100861583,Minor,,0,23,1,197
M021,2024-07-17 00:00:00,65.92782599450078,0.35597465523328414,97.98417104892155,54.23938979245695,225.12308720469358,55.60790794625238,1264.735885725325,1616.8139935366517,Minor,E04,1,0,2,198
M022,2024-07-17 01:00:00,76.99770724573611,0.24449358079779865,92.33249029546408,46.554816490020414,202.9950870058459,59.05374413486037,1423.1575421865812,1587.165823785744,Critical,E00,1,1,2,198
M006,2024-07-17 02:00:00,77.0804174651464,0.34996293405458945,96.19353147571802,62.78665158951916,229.95021114102246,46.06686098873192,1415.1748077011307,1223.5988316785965,,E00,0,2,2,198
M016,2024-07-17 03:00:00,76.43367542474068,0.3530504130881428,96.73402473208508,30.622502799621767,215.9990444543962,44.2320354347293,1567.1152626763392,2037.498353699563,Major,E01,0,3,2,198
M015,2024-07-17 04:00:00,75.22517896916366,0.4759298443791324,95.25400646094629,,219.3097267263834,,1811.8060087001086,1646.0924723093929,None,E00,1,4,2,198
M004,2024-07-17 05:00:00,72.44153466611687,0.22434978211076548,92.65329801807162,45.08113273666028,219.37869968364103,42.86054729420736,1516.075824392656,1218.155937989875,Major,E01,1,5,2,198
M012,2024-07-17 06:00:00,68.85373999837209,0.3303381578624554,103.21261270017636,43.28382572331309,219.68133935923316,51.251180756229274,1356.2439138817842,1142.5388215803619,None,E02,0,6,2,198
M018,2024-07-17 07:00:00,67.11018416000387,0.44016820524817246,113.57311742513788,40.40871325623609,209.4908665275345,42.66423886050727,1480.739276900957,1027.2355344601312,Minor,E00,1,7,2,198
M025,2024-07-17 08:00:00,79.73943316057002,0.33307599529408705,107.46605414584207,40.64760749353823,221.2138002694317,,1501.276158894122,1147.7040807520204,Minor,E00,1,8,2,198
M022,2024-07-17 09:00:00,76.58882563035954,0.33800609269105014,97.42063953383742,47.09574989136449,224.75491705600803,54.375223181266854,1590.791447688584,1159.280680910357,Minor,E00,1,9,2,198
M003,2024-07-17 10:00:00,67.84017463679746,0.29167186825824776,108.11223078080567,48.63097233405859,203.64438790883125,54.94046535629121,1649.0546306357016,1072.2038917421196,Critical,E00,1,10,2,198
M006,2024-07-17 11:00:00,,0.28471762338160694,102.77320693471106,48.03087420123892,209.59371393910155,47.65188537874108,1666.9221403541974,1114.4120916963238,Major,E01,1,11,2,198
M011,2024-07-17 12:00:00,70.19930944208993,0.2221902363916793,99.67436519250526,59.471850106885434,227.16692285036638,36.828609855068336,1564.467504415144,723.0028421092428,None,E02,1,12,2,198
M004,2024-07-17 13:00:00,65.2307357657655,0.3059549326649092,99.17501819482077,30.58465785253535,225.67837715278395,59.36688498747189,,,None,E02,0,13,2,198
M015,2024-07-17 14:00:00,73.06590825972782,0.28074514614215135,98.40047889609389,23.25979758594317,222.38992988232621,46.41278907133918,1678.0082406791,561.0963833949157,None,E00,1,14,2,198
M001,2024-07-17 15:00:00,69.50704401456483,0.3582627183559951,105.20852898189816,57.20358065265437,214.5428152378213,66.49852014996767,1458.2997360940528,1365.772995246911,None,E00,1,15,2,198
M003,2024-07-17 16:00:00,66.28478000222589,0.29486322583033875,101.11736065821137,33.6776995090921,225.72490088208053,48.940825025670186,,1232.0235071265088,None,E00,1,16,2,198
M002,2024-07-17 17:00:00,63.125204675149426,0.3164286310466045,94.17261761938408,40.44629017661787,210.37679447315375,51.086219099163785,1470.7875474522964,1150.9654493695948,None,E01,1,17,2,198
M008,2024-07-17 18:00:00,62.61717899876597,0.31834562248596376,93.78518312719719,37.65480432140668,218.90131165626843,46.545988554763774,1244.2449985640405,1554.4934237424227,Major,E00,1,18,2,198
M020,2024-07-17 19:00:00,69.77144323383216,0.3466284372396739,102.44723185025335,37.39785213489873,209.54805650481123,51.947273352673264,1652.6108632181638,854.5825613072391,Critical,E00,1,19,2,198
M005,2024-07-17 20:00:00,71.4894301774505,0.3130034420516611,103.42920972546621,27.500831541300908,218.7039844574276,77.81253884042485,1581.0623050015358,915.668289093089,None,,1,20,2,198
M025,2024-07-17 21:00:00,66.74819513902611,0.27567497370440075,,38.16566894718342,211.75687302102386,47.20824807091125,1215.5988515723486,607.5149888227992,Major,E01,1,21,2,198
M007,2024-07-17 22:00:00,75.90443656594337,0.3560036510763487,90.94395501803004,52.79197334735437,226.04648688648203,60.210628143949535,1620.210489987223,,None,E00,0,22,2,198
M002,2024-07-17 23:00:00,71.60672074930223,0.42472382513852275,110.00772093668105,44.95282272468029,223.46545464628093,,1463.5875234366583,1442.2130364145971,Minor,E00,1,23,2,198
M009,2024-07-18 00:00:00,,,108.3088368762168,51.05408554208297,,59.39034649162152,1618.6255242895058,1731.8346136870598,None,E02,1,0,3,199
M019,2024-07-18 01:00:00,70.90253525887375,0.3073125693232964,84.10098799221201,39.047016030661815,228.72239373178198,34.54490526388065,1509.0948095704125,1833.028184807818,None,E02,1,1,3,199
M003,2024-07-18 02:00:00,,,110.71666338650824,55.83415188938316,212.3494771461148,65.5591045828396,1337.1192902192672,1030.2544014950508,Minor,E00,1,2,3,199
M002,2024-07-18 03:00:00,72.68470542683168,0.20645570607504224,,38.89965749587758,219.71772425225532,52.7282035695145,1503.1624221125298,915.5406706605883,Major,E02,0,3,3,199
M022,2024-07-18 04:00:00,64.42395292789007,0.34024180753227945,101.51989664021714,20.0,215.08142938015152,47.85795809493835,1392.1857089366886,481.8135955145399,Minor,E02,0,4,3,199
M015,2024-07-18 05:00:00,75.23663112381989,0.3219751941636669,109.10578448042102,48.79948551511556,225.93897414435585,57.2264791895565,1353.25379710245,,Major,E02,1,5,3,199
M009,2024-07-18 06:00:00,66.3771047609212,0.28465777493954414,113.22031029303243,54.20861722834417,225.14753964473078,51.151280822104795,1604.043480099468,1070.0376011613466,None,E02,0,6,3,199
M019,2024-07-18 07:00:00,77.5093951592007,0.29735311533676223,108.02292228036424,38.28913185096928,230.41565231580827,,1546.9854719745624,375.62106603661044,Minor,E01,1,7,3,199
M022,2024-07-18 08:00:00,69.96926552254851,0.3212835848922247,101.92824399160448,59.390475208900966,220.66387558861837,30.61376179497787,1679.708253281965,769.0673667471883,None,E02,1,8,3,199
M009,2024-07-18 09:00:00,78.3752010978595,0.4194720793204543,88.99487450957601,34.79169374754204,196.32322593390413,64.60846978859203,1452.6738016680422,,None,E00,0,9,3,199
M015,2024-07-18 10:00:00,65.2642608684701,,83.7901454081221,53.048721754408,216.55305224212572,48.21720300418167,1384.451592378681,1557.3749620950716,None,E00,1,10,3,199
M001,2024-07-18 11:00:00,67.93338179562707,0.2850312386909532,107.02527151219603,65.9373113058858,232.5220776427431,45.09656563705139,1576.6565300031168,913.168193010014,None,E02,0,11,3,199
M008,2024-07-18 12:00:00,74.28560968109143,0.31373458387296244,,45.4407718124586,217.40004286210734,45.718266773340495,,1251.1919021232493,Major,,0,12,3,199
M015,2024-07-18 13:00:00,,0.3155187029897995,93.48284111329562,42.28220296772369,204.65971033233882,61.71575631007129,1462.7766174718686,1945.5032627981693,,E00,1,13,3,199
M005,2024-07-18 14:00:00,81.99965344988954,0.4066681860885087,97.84176028209016,43.73193989431122,,,1563.011452215107,477.58255342614325,Minor,E00,1,14,3,199
M025,2024-07-18 15:00:00,72.24819698208523,0.36018545868421314,95.54187289291636,,224.19247497875875,55.15492486674079,1484.88652388398,1634.3490649985038,None,E01,1,15,3,199
M025,2024-07-18 16:00:00,83.02647378472054,0.3564952903848729,95.32879941208797,49.833390885494126,214.1824081717933,47.322959071723375,1441.3522826248825,,None,E01,1,16,3,199
M007,2024-07-18 17:00:00,70.26201270104741,0.3875383829394833,108.59968947113572,70.73043212662405,218.02600715926246,39.961525462855334,,1706.6124922678011,Minor,,1,17,3,199
M010,2024-07-18 18:00:00,78.59260573417784,0.30825106141123476,101.74698506202914,48.351016655328245,213.22163250301216,57.21027919834128,1612.4269686854743,,,E00,1,18,3,199
M005,2024-07-18 19:00:00,66.34691401824416,0.445472060204784,98.16657350883465,37.15444008115507,224.18055759292892,58.82403639598168,1455.788776863536,934.7190534054663,None,E02,1,19,3,199
M013,2024-07-18 20:00:00,74.52120304117952,0.3498778739805859,121.26016016408298,37.99791677744148,,44.565450284455515,1574.1711544011584,1200.7206560354189,None,E00,0,20,3,199
M004,2024-07-18 21:00:00,57.949841754861325,0.29008612876656603,88.52463280793953,45.739287185915366,210.67379869171137,49.6979434681619,1558.319109619404,615.7826130553723,Critical,E02,1,21,3,199
M010,2024-07-18 22:00:00,65.27045393008126,,104.38328865196628,20.504128608363768,219.9236493822223,,1630.9544455514815,990.825453224712,Minor,E00,0,22,3,199
M014,2024-07-18 23:00:00,74.80006078848459,0.436234982694551,91.60817371862244,39.30012195935247,214.13580502106262,53.56099820516024,1471.7317983045543,1211.6992163532352,None,E00,0,23,3,199
M016,2024-07-19 00:00:00,64.12536688679685,0.3202400504811359,98.74050502404607,39.56642599140278,231.6884855503634,,1458.2737477077094,1321.4347939020506,Minor,E00,1,0,4,200
M015,2024-07-19 01:00:00,74.5616976647351,0.4164690459331382,101.18910707570139,,227.14958186566727,47.40903763812272,,1515.7743928066848,Major,E01,1,1,4,200
M006,2024-07-19 02:00:00,77.43874872487419,0.30622579450599346,106.75676575708073,68.3018186448174,219.02176524858322,47.35964567755827,1434.881903038778,1833.170769662629,None,E02,1,2,4,200
M020,2024-07-19 03:00:00,68.99207884369034,0.29640354122558854,97.91054483871181,45.65779786091015,220.64851323675697,48.59747916188431,1540.9396153045138,1025.7818370907135,None,E01,0,3,4,200
M018,2024-07-19 04:00:00,66.18628226595482,0.3961718187416004,97.06441521762527,,228.11020982350382,42.46228237435378,1401.9534653136739,1657.9073374099116,Critical,E04,1,4,4,200
M019,2024-07-19 05:00:00,69.15488030487157,0.2888219207547981,97.76731921749193,,218.61111688486747,36.22270663477321,1537.8944374648925,1306.9210628778342,Major,E00,1,5,4,200
M012,2024-07-19 06:00:00,66.20512608489489,0.40757781751131866,91.36037850959059,,226.0671401957079,51.07010483018158,1676.0750429776438,677.0331310226998,Minor,E00,0,6,4,200
M023,2024-07-19 07:00:00,71.39271865190449,0.37461381993163445,105.0584784167335,46.115937116144366,231.81908903628278,54.21821476332611,1446.5745310568075,1139.8386254867676,None,E00,1,7,4,200
M010,2024-07-19 08:00:00,72.6125437493285,0.28884842458726856,102.25067496625526,64.493466267751,216.07294347320564,50.01961966214718,1342.2756589096148,1246.3520140566927,None,E01,0,8,4,200
M021,2024-07-19 09:00:00,70.16393926141915,0.3449990079203966,103.4813493705204,56.52092758045649,233.16916080735442,49.49834855853007,1450.391861723954,865.3210697853544,Major,E00,1,9,4,200
M006,2024-07-19 10:00:00,82.04615544112093,0.31158579966083233,99.44365597973535,56.1613856853326,230.84093512404678,42.810160114205374,1329.2808018578,,Minor,E00,1,10,4,200
M007,2024-07-19 11:00:00,67.68357708187814,0.37442835896683413,98.45697632087925,42.39440289416987,221.98847041904742,52.019219535282666,1660.1068243204393,770.3367486262398,None,E01,1,11,4,200
M014,2024-07-19 12:00:00,80.34859907553188,0.48214587714687934,109.4048027058468,,216.44870398485133,51.358873503345926,1510.182160290663,,None,E00,0,12,4,200
M014,2024-07-19 13:00:00,65.75256458212732,0.32405067779788044,108.17429176125613,34.248922485632505,221.88889230469718,53.79913471002863,1412.5855519501627,854.148013333869,None,E02,0,13,4,200
M019,2024-07-19 14:00:00,72.43666541964929,0.3873643391700955,111.3184046894751,,218.04399283297758,52.589407986074264,1432.8172583278165,,Major,E00,1,14,4,200
M008,2024-07-19 15:00:00,79.09863245128841,0.3517108449167261,102.98075481196696,41.61097316211159,213.65782515250305,53.15053063950176,1358.1464311427226,,Minor,E00,0,15,4,200
M022,2024-07-19 16:00:00,78.7881429135199,0.3516840392144226,110.82131275724335,27.624079128473685,224.25820156261614,,1621.3368214348004,1244.508561680081,None,E00,0,16,4,200
M009,2024-07-19 17:00:00,69.4784526137986,0.3384356415487933,96.67133888223668,52.11884040737849,211.81180560539488,54.57757628578752,1720.4635452093119,1411.3257589396073,Minor,E03,1,17,4,200
M014,2024-07-19 18:00:00,75.33041832042807,0.2899807787553912,98.39318571086935,,217.29156328011084,53.84487793551775,1320.7088636600308,,Major,E00,1,18,4,200
M024,2024-07-19 19:00:00,74.52707450198535,0.37345979644977184,,40.12077754420845,217.39678644954213,,1625.1913147131106,1107.2345004274634,Minor,E00,0,19,4,200
M014,2024-07-19 20:00:00,68.76036492844356,0.32978807750564276,,63.753141002921524,209.07792434583246,58.427975012491984,1470.4979115599572,1063.1590852043173,None,E00,1,20,4,200
M018,2024-07-19 21:00:00,75.69569962288844,0.28666399413828914,97.67639674468083,25.128709028141444,225.2677761849243,47.61715923661869,,1169.0488024791996,Critical,E04,1,21,4,200
M023,2024-07-19 22:00:00,83.17495303231424,0.42099212835738087,91.62993411184232,30.638481158683653,,,1279.9406215138151,,None,E00,1,22,4,200
M025,2024-07-19 23:00:00,74.83020399037578,0.35693067358916397,98.36828634406022,43.23928749897434,230.39074648075513,,1527.0473639493925,1429.3524906077657,Minor,E02,1,23,4,200
M013,2024-07-20 00:00:00,75.39813827442403,0.33403307298597323,94.52105246978373,40.55083336886767,218.04277597701386,66.71898820199053,1451.0520627460035,960.008897279334,None,E00,0,0,5,201
M011,2024-07-20 01:00:00,,0.44380396303224084,113.7960278599094,36.99439936728931,216.7472385958067,30.206274306436327,1579.090685492362,598.2191607280635,,E02,1,1,5,201
M005,2024-07-20 02:00:00,,0.22147429251269013,106.08032514815801,46.60413262581868,212.76285828121976,61.90489960423018,1507.3370252666402,1266.0274393689883,Minor,E00,0,2,5,201
M014,2024-07-20 03:00:00,74.76134803923773,0.4390974562610362,93.87261938090587,38.65691450603575,220.31223364823435,53.40128453262666,1502.6707215702222,937.3305656829657,None,E00,1,3,5,201
M023,2024-07-20 04:00:00,65.89944255096884,0.2883868435604648,91.6400723146799,40.69230403436719,220.35742585764547,34.75764966615902,,988.8978458725189,Minor,E04,1,4,5,201
M013,2024-07-20 05:00:00,68.4606783558132,0.3648072777590864,,48.341100844204455,225.93413388186798,66.29117902197923,,1289.3785665620062,Minor,E00,1,5,5,201
M009,2024-07-20 06:00:00,84.97165068713102,0.3088355372115502,95.52939809226933,36.989557410343664,,54.110123892248716,1479.003154166039,1025.9713205639762,Minor,E01,1,6,5,201
M003,2024-07-20 07:00:00,70.48043034204714,0.2853899271683303,98.66639684962244,43.72778206417232,236.75134156443647,31.133468245258218,1603.7139896835724,1322.6863904761428,None,E03,1,7,5,201
M010,2024-07-20 08:00:00,67.55895537423464,0.4419720568177904,108.9163719270471,37.25353144368493,,,1575.4216006773186,2205.1425901750163,None,E00,0,8,5,201
M006,2024-07-20 09:00:00,78.91549547340836,0.4799351597176699,92.26786486917597,30.532554998879643,212.10530412355138,54.27611805761342,1606.657092825217,1474.3376907914153,Critical,E02,1,9,5,201
M025,2024-07-20 10:00:00,66.31393798294575,0.3345142044544245,118.3162979587724,54.16442609608445,211.42818925627503,63.70590278277574,1378.2299464374967,1737.959160769336,None,E00,1,10,5,201
M014,2024-07-20 11:00:00,69.31548513486193,0.3734832291536006,,65.49353329010417,224.2783797507657,46.7260148168063,1584.86076796021,1404.357245472366,Minor,E00,0,11,5,201
M004,2024-07-20 12:00:00,79.494313007917,0.353989387616375,88.7276181512432,57.774863940886995,211.85337508346382,,1540.4243323446233,1230.8471020678405,,E00,0,12,5,201
M002,2024-07-20 13:00:00,72.25660539184776,,113.50643860258776,48.9805929823358,224.75875507632526,61.672164945428534,,,Major,E01,1,13,5,201
M022,2024-07-20 14:00:00,62.630417729240826,0.20207946867825252,110.57004479869565,37.3016586871684,227.16511236005135,53.98561726959658,1474.5125147197743,1390.92325729148,Minor,E00,0,14,5,201
M024,2024-07-20 15:00:00,75.26393768593572,0.3763986408889154,98.54120961794972,41.556975309807115,227.35793740941867,32.13956858664187,1775.3135489513318,1545.1221849608362,Major,E00,1,15,5,201
M020,2024-07-20 16:00:00,69.62120470772095,0.29910115800992465,103.05065852099621,57.68425512560795,213.04650199819463,52.74156915733979,1452.9832272298465,1223.7465637981104,Minor,E01,0,16,5,201
M004,2024-07-20 17:00:00,81.23910891918148,0.18508251849701746,103.25255295281612,,227.37176939958024,53.588531801614245,1455.8820281449403,676.6736978521922,Minor,E00,0,17,5,201
M003,2024-07-20 18:00:00,68.3628783141952,0.3247628931799531,101.09369942994847,40.64087730727379,222.58071390679882,47.402269492777705,1554.0852119097353,612.7434419597245,Critical,E00,1,18,5,201
M005,2024-07-20 19:00:00,78.30735584235556,0.4793634153637387,89.62816369223621,53.809391036931196,215.13703151428336,43.38173791839192,1435.0955356450215,1384.4935377025402,Major,E00,1,19,5,201
M019,2024-07-20 20:00:00,82.65418819419429,0.304076556671972,80.14426253866998,31.340635413785957,,45.122149389358604,1516.8543811814875,749.521941531471,,E00,0,20,5,201
M020,2024-07-20 21:00:00,66.89434065713057,0.40535358545952277,93.24219054141267,50.08065941094644,223.77023807611388,47.397169624077925,1446.1309043608203,1474.5706938395583,Minor,E00,0,21,5,201
M021,2024-07-20 22:00:00,70.84072187545084,0.4339070537944356,114.52923529096758,,214.61719121740487,52.8377633282886,1548.2863333574517,1735.4616431294216,Minor,E00,1,22,5,201
M003,2024-07-20 23:00:00,74.3317516448667,0.3491112238166334,114.84330802181324,27.548010836850096,222.414875619384,56.30687942584452,1492.573537740557,1111.7360596123087,Minor,E03,1,23,5,201
M004,2024-07-21 00:00:00,66.85592548467496,0.3584318932887904,97.90530428406153,,231.56481558831484,32.81734814330396,1734.2391354737429,1684.538490338965,Minor,E01,0,0,6,202
M023,2024-07-21 01:00:00,73.62176968024698,0.22985914654212214,92.33628621981063,37.590656783981764,227.71244904284845,52.04777455057723,1505.5208351403292,1303.575222072403,Major,E04,0,1,6,202
M024,2024-07-21 02:00:00,70.65047827496404,0.2998685295779147,102.22496975783504,,220.65588954811517,53.903571843122755,1473.2866893899345,1210.368014894733,,E02,1,2,6,202
M019,2024-07-21 03:00:00,70.52959457043981,0.4134905337030997,103.5118495637362,53.037464230695164,221.87314086944943,51.353131045842595,1623.5323500181157,1229.138470282247,Minor,E04,1,3,6,202
M003,2024-07-21 04:00:00,72.29363035624867,0.3542475367925947,104.80575615435247,49.78726720527781,215.69549649593472,46.761154242819146,1333.0698637969265,,Minor,E00,1,4,6,202
M002,2024-07-21 05:00:00,72.42758829347139,0.3757139009010577,79.78377053729922,45.87110789091716,215.92082874213068,61.35848312168401,1703.0067047609616,816.5461471844097,None,E00,0,5,6,202
M002,2024-07-21 06:00:00,72.98328461445624,0.35932103057781356,,48.46645526907087,207.7024296359727,60.75522076633395,1381.3823115847752,542.3836267450761,Major,E00,0,6,6,202
M018,2024-07-21 07:00:00,68.4070419272593,0.5034402761007502,109.05979734434906,30.88721893300795,222.00887776098196,47.070299197829314,1643.09371437772,906.7614046671837,Major,E00,0,7,6,202
M022,2024-07-21 08:00:00,68.66896965390148,0.3198636118167979,98.41709037008266,44.630978593641316,225.45998745277402,49.33537608987897,1674.793169161237,2055.7575469641874,,E02,1,8,6,202
M016,2024-07-21 09:00:00,71.28847446705102,,94.25217895871317,35.442201039335934,219.4332521145356,56.17472195433824,1436.9032461503782,602.6537632321288,Minor,E00,0,9,6,202
M007,2024-07-21 10:00:00,71.73145415258523,0.35934522555447124,107.89844555263684,57.3784650418446,212.98140643892606,60.26102395799464,1448.4344503979255,729.3850384798023,Major,E03,1,10,6,202
M019,2024-07-21 11:00:00,69.3669039603203,0.4685939282206558,,53.198857871777285,220.52902780422278,43.475811920839796,1486.8986383154213,877.7640454469474,None,E00,1,11,6,202
M002,2024-07-21 12:00:00,73.9436378525161,0.26425153375192945,100.73717990427609,53.16481620143844,230.73411654247627,,1574.5855665906809,896.5379710476792,Minor,E01,1,12,6,202
M021,2024-07-21 13:00:00,61.11142950794882,0.36292565453416026,103.6666770691265,65.56189866916777,227.18385323388907,52.19329494204957,1380.233023312569,1307.7295560419543,None,E01,1,13,6,202
M023,2024-07-21 14:00:00,67.61720244654629,0.3224419251253571,99.09824316620309,41.040270422395814,219.76420508858953,41.011365492049734,1486.8928600175054,955.2754491580235,Minor,E00,1,14,6,202
M018,2024-07-21 15:00:00,70.32043304278287,0.3597630635095027,103.21489812573842,38.411911773469804,,34.44002005293841,1462.3890277401717,1120.5937507109527,None,E02,1,15,6,202
M022,2024-07-21 16:00:00,66.86330887781637,0.43556633838662895,105.81090280762803,40.75676740491068,241.58973591911894,43.43699247862769,1361.8425087212097,860.1996286365248,None,E01,1,16,6,202
M015,2024-07-21 17:00:00,81.77518808885334,0.37651667237505615,102.74653499265622,25.773163105941553,216.15885908370458,,1374.5994872689398,1009.9110080978518,,E00,0,17,6,202
M012,2024-07-21 18:00:00,72.11317108034972,,102.32737518657535,26.717002549847905,218.03292185463758,62.42888242635596,1515.3896313377243,1176.1301745775932,Minor,E00,0,18,6,202
M009,2024-07-21 19:00:00,73.06061806935541,0.3030845234708238,111.14288106568945,52.45323610761734,225.54665039393294,44.329882694827496,1513.2630424603367,1146.177954300559,None,E01,0,19,6,202
M024,2024-07-21 20:00:00,69.10061575220723,0.29240158797333987,,28.258318428914066,212.6961890629012,49.00586844305459,1408.322733042406,1992.3056468603663,Major,E01,1,20,6,202
M018,2024-07-21 21:00:00,71.90532647776223,0.35112735511960863,93.61694177153255,32.10104921987929,226.79307386766973,,1509.5090433888552,1188.7253271913337,None,E00,0,21,6,202
M005,2024-07-21 22:00:00,64.7084792141836,0.347294347512624,100.21248548784818,,220.81174154769184,44.81120502611847,1422.365668720868,1116.1032964518322,None,E01,0,22,6,202
M024,2024-07-21 23:00:00,70.98109778342956,0.3369898441823065,94.16105933656607,40.053268767148,222.97310791589535,44.18268911462919,1656.8509213394614,,None,,0,23,6,202
M002,2024-07-22 00:00:00,66.37794942842547,0.282895779203052,96.83173969404847,55.6278282935528,215.39649724480805,52.67987960524924,1487.642174009491,1295.970166586979,None,E00,1,0,0,203
M015,2024-07-22 01:00:00,70.33557849146302,0.4339056112896322,110.30193426312036,45.72553566001794,213.69837314442984,40.420547116533044,1631.7041981554155,409.96581651135466,,E00,0,1,0,203
M005,2024-07-22 02:00:00,56.640500602185014,0.32460139595565585,98.8082322083382,35.418375849933604,204.11627627267583,43.86069006485027,1296.8772459722734,1420.678054482085,,E00,1,2,0,203
M017,2024-07-22 03:00:00,65.23198074933885,0.4498254685548877,,56.65959611691695,231.8782471716611,48.37929696205761,1538.731898949717,1256.9669496075076,Minor,E00,1,3,0,203
M011,2024-07-22 04:00:00,80.783558427086,0.35089203556428405,96.61326616532577,53.74549661806539,227.53157154437528,52.5796892966104,1571.529450932345,1519.1588683978653,Minor,E01,1,4,0,203
M011,2024-07-22 05:00:00,76.98238649464525,0.3953900251569831,100.46490539307098,28.068198749113208,225.3868720500728,37.87802737707075,1483.453995669944,946.2284195169825,None,E03,0,5,0,203
M017,2024-07-22 06:00:00,79.91423601549138,0.3890396750074578,100.31751625965062,48.02719973592039,222.78660920703584,48.95346516421729,1435.3375849841957,1210.7919184889479,Minor,E04,0,6,0,203
M019,2024-07-22 07:00:00,80.32632761802554,0.2923007681754403,104.44829953077132,36.41907852497822,201.56617807380167,39.67315413903678,1481.533865860442,1470.3063914141728,Major,E00,0,7,0,203
M010,2024-07-22 08:00:00,76.03792454498686,0.3757042045086742,103.7951085980438,36.10274648639798,213.99119059983934,44.526393620240455,1589.0958210631804,828.1808138454594,Minor,E01,1,8,0,203
M025,2024-07-22 09:00:00,69.28278788772519,0.4849833061126974,98.88939121179212,67.43417593575012,217.9513523709157,56.309013289548034,,1444.0137225388587,Minor,E03,1,9,0,203
M013,2024-07-22 10:00:00,65.77649432240626,0.36761285771702495,90.45568193403653,46.49125666142145,211.34922917993578,49.40923585931336,1584.058776528892,1425.7024626151363,None,E00,0,10,0,203
M005,2024-07-22 11:00:00,78.88046763269818,0.4130893717691772,96.4708859868995,42.38953813783264,,63.35256061736223,1538.2038847284705,1146.0530851197454,None,E00,0,11,0,203
M001,2024-07-22 12:00:00,72.38740784632434,0.39852902912145294,95.01778754702562,46.01941470354745,,,1468.7049045960096,1831.4135348337281,None,E00,0,12,0,203
M006,2024-07-22 13:00:00,86.96413689829144,0.37149347608554906,97.71916957850995,55.49088315395152,220.39314358877925,57.74410258217863,1473.8324813184563,,Major,E00,1,13,0,203
M018,2024-07-22 14:00:00,69.80941214393548,0.36305351024073224,,36.58074628855867,220.3951918521592,56.35819766754156,1507.4232206860652,530.3388095904459,None,E02,1,14,0,203
M014,2024-07-22 15:00:00,83.83737512868288,0.388312089138491,103.23282199651001,38.629800366707975,227.26018267150175,49.894237774547726,1699.0343485985852,1595.4752411900747,Major,E00,1,15,0,203
M009,2024-07-22 16:00:00,71.05924925582546,0.4034297782532929,106.59204570993349,52.880057497755935,236.50543760714385,39.47477876363802,1541.7602933489006,936.7564472329892,Minor,E00,1,16,0,203
M013,2024-07-22 17:00:00,80.0162915835522,0.2553485160064249,96.92733437117765,26.80332851411557,225.48609216078395,49.15899025062883,1386.8769414668554,1519.0725103494638,Minor,E01,1,17,0,203
M021,2024-07-22 18:00:00,82.18015042339474,,112.06688614627787,56.889262090911494,218.595602529143,45.737834536303446,1447.7642203490782,1318.2109049054845,Minor,E02,1,18,0,203
M015,2024-07-22 19:00:00,65.86230043091572,,105.38270810077375,25.737843182117278,234.4026120964935,45.428648428105845,1362.65062047316,143.30324707468876,None,E00,1,19,0,203
M002,2024-07-22 20:00:00,69.09001153025478,0.32259312094438036,100.89787745473566,42.05079829709509,207.3445085765448,51.24656792251138,1273.22540562294,1441.9459664035642,Critical,E01,1,20,0,203
M002,2024-07-22 21:00:00,65.80212464580882,0.4407175065320001,104.82677267502376,25.81400552199193,203.36925521106477,38.403432503405114,1360.5434668110493,1111.337496287243,None,E00,0,21,0,203
M013,2024-07-22 22:00:00,64.62033307045066,0.29867976263553025,94.59391668295174,32.324980056787886,212.90621271788245,43.009247887002815,1514.409163539926,1016.2212133355841,Major,E00,1,22,0,203
M011,2024-07-22 23:00:00,76.0024011031497,0.25236616577829984,83.12996627231664,60.57200230325944,,41.90348372555216,1652.8748936978993,1031.1207949442,None,E00,1,23,0,203
M022,2024-07-23 00:00:00,70.82022977850588,0.4057001357770098,95.14642904744177,57.53349448601665,221.34848201617663,47.966203417860584,,1515.5515423274046,Minor,E02,1,0,1,204
M015,2024-07-23 01:00:00,72.31419793914081,0.2505724300412277,105.97965565793734,58.81586759733725,,43.85470945486789,1361.3687057174952,831.4917013927259,Minor,,0,1,1,204
M019,2024-07-23 02:00:00,75.33743480983968,0.21504398454290052,,27.612140597539135,214.18324371684093,,,1645.3123312320906,None,E00,0,2,1,204
M015,2024-07-23 03:00:00,60.85567899771051,0.41357873829929753,98.90532421857701,,210.06813199607237,51.08370731382533,1387.3579352124164,592.1400206471842,None,E03,1,3,1,204
M009,2024-07-23 04:00:00,79.72059602374233,0.36111055753937416,93.21727943377817,49.07847082597358,210.06793272082206,46.43452102130762,1190.2068665336008,1318.277678685661,Minor,E03,0,4,1,204
M017,2024-07-23 05:00:00,69.90543501996049,0.3830903739158143,84.35339339266771,53.583809882152174,232.40846219801028,50.03845029505551,1479.883085695112,1508.9762054687985,Major,E00,1,5,1,204
M016,2024-07-23 06:00:00,75.19440783742715,0.3190300697654264,111.39876496651833,35.4058357788165,218.85252024999747,,1596.3905945833085,1499.1593290756005,Minor,E00,1,6,1,204
M019,2024-07-23 07:00:00,75.72427703537129,0.2530915707873686,98.33684206550714,38.05294340947294,234.1566567065513,43.37262171148204,1469.7131535580065,1273.631077311333,None,E00,0,7,1,204
M005,2024-07-23 08:00:00,80.22477936458304,0.26699489504676327,,31.423828247296377,212.8798849720363,66.32662757527447,1347.8620138052988,,None,E00,0,8,1,204
M017,2024-07-23 09:00:00,71.3708556733018,0.3309467770398101,94.62682986326502,64.8989434869785,223.92900010582477,44.42076199208111,1398.5822101035485,980.0060207968675,,E00,1,9,1,204
M008,2024-07-23 10:00:00,59.258175245742414,0.26093179994573706,110.03617982101304,39.3005304113578,221.8166612825325,33.14857272855861,1460.5383840501581,711.0318252835187,None,E01,1,10,1,204
M020,2024-07-23 11:00:00,,0.3714937034931957,107.05080649903508,45.37550764335318,227.0374525839919,52.737025702652666,1592.4264019139055,925.7319591785014,Minor,E00,1,11,1,204
M020,2024-07-23 12:00:00,,0.3176279443375907,92.26208428631237,46.00373522667153,222.0363880385122,44.33624795742119,1478.0618445731204,815.448498089799,None,,1,12,1,204
M016,2024-07-23 13:00:00,65.7944348451593,0.3629525233155714,109.31634372034827,58.267445441685716,227.88066714617977,51.95077520170631,1576.189116770784,749.8734912175582,Minor,E01,0,13,1,204
M024,2024-07-23 14:00:00,72.88494392659763,0.3608603689758501,98.83943664862986,33.57040122441109,224.43358090007837,49.28372005900925,,1921.484192817618,None,E00,1,14,1,204
M014,2024-07-23 15:00:00,69.83388939164224,0.3770759688097169,95.11566249610217,59.019130010713845,211.26982488067964,54.39900992077088,1528.414677723794,512.2290990393954,Critical,E00,1,15,1,204
M001,2024-07-23 16:00:00,63.94347630430494,0.38496377691022987,97.6511009056196,29.655351412539705,225.86171811541914,,1387.1797037765762,1650.2038788522527,Minor,E01,1,16,1,204
M016,2024-07-23 17:00:00,76.0289093700557,0.3259269586454528,93.73362199588082,58.98864309333268,219.1752077540613,48.187581893053256,1417.698623553736,,None,E00,0,17,1,204
M020,2024-07-23 18:00:00,68.61764909461323,0.3628778486643681,89.43298317800968,24.41640497874304,213.78624336672405,59.183363422931826,1349.3028400930107,791.1494471460989,Minor,,0,18,1,204
M003,2024-07-23 19:00:00,69.56172471157758,0.3665205689894122,106.20904772406871,43.745332177582746,225.5518222136065,32.25486262519266,1572.1986496044542,784.6097444181817,None,E00,0,19,1,204
M003,2024-07-23 20:00:00,69.2245269162775,0.1799776783634644,98.23436112774826,64.50524666043472,227.37246838245778,39.39609825407063,1465.0577844207453,755.8096969867554,Critical,E00,0,20,1,204
M007,2024-07-23 21:00:00,79.41287158478488,0.3952568022101643,104.93767626916217,,216.13147868553065,43.39924061672324,1068.2843139961424,1569.14200509963,None,E00,1,21,1,204
M022,2024-07-23 22:00:00,71.75450302935964,0.36049595373541754,102.29770664903637,50.05490746369499,217.19548065357318,36.45724873273493,1557.7385300877431,1435.3467492743398,Major,E01,1,22,1,204
M014,2024-07-23 23:00:00,72.47459892327493,0.38948342056704993,104.38832889082592,32.41901830050993,208.90303758945603,46.164905379281095,1616.8969531080327,1106.9603472694087,Major,E00,1,23,1,204
M025,2024-07-24 00:00:00,69.35618307368162,,83.63210555674331,36.18238506997971,205.56218297730584,45.375361342054376,1402.5947348156403,2282.9428484181226,None,E02,1,0,2,205
M022,2024-07-24 01:00:00,74.77720093352943,0.32789587773863244,93.06591800514386,61.132749852373905,218.06153362367178,57.79760137430945,1557.6341958851833,1193.309297741974,Critical,E03,1,1,2,205
M014,2024-07-24 02:00:00,80.09590829070403,0.27359293804040935,104.55491804321478,50.66807389508377,226.33643585718036,49.29382400369271,1474.8326742586835,1223.950491695083,Critical,E00,1,2,2,205
M017,2024-07-24 03:00:00,75.88716490491903,0.40212209633490126,,55.68299096400677,215.4138744447458,,1245.861543676173,925.7448730313332,Major,E00,0,3,2,205
M009,2024-07-24 04:00:00,76.12120176800914,0.2516418420552054,102.98452067049786,45.88552574976889,231.42234931104127,46.96129178621681,1734.3561119698118,878.1065603736896,Minor,E00,0,4,2,205
M003,2024-07-24 05:00:00,75.63738123530608,0.2849941652654375,88.8743633598514,,218.35940806534535,41.58403317264243,1475.5536444061886,986.7546849480854,Minor,E03,1,5,2,205
M010,2024-07-24 06:00:00,63.71854414013302,,,54.19993956570518,218.39192539901185,,1524.1698980104877,1540.6916933918787,None,E00,1,6,2,205
M015,2024-07-24 07:00:00,66.74328700980517,0.30594378274059264,112.87992315148846,48.112236413471635,,59.68061578413868,1425.049078949393,1428.4489283125652,Critical,E00,0,7,2,205
M005,2024-07-24 08:00:00,70.77007563840525,0.2850126540247659,,42.960479986943476,227.8527405903815,40.30267199469074,1464.5363794624748,1716.2407538442674,None,E00,0,8,2,205
M006,2024-07-24 09:00:00,67.64481574504065,0.4134703600678128,85.19407242047413,,212.3287154375706,62.96044682805307,1519.3994883202583,,Major,E00,1,9,2,205
M001,2024-07-24 10:00:00,65.61277785146402,0.41633982296143074,106.78697123452947,,218.9683186613953,44.63213934829324,1374.8952418362442,,Major,E00,0,10,2,205
M019,2024-07-24 11:00:00,60.766945554776555,,114.57790581383667,50.28031573967261,,43.9798670464607,1703.275765564001,1322.2032691432505,Critical,E00,1,11,2,205
M023,2024-07-24 12:00:00,63.92082472119515,0.4094096771758205,122.37612808129391,37.724855410225764,215.5074556932666,53.78234937360328,1600.577610953288,,Major,E01,0,12,2,205
M021,2024-07-24 13:00:00,70.4608466559444,0.333789450474336,103.80060589974951,59.15103280953661,220.28123475582666,54.49635312027549,1562.0194247279492,854.4897452818249,Major,E00,0,13,2,205
M010,2024-07-24 14:00:00,71.5834417990867,,89.08464060891716,47.925749988799495,219.09341367374338,49.42988699857356,,784.506806982823,Major,E02,0,14,2,205
M015,2024-07-24 15:00:00,67.24167734321655,0.3046343105026478,103.47742382419544,48.160786069140926,228.41337038923217,47.22972205345434,1408.6537537829283,1415.6553134816272,Minor,E00,1,15,2,205
M025,2024-07-24 16:00:00,72.47355127609936,0.3617410417401184,112.76826878673171,55.60674691493802,219.91380639840108,59.37882306370482,1623.6107535894832,1549.1364093906573,None,E00,1,16,2,205
M015,2024-07-24 17:00:00,69.39699815454975,0.31304711708719063,98.50329456199758,53.02447944366359,224.4400459598587,45.013605817143784,1573.2832093921254,952.6775734294081,Critical,E02,1,17,2,205
M008,2024-07-24 18:00:00,78.5434415242431,,108.34487138306046,48.52409374957014,,49.44984748802885,1452.069310544004,1443.6140764022919,Minor,E01,1,18,2,205
M009,2024-07-24 19:00:00,71.03024541585097,0.39199303037880295,93.2831760089785,42.73697935746004,231.2300720016757,63.550299760084286,1369.8573461969593,1679.7498045205484,,E01,0,19,2,205
M019,2024-07-24 20:00:00,76.1779852884103,0.43291774718600656,102.97882602501481,,217.58092024997572,39.3033338643158,1310.891679604142,1055.2808893774245,None,E00,1,20,2,205
M012,2024-07-24 21:00:00,73.21928257376815,0.3778782177989066,80.08336387863898,36.19439014963183,217.6034288514599,46.33080378340892,,624.4749489640928,Minor,E01,1,21,2,205
M021,2024-07-24 22:00:00,63.58757376453567,0.47560211056697976,92.39731694530626,53.95166206792896,225.9603087022119,58.20108209460427,1470.1291030016127,674.4837611554932,,E02,1,22,2,205
M022,2024-07-24 23:00:00,71.45605094557695,0.3006139099577076,99.95103482174515,43.99369000353208,217.47197726512707,54.22400033220011,1642.274944505205,929.3909171429916,Critical,E04,1,23,2,205
M001,2024-07-25 00:00:00,64.5862554040279,0.22134177525535187,97.09314615538851,50.45656352955805,223.9871334779484,57.152140719245075,1619.0645430858895,1021.5944629983217,None,E01,0,0,3,206
M019,2024-07-25 01:00:00,71.35127497069847,0.4000239522712688,89.59506004579403,59.80107982044328,238.70331524429443,39.416925501829255,1504.667316705895,1185.5444735737194,Minor,E00,1,1,3,206
M010,2024-07-25 02:00:00,67.52921509661587,0.2959716513147288,96.00275041532035,41.2610588763745,212.1683786984007,52.56892014808729,1490.2656362462264,1193.6727018414622,None,E02,0,2,3,206
M013,2024-07-25 03:00:00,74.29177820090885,,102.63724038774397,52.22203610560397,232.2533637311069,47.71834647208898,,1091.0556177257354,Minor,E00,1,3,3,206
M007,2024-07-25 04:00:00,63.945873975202794,,99.31017930311825,48.186687366117276,216.06234697351613,68.17933575734703,1627.3173009729924,1471.6939916690033,Minor,E00,0,4,3,206
M010,2024-07-25 05:00:00,72.08821095167663,0.2870552826857921,,37.30438206866019,230.70142928808602,56.47502244868017,1493.192412893386,895.6905509004914,None,E01,1,5,3,206
M009,2024-07-25 06:00:00,75.43449349537916,0.24484408083945344,105.85575042468591,60.097187984630494,225.48836684180603,49.82145110663965,1572.6337176803052,,Minor,E00,1,6,3,206
M002,2024-07-25 07:00:00,77.44557341585397,0.3195987715605787,97.25469839413402,53.53425354808669,224.80262127452409,52.28718797269303,1641.2164945710608,1576.02634718281,Major,E00,1,7,3,206
M020,2024-07-25 08:00:00,67.41499345269466,0.3223813954281935,110.87342306441532,39.78540082185998,218.79229482271103,50.4343020341135,1432.127090135728,1546.7228488439778,Major,E00,1,8,3,206
M004,2024-07-25 09:00:00,,0.3562972288083746,92.0858314711887,58.243125326856955,217.99597384541462,55.592120062444685,1400.6501159077454,936.1979069915815,Major,E00,1,9,3,206
M010,2024-07-25 10:00:00,73.10488183746943,0.43678060750486225,115.42402042447615,35.02296419912361,214.22393935966744,43.14959540618118,1796.2446806337,1153.4306851469107,None,E02,0,10,3,206
M005,2024-07-25 11:00:00,81.28275767725661,0.3973834385428473,108.9043090439541,44.65278884537841,220.05020833197182,60.92173871867185,1571.3362537290593,1489.1373761191207,Minor,E01,1,11,3,206
M005,2024-07-25 12:00:00,63.11201963549918,0.2364481254652663,97.15201775590222,39.84931398532662,218.5287084298878,,1466.5681848602908,1120.0343296151634,Minor,E02,0,12,3,206
M010,2024-07-25 13:00:00,,0.39256108049289995,97.68545036615136,54.01574386823989,221.5281460248967,51.64035060432756,1648.7874904322869,920.3400293079407,Major,,1,13,3,206
M023,2024-07-25 14:00:00,88.82677495641649,0.35782282882090216,101.65388473289389,39.24379973360241,208.71475918769625,43.4057615970752,1463.009166549814,,Major,E00,0,14,3,206
M024,2024-07-25 15:00:00,70.36141629626415,0.3431521497574731,104.78936743897582,54.10179740353253,220.18116095860438,,1539.058246103059,923.7766549092826,Minor,E01,1,15,3,206
M010,2024-07-25 16:00:00,60.65403714058035,0.3484110329043942,108.75638620186766,52.13352171106842,230.101223884782,57.90414995176451,1431.8120081282,735.6253159132071,Major,E00,1,16,3,206
M013,2024-07-25 17:00:00,68.504699139911,0.36431866996603784,89.27527001587933,40.497010231041926,,36.301236632726884,1497.9635394887612,2348.1415250127216,,E02,1,17,3,206
M025,2024-07-25 18:00:00,55.38676067121383,0.3015679246290504,103.49954097648998,66.95661109747563,220.18401421125338,48.64417350087217,,419.07231622871836,Minor,E01,0,18,3,206
M006,2024-07-25 19:00:00,73.44552427473693,0.3372354399732751,83.06788598029829,36.057184203318414,240.49934481779988,38.48194404351629,1409.7742898236568,807.6837791917205,None,E04,1,19,3,206
M024,2024-07-25 20:00:00,76.85870856166932,0.43287573867242835,98.58159611331614,28.09183096731887,215.38117356063475,47.76494010479186,,1438.4093195721352,Major,E02,1,20,3,206
M003,2024-07-25 21:00:00,66.53002574298748,0.3007265950902126,111.63130003029967,55.27318964002427,219.3066236574509,38.46085456956463,1423.3685782284776,927.4396855431862,Minor,,1,21,3,206
M006,2024-07-25 22:00:00,69.17565646649096,0.2779078416677433,88.65912774225201,20.0,208.39588002423883,51.29428574872683,1569.1184449614277,1059.3151240621112,Minor,E01,0,22,3,206
M009,2024-07-25 23:00:00,77.54192493221348,0.3456804856488304,87.20609771174671,62.901801915967674,216.7709175071258,46.59064080027151,1463.454688562313,1358.0756297620344,None,E00,0,23,3,206
M001,2024-07-26 00:00:00,,0.27086034802705566,,,234.30251303493586,55.976980302291764,1293.5880589659944,1612.941589507409,None,,1,0,4,207
M021,2024-07-26 01:00:00,64.07057272680272,0.22940518149819628,,27.876179102337144,217.0761505422438,59.828464888047954,1574.5017709088531,1090.6322863237765,Major,E00,1,1,4,207
M022,2024-07-26 02:00:00,,0.3258872976047628,102.60316360868258,33.618425970271545,207.7773504547518,50.08518486756,,1568.8112236268234,None,E00,1,2,4,207
M010,2024-07-26 03:00:00,67.48599097519909,0.45140353191947463,,25.390935893819837,226.9759910663571,57.14923988338368,1770.4262407062236,521.0319396085117,Minor,E02,0,3,4,207
M021,2024-07-26 04:00:00,70.23679861515848,0.34729771328861747,86.5349726956298,49.59459543244251,223.11368193767024,61.05966914770659,1502.1266203627642,957.6093053309723,Minor,E00,1,4,4,207
M020,2024-07-26 05:00:00,64.41749808356087,0.3625003966113749,,29.077029948092903,,42.62317550183892,1521.998599041269,1397.9275644430304,None,E00,1,5,4,207
M021,2024-07-26 06:00:00,,0.2008896149294212,90.56606064563385,51.02506836835138,217.62359137405704,61.479884525039985,1557.430798979755,1989.2762477472074,Minor,E00,0,6,4,207
M021,2024-07-26 07:00:00,71.10460148892007,0.3806687844708663,101.09349035124525,41.34211018255711,211.94300908318115,49.704487016394516,1622.3642575122074,813.8432685644931,,E00,0,7,4,207
M015,2024-07-26 08:00:00,75.2951429653982,0.3565356102916854,101.56796090613551,39.29563031745487,218.53101357518221,42.17298657694495,1614.863920786749,743.4231080233733,None,E00,0,8,4,207
M003,2024-07-26 09:00:00,73.20239700288175,0.3034559620372452,96.08193991473831,51.11215160233912,224.43875989107642,52.387699102858974,1538.2542459446722,1336.5608287734058,Critical,E01,1,9,4,207
M024,2024-07-26 10:00:00,73.24014043497614,0.36260353299816617,114.5180343515905,52.4821359555371,219.42138447938632,49.42323893775736,1496.042963685748,1221.272359884014,Minor,,0,10,4,207
M016,2024-07-26 11:00:00,63.322155872819316,,104.72373763947434,58.749634464545466,223.10364138625732,,1601.1194185153072,912.6268070305983,Critical,E00,1,11,4,207
M023,2024-07-26 12:00:00,74.95554930986923,0.2758358450149445,109.69272703035341,37.39465996523258,215.70545369725943,41.19160401353892,1491.0480831705986,713.3247463638041,Minor,E00,1,12,4,207
M024,2024-07-26 13:00:00,70.01480158917335,0.37322976087459364,107.36465406617297,44.64228644806884,223.40077223144803,63.09851464479955,1345.299833948993,994.4429282608152,Major,E00,1,13,4,207
M005,2024-07-26 14:00:00,71.0004101541023,0.4337994795769008,98.79941150440106,37.37607440962307,219.97588849631788,52.22859885179009,1319.8530174359394,,None,E03,1,14,4,207
M011,2024-07-26 15:00:00,78.28958625834485,0.3340440967168538,98.44442198928522,46.95584970656153,214.35300867048102,61.85435397721155,1464.8082248635264,1066.719609908674,None,E00,0,15,4,207
M005,2024-07-26 16:00:00,67.68338666089863,0.28926840582940244,97.61903970536983,35.660523776758424,221.1196012407214,46.66741486595962,,1668.4649338671004,None,E00,0,16,4,207
M002,2024-07-26 17:00:00,80.107105970754,0.337569395113879,105.44881802000195,39.91083923399379,216.906462832442,43.58696791673138,1796.643508832614,1145.591102527712,None,E00,1,17,4,207
M025,2024-07-26 18:00:00,80.66685179623856,0.40982292365451,94.79707858102509,39.97199388274725,224.93731574302822,36.53348333484214,,1440.6019908397393,Critical,E00,1,18,4,207
M024,2024-07-26 19:00:00,76.51670662418623,0.2641576812491909,113.80026353627655,48.520331328326535,226.98525528985823,57.74381529070148,1505.5920654682398,1311.389536309524,Minor,E00,0,19,4,207
M024,2024-07-26 20:00:00,66.11627513539547,0.39049907811489265,94.03304557062086,45.03545960681494,224.0123023324163,53.28505825183668,1451.4800581313802,1038.5330733792432,Minor,E01,1,20,4,207
M023,2024-07-26 21:00:00,58.88224052623841,0.3025389879035663,101.71580057837623,51.075619269224646,206.92010070767373,46.739638226122295,1574.25671311751,1533.2470993201791,Minor,E00,0,21,4,207
M017,2024-07-26 22:00:00,78.47300948555964,0.3669444156965816,,,212.28183396989846,43.65872352387146,1533.6411688371186,713.0859169879279,None,E01,1,22,4,207
M014,2024-07-26 23:00:00,72.66831036798648,0.3104968107468105,96.39365348490779,38.04296799828639,214.9073850684778,59.01495675227689,1423.399612653926,978.5718257870583,Critical,E00,1,23,4,207
M025,2024-07-27 00:00:00,67.52881517507123,0.3103088131442907,117.3787748197089,47.295394767089675,,48.58175095458814,1378.6247383526456,1034.4434392987466,Minor,E00,1,0,5,208
M014,2024-07-27 01:00:00,79.04137406253362,0.4566166441364533,96.4875652687003,33.99379267930995,215.65722420004016,48.66775827619551,1451.7159761735904,1352.615475070519,None,,1,1,5,208
M017,2024-07-27 02:00:00,66.83064671473315,0.25136393866265555,97.56223055206058,51.82989378935224,227.40198779254,45.193834436061024,1398.795471067034,1452.3310807300043,Minor,,1,2,5,208
M006,2024-07-27 03:00:00,69.45506845061435,0.38397563242818805,94.68693121235287,41.5744177444219,225.58923550831102,46.7403240580349,1472.26068356237,,None,E00,1,3,5,208
M019,2024-07-27 04:00:00,75.14934218590196,0.47119270876449004,100.32832492551138,47.45423291639442,216.60918936210697,54.40098267560451,,817.5617003398652,Minor,E00,1,4,5,208
M021,2024-07-27 05:00:00,65.31838301031074,0.3979865348530976,99.18954906125845,47.64028805934314,224.73434927993318,38.668478163044526,1439.8567773461782,1231.4296969241425,Minor,E01,1,5,5,208
M017,2024-07-27 06:00:00,71.3431145423576,0.2568232086672572,91.04597495436556,64.21854581262647,222.63073641972386,50.645897997352066,1674.5398660895182,584.9405526768924,Critical,E02,1,6,5,208
M013,2024-07-27 07:00:00,78.53482310348016,,96.60504108521874,49.57900441875336,219.73712951196916,57.64468047072405,1639.127375464172,1603.1343164167674,Critical,E02,1,7,5,208
